model,stage,sequence_id,category,center_idx,pc1_alignment_with_chord,pc1_monotonicity_violations,pc1_variance_ratio,decision_axis_magnitude,test1_pass,decision_axis_monotonic,decision_axis_variance,orthogonal_variance_mean,orthogonal_variance_peak_frame,orthogonal_variance_center_spearman,orthogonal_variance_center_p_value,orthogonal_variance_shows_correct_peak,test2_pass,nn_order_perfect_match,nn_order_lis_ratio,test3_pass,mean_curvature_radians,max_curvature_radians,std_curvature_radians,curvature_peak_distance_to_center,curvature_center_spearman,curvature_center_p_value,curvature_peaks_near_center,mean_smoothness,max_smoothness,test4_pass,original_dimension,effective_dim_90pct,effective_dim_95pct,effective_dim_99pct,compression_ratio_95pct,variance_by_top_10_pcs,is_low_dimensional,test5_pass
llava,vision,NExTVideo_0089_3066966990,Compositional,7,0.8703938698698955,1,0.3379254642240129,3.5026010389024544,0,False,0.7694902118071216,13.313991386034223,4,-0.5596356443853063,0.0925316096694495,False,0,True,1.0,1,1.827907194950348,1.9897850983475456,0.09499413434435708,4.5,-0.203596464525254,0.6286746732890387,False,2.874987255391675,3.164588351001785,0,1024,7,8,9,128.0,1.0,True,1
llava,projector,NExTVideo_0089_3066966990,Compositional,7,0.799971107197669,4,0.3611503822136501,3.311969568604128,0,False,0.8062015385818547,122.94418468732071,4,-0.42073952899018185,0.22598197553938945,False,0,False,0.8,1,1.8746502672012793,2.324704738189453,0.25803091189686056,3.5,0.37126414119311024,0.3652020580197782,False,3.0266171172154275,4.3171309554909305,0,4096,6,8,9,512.0,1.0,True,1
llava,hidden,NExTVideo_0089_3066966990,Compositional,7,0.936831430926714,1,0.6185723886559386,10.191326085885999,1,False,10.897705947593384,8.941105790801886,6,-0.5609860386535758,0.09157776087006571,True,1,True,1.0,1,1.6997653925863032,1.9823259858804947,0.16082079625295323,5.5,-0.05988131309566295,0.8879906501125185,False,5.6487227126002,7.342593189073902,0,4096,4,6,8,682.6666666666666,1.0,True,1
llava,vision,NExTVideo_0089_6868234420,Semantic,4,0.5568151822870403,4,0.41377723165600166,1.882982401590651,0,False,0.2671311024620183,6.702737506119914,2,-0.5583242384172624,0.09346396626964013,False,0,False,0.8,1,1.9361130748526607,2.1129513675469975,0.10436449479672792,0.5,0.0,1.0,True,2.1406155953078576,2.4700451801934387,1,1024,7,8,9,128.0,1.0,True,1
llava,projector,NExTVideo_0089_6868234420,Semantic,4,0.3688543359952991,4,0.6117381442294457,1.6596864631070136,0,False,0.2775682793203423,14.805520168961474,2,-0.5337825136516684,0.11202516929143758,False,0,False,0.5,0,1.7473750307600175,2.0644942521200895,0.21166904785414073,2.5,0.2439750182371333,0.560375584963329,False,1.9872458704510951,2.247876092540537,0,4096,6,7,9,585.1428571428571,1.0000000000000002,True,1
llava,hidden,NExTVideo_0089_6868234420,Semantic,4,0.9561608817785483,2,0.8003447719776616,3.4741763238026215,0,False,2.153177222218788,2.959784636012312,1,-0.47856363292908205,0.1617476342499189,False,0,True,1.0,1,1.818049298275668,2.208277433312351,0.24478889502015205,3.5,0.6831300510639733,0.06183472987214335,False,2.031025957473906,2.4165111917905335,0,4096,4,6,8,682.6666666666666,1.0000000000000002,True,1
llava,vision,NExTVideo_0090_5329653093,Semantic,5,0.8086784967468159,3,0.3516732683655887,3.80526050397673,0,False,1.0949569508488917,130.92933334181456,1,-0.08589603667957883,0.8134826260277104,False,0,False,0.8,1,1.9354070368783587,2.2745728710761712,0.19372868660058845,2.5,0.3152036192297668,0.44697209677347505,False,4.122539314672256,5.384969540643741,0,1024,7,8,9,128.0,1.0,True,1
llava,projector,NExTVideo_0090_5329653093,Semantic,5,0.8654604541575408,4,0.5538708171366119,4.268250551704001,0,False,1.9683315130753727,469.5694240268698,1,-0.3374487155269168,0.34030016731737633,False,0,False,0.5,0,1.9410592246156226,2.3998460123084615,0.2608580296707934,2.5,0.121232161242218,0.7749070997119826,False,4.296166211063426,5.969722766661117,0,4096,6,7,9,585.1428571428571,0.9999999999999999,True,1
llava,hidden,NExTVideo_0090_5329653093,Semantic,5,0.7548401754249028,3,0.22355728716693238,0.10906201223767252,0,False,0.0008085159695145186,0.003770672312975088,3,-0.3374487155269168,0.34030016731737633,False,0,False,0.6,1,2.025161081173429,2.410696112176916,0.21825612825311377,2.5,0.3758196998508757,0.35887779967800476,False,0.1563334666357027,0.22458705543505295,0,4096,7,8,9,512.0,1.0000000000000002,True,1
llava,vision,NExTVideo_0090_7001183247,Compositional,3,0.9311011781597616,3,0.46290196676304046,5.313328067816365,0,False,3.0587741040268703,92.13345710415366,5,-0.6666947244376294,0.03525468046844947,False,0,False,0.7,1,1.8241102689194895,1.9444826228156935,0.09229167056659877,2.5,0.5091750772173156,0.19747302644349035,False,4.762150025192554,5.326353611082855,0,1024,6,7,9,146.28571428571428,1.0,True,1
llava,projector,NExTVideo_0090_7001183247,Compositional,3,0.9761272122628364,3,0.6296646040443478,7.091401639464727,0,False,5.882463895382598,128.5104152612008,5,-0.752325239503013,0.01205700503627184,False,0,False,0.7,1,1.844006646119271,2.1115388208646992,0.21867293662889717,0.5,0.303080403105545,0.465565587468576,True,5.083375752963992,6.453382904283675,1,4096,5,7,9,585.1428571428571,1.0,True,1
llava,hidden,NExTVideo_0090_7001183247,Compositional,3,0.8638725514249925,3,0.36383471506165077,0.4087759906706108,0,False,0.01970983500436573,0.16319823556556584,4,-0.8196063584829573,0.0037035297003364456,True,1,False,0.8,1,1.9065451036003314,1.989158729887043,0.06893372937406815,4.5,0.363696483726654,0.37581778408044225,False,0.498028340287089,0.5799185479617763,0,4096,6,7,9,585.1428571428571,0.9999999999999997,True,1
llava,vision,NExTVideo_1009_4738042036,Semantic,5,0.8380771144085155,2,0.3841398438327798,3.0902401815236837,0,False,0.8207656629881835,27.53868595210945,2,-0.08589603667957883,0.8134826260277104,False,0,False,0.7,1,1.8420537967948367,2.093402432862011,0.1721083497865743,2.5,0.6425304545837554,0.08576991370796118,False,3.036064379295177,3.6665730886120906,0,1024,6,7,9,146.28571428571428,1.0,True,1
llava,projector,NExTVideo_1009_4738042036,Semantic,5,0.8900231963447689,3,0.4638035546990439,3.2357035331315536,0,False,1.0330768787418345,98.80230629985124,2,-0.5215116512688716,0.12211083031892074,False,0,False,0.9,1,1.8227305318165705,2.093529361764123,0.25889494574711003,2.5,0.2545875386086578,0.54287360327434,False,2.9172655255086677,3.4978468955152477,0,4096,6,7,9,585.1428571428571,1.0,True,1
llava,hidden,NExTVideo_1009_4738042036,Semantic,5,0.9878403370332738,3,0.9410589534469965,16.313001880491218,0,False,58.80686991161714,6.495928733677954,4,-0.7607934677334125,0.010608274380412912,True,1,False,0.9,1,1.4798566672484679,2.4305486157089398,0.48847539711562893,3.5,0.242464322484436,0.5628829267771582,False,5.179654647352066,9.257267907657265,0,4096,1,2,5,2048.0,0.9999999999999998,True,1
llava,vision,NExTVideo_1203_3339687949,Geometric,5,0.8949462956081126,3,0.3494808622719825,2.447675750938115,0,False,0.42318161924464837,88.20340118438033,8,-0.23928181646454103,0.5055248490013543,False,0,False,0.6,1,2.0004082854291796,2.125694766797275,0.08542335276286744,1.5,-0.4606822127204283,0.25065193511929695,True,2.4060559552906096,2.6498841421965396,1,1024,7,8,9,128.0,1.0000000000000002,True,1
llava,projector,NExTVideo_1203_3339687949,Geometric,5,0.9529205558926366,3,0.47920660452374025,2.774351482983141,0,False,0.6418295057051611,169.89468961963496,8,-0.12270862382796978,0.7355802870269528,False,0,False,0.7,1,2.079907603170568,2.3231441667035795,0.17349244531808666,0.5,-0.3152036192297668,0.44697209677347505,True,2.494136745966107,3.0581052399482056,1,4096,6,8,9,512.0,1.0,True,1
llava,hidden,NExTVideo_1203_3339687949,Geometric,5,0.9510677672409157,2,0.5728108060643831,1.1109502480945301,0,False,0.1410664890157866,0.3699720382317249,7,-0.503105357694676,0.1382652831590591,False,0,False,0.8,1,1.9051306754983783,2.188223186875223,0.18486030038464477,1.5,0.012123216124221799,0.9772711968911272,True,0.8407648044172618,1.126829100560586,1,4096,6,7,9,585.1428571428571,1.0000000000000002,True,1
llava,vision,NExTVideo_1203_3798468368,Semantic,4,0.7964429323246209,3,0.34571863681789505,2.7580462227457208,0,False,0.6264029572505037,2.017363273557299,5,-0.32517785314411984,0.3592376707147828,True,0,False,0.7,1,1.9528961966490739,2.2709203075021396,0.13989610535301042,0.5,-0.3903600291794133,0.3390301832455655,True,3.2222022719042034,4.542085328206298,1,1024,7,8,9,128.0,1.0000000000000002,True,1
llava,projector,NExTVideo_1203_3798468368,Semantic,4,0.7080015316533401,3,0.2949909768184539,2.79940205803436,0,False,0.5497920509877543,23.6269482458215,5,-0.7117100182022246,0.0209696283609166,True,1,False,0.7,1,1.904057879441874,2.266358694587741,0.2072974744390638,0.5,-0.6831300510639733,0.06183472987214335,True,3.238659625996867,5.097278841424741,1,4096,7,8,9,512.0,1.0000000000000002,True,1
llava,hidden,NExTVideo_1203_3798468368,Semantic,4,0.8341227332158858,2,0.5044928676421029,1.341888906269352,0,False,0.2132951132919681,1.4807831844940746,4,-0.7301163117764201,0.016506245498100505,True,1,False,0.8,1,1.935587799041363,2.1642269894629886,0.11823676771554355,3.5,0.14638501094227999,0.7294239249593866,False,1.278352989521958,1.7577388534091352,0,4096,6,7,9,585.1428571428571,0.9999999999999999,True,1
llava,vision,NExTVideo_1203_4039610385,Compositional,5,0.3559741530545782,3,0.27080779294919277,2.8276666482563337,0,False,0.5758608465177851,59.48981514880749,1,-0.4356156145892926,0.20825788700156508,False,0,False,0.6,1,2.020476972140515,2.342388769127161,0.12911607065883082,4.5,0.6667768868321989,0.07092388637530878,False,4.148823550172863,5.268569397886508,0,1024,7,8,9,128.0,1.0000000000000002,True,1
llava,projector,NExTVideo_1203_4039610385,Compositional,5,0.6083870696849096,4,0.33798583486653194,3.6410818944309984,0,False,0.9866473667132605,166.35521794863638,1,-0.3619904402925108,0.30400466202339305,False,0,False,0.5,0,2.016810006442024,2.1417079366208633,0.09741716732159417,4.5,0.6667768868321989,0.07092388637530878,False,4.366975619161257,5.74296816065824,0,4096,7,8,9,512.0,1.0,True,1
llava,hidden,NExTVideo_1203_4039610385,Compositional,5,0.8365819147932214,3,0.48146725557389936,2.0635010966514944,0,False,0.6236196244294377,1.131000307780559,5,-0.8092652475379103,0.004567422439381986,True,1,False,0.9,1,1.8249178757065452,2.1449882741273467,0.21426350058240035,4.5,0.6304072384595336,0.093814882132277,False,2.130891521417232,2.644174932749111,0,4096,6,7,9,585.1428571428571,1.0,True,1
llava,vision,NExTVideo_1009_5996570774,Geometric,5,0.7027710998677374,4,0.39120376560584963,2.37028691396409,0,False,0.6093551629318216,19.34660447952453,5,-0.8338816809230939,0.0027123203566902223,True,1,False,0.8,1,1.8984450277045921,2.1944257481231078,0.2251499182018163,0.5,0.10910894511799618,0.7970385741881917,True,2.9373302263455408,4.525302223394079,1,1024,6,8,9,128.0,1.0,True,1
llava,projector,NExTVideo_1009_5996570774,Geometric,5,0.6865852573851476,4,0.33712853863827624,2.0784270289008804,0,False,0.4729348856256966,18.832334689083115,5,-0.7976060548818034,0.0057042491734851245,True,1,False,0.8,1,1.9796897278342205,2.4653137823261937,0.291164664775179,3.5,0.424312564347763,0.2947483403858767,False,3.107584137822198,4.043330642666551,0,4096,6,7,9,585.1428571428571,1.0,True,1
llava,hidden,NExTVideo_1009_5996570774,Geometric,5,0.7029445612264382,4,0.4064404318655835,0.5696265939598858,0,False,0.030929131295190482,0.14511861395795672,2,-0.31904242195272137,0.3688997595619156,False,0,False,0.8,1,2.0136776208182563,2.3044851013068057,0.2723980136533772,3.5,0.20609467411177057,0.6243753960778087,False,0.6735362115869761,0.9859895077973063,0,4096,6,7,9,585.1428571428571,1.0000000000000002,True,1
llava,vision,NExTVideo_1009_6118838509,Semantic,4,0.9456749441980501,2,0.505575047932578,4.443140257346561,0,False,1.4669860190132724,2.91867567227976,1,-0.3619904402925108,0.30400466202339305,False,0,False,0.8,1,1.849909550538269,2.2232654905033966,0.21205568908771133,0.5,0.0,1.0,True,3.0400447151937646,4.102919725571647,1,1024,6,8,9,128.0,0.9999999999999999,True,1
llava,projector,NExTVideo_1009_6118838509,Semantic,4,0.8930729993993636,2,0.41205404515291255,3.7244313512181404,0,False,0.9971438845717275,2.2357490698094615,1,-0.41107388982369863,0.23794186616753052,False,0,False,0.8,1,1.9365040746082127,2.4155097132093304,0.2891179964267687,1.5,-0.19518001458970666,0.6432255386372303,True,3.2633333358433494,4.677908317573521,1,4096,6,8,9,512.0,0.9999999999999999,True,1
llava,hidden,NExTVideo_1009_6118838509,Semantic,4,0.7085265306123008,2,0.4687194001645972,1.6830145366413494,0,False,0.238435024955987,0.5532263628653941,1,0.22087552289034557,0.5397245232079747,False,0,False,0.6,1,1.9563728656091834,2.43240082853056,0.253259822934552,0.5,-0.19518001458970666,0.6432255386372303,True,1.5699113678533039,2.188439549225293,1,4096,6,7,9,585.1428571428571,0.9999999999999999,True,1
llava,vision,NExTVideo_1009_6416652333,Semantic,5,0.5851901368747859,4,0.4238257798631942,4.570598533589332,0,False,1.4597429666621702,40.72677450734156,2,-0.5828659631828563,0.07699231666639227,False,0,False,0.8,1,1.8315554204196656,2.219507561827197,0.26099274779658305,0.5,-0.5576679417142029,0.15093552952297815,True,3.8023112364382827,4.800170764670825,1,1024,6,7,9,146.28571428571428,1.0,True,1
llava,projector,NExTVideo_1009_6416652333,Semantic,5,0.9510890024368247,4,0.5024614219316466,5.664605332975636,0,False,2.446267274772709,329.3229299240773,2,-0.5828659631828563,0.07699231666639227,False,0,False,0.8,1,1.8946754691196936,2.546348308644447,0.42888739660376635,0.5,-0.7395161835775297,0.03600320928483326,True,4.026026375829811,5.803423299175812,1,4096,5,7,9,585.1428571428571,0.9999999999999999,True,1
llava,hidden,NExTVideo_1009_6416652333,Semantic,5,0.9533348200943439,3,0.6463695879293476,2.995626565457981,0,False,0.9372123572067551,7.56932912891035,2,-0.3313132843355183,0.3497040574525709,False,0,False,0.7,1,1.802408297468449,2.2125434512831275,0.29064141793176956,2.5,-0.024246432248443597,0.9545557541696634,False,1.7186489287448958,2.1797902639180626,0,4096,5,6,8,682.6666666666666,0.9999999999999999,True,1
llava,vision,NExTVideo_1009_6420147083,Semantic,5,0.4938648679479166,3,0.32691856258716884,4.025818559820622,0,False,1.0540489758155789,18.30961012118211,3,0.5705951008000594,0.08497172598894799,False,0,False,0.9,1,1.9930539919548549,2.314917989212836,0.16760430838158413,2.5,0.3152036192297668,0.44697209677347505,False,3.744739858480815,5.259040462509743,0,1024,6,8,9,128.0,1.0,True,1
llava,projector,NExTVideo_1009_6420147083,Semantic,5,0.2559536839960349,4,0.3159482690232032,3.807981091279827,0,False,0.9370184671283056,58.38384825256473,1,0.3067715595699244,0.38860407560377896,False,0,False,0.7,1,2.0253939135440375,2.313191980347785,0.21102735024885882,1.5,-0.060616080621109,0.8866229447346792,True,3.942977975237956,5.222383398861928,1,4096,6,7,9,585.1428571428571,1.0,True,1
llava,hidden,NExTVideo_1009_6420147083,Semantic,5,0.4966997766928095,4,0.41566810888730454,4.8100292052394815,0,True,1.726512307827616,8.030558282831255,3,0.5631009136860744,0.09009658808003441,False,0,False,0.7,1,1.738784823611426,2.2826356375384247,0.30826715963569157,1.5,0.4000661320993194,0.3260725127433412,True,3.3898423842215375,4.7366731835408435,1,4096,5,6,8,682.6666666666666,0.9999999999999998,True,1
llava,vision,NExTVideo_1009_6663748603,Semantic,4,0.8983603069559984,2,0.4099558843821051,2.2972146712640167,0,False,0.5131304480749709,2.7827754382640193,2,-0.288365265995729,0.4190895266730382,False,0,False,0.9,1,1.8775714393737577,2.153454959472226,0.17528052860360424,2.5,0.4879500364742666,0.2199438192418187,False,2.1589325950760245,3.0568847756419997,0,1024,6,7,9,146.28571428571428,1.0000000000000002,True,1
llava,projector,NExTVideo_1009_6663748603,Semantic,4,0.8044893578304756,4,0.366348328076439,2.0662067014614203,0,False,0.4445478308211531,9.506488581748178,2,-0.1472503485935637,0.6847836760627853,False,0,False,0.8,1,1.8716746185755095,2.3730067520562086,0.35835961022571017,2.5,0.4879500364742666,0.2199438192418187,False,2.3129245768830318,3.7086345349020498,0,4096,5,7,9,585.1428571428571,1.0000000000000002,True,1
llava,hidden,NExTVideo_1009_6663748603,Semantic,4,0.9418404689995953,1,0.5958713470725516,3.2054806404287066,1,True,1.0997462767929025,5.625177956178274,6,-0.28616603810275915,0.4228049263590463,False,0,False,0.9,1,1.9207404315133028,2.298268422471837,0.25834135416021653,0.5,-0.3903600291794133,0.3390301832455655,True,2.354045434656104,3.4049375431410187,1,4096,5,7,9,585.1428571428571,1.0,True,1
llava,vision,NExTVideo_1009_8612900766,Geometric,6,0.8660149489199317,4,0.4866013450836891,3.583943843679502,0,False,1.4961072978130967,7.6157292966887224,6,-0.703393516608508,0.02323532958024595,True,1,False,0.9,1,1.9471244868374944,2.1238590197216327,0.10984547083097802,2.5,0.04819626927118799,0.909771840305317,False,3.6273003249338647,4.573736339072144,0,1024,6,7,9,146.28571428571428,1.0,True,1
llava,projector,NExTVideo_1009_8612900766,Geometric,6,0.9598126589267411,3,0.5678028967049817,4.444085719021144,0,False,2.477556208668976,94.1310257990264,6,-0.6544617937140031,0.04004689251210411,True,1,False,0.7,1,1.9652327541364516,2.4135939003815405,0.3211561202397525,4.5,0.10844160586017297,0.7982604003862407,False,4.014512798044813,4.9216461405755,0,4096,5,6,9,682.6666666666666,0.9999999999999999,True,1
llava,hidden,NExTVideo_1009_8612900766,Geometric,6,0.9912711333017029,3,0.8326410967059386,36.70168162015187,0,False,215.91182884393015,882.3416471778783,6,-0.7331426314413423,0.01584182970003317,True,1,False,0.7,1,1.746823898353663,2.3729813228933927,0.5155393031716181,2.5,0.33737388489831593,0.41378527896944156,False,15.979306342993159,28.975261295488185,0,4096,2,2,5,2048.0,0.9999999999999998,True,1
llava,vision,NExTVideo_0101_3122394310,Geometric,6,0.7872353307129009,3,0.3891427476067608,3.226486716936587,0,False,0.8170093854037527,2.6583169964079563,6,-0.6666947244376294,0.03525468046844947,True,1,False,0.8,1,1.9544069388603127,2.0811986444610584,0.11915859575976227,0.5,-0.7831893756568048,0.02151553051380288,True,3.3250908451558745,4.211580069148834,1,1024,7,8,9,128.0,1.0000000000000002,True,1
llava,projector,NExTVideo_0101_3122394310,Geometric,6,0.7420577394863137,3,0.3033917672405537,2.7471964937878304,0,False,0.5508009369544089,1.9475589638641086,6,-0.8619794118619967,0.001339516134955619,True,1,False,0.9,1,1.983890352130255,2.212626560947941,0.15447261127774492,0.5,-0.807287510292399,0.015406042114105995,True,3.2870799310518324,4.465201444249112,1,4096,7,8,9,512.0,1.0,True,1
llava,hidden,NExTVideo_0101_3122394310,Geometric,6,0.9553335310472861,2,0.5988872561602786,2.3863484921418143,0,True,0.7150532302531647,0.5927451123512394,6,-0.3547549909851606,0.3144835743992483,True,1,True,1.0,1,1.8059497748673097,1.97350143507737,0.14772169028305732,1.5,-0.08434347122457898,0.842604396293089,True,1.6658971769355286,2.509135707779898,1,4096,5,7,9,585.1428571428571,1.0,True,1
llava,vision,NExTVideo_0101_3404210548,Semantic,4,0.7758602708680491,3,0.5599315732662219,3.204266754585559,0,False,1.4314618688348706,24.213531490050723,7,-0.12884405501936821,0.7227860826113411,False,0,False,0.9,1,1.873142156742397,2.282016717128062,0.2795753236181951,2.5,0.5855400437691199,0.12724658986372073,False,3.157670791169907,3.842966817154489,0,1024,6,7,9,146.28571428571428,0.9999999999999998,True,1
llava,projector,NExTVideo_0101_3404210548,Semantic,4,0.8381724191496868,3,0.6259674680360511,3.9028121688334987,0,False,2.5005108034598496,96.01059324624534,8,-0.13497948621076672,0.7100534379884405,False,0,False,0.8,1,1.9882728524878162,2.5843539664140147,0.43751208765087396,2.5,0.34156502553198664,0.4076337385331202,False,4.116643494868764,5.476654080439301,0,4096,5,6,9,682.6666666666666,1.0,True,1
llava,hidden,NExTVideo_0101_3404210548,Semantic,4,0.9121543539062694,0,0.6236015658397323,0.8845642463291249,1,False,0.08284991742396407,0.1486193892262638,8,-0.26995897242153344,0.4506524757014977,False,0,False,0.9,1,1.8697465688530521,2.1372794651207467,0.21464744653127787,3.5,0.5367450401216933,0.17018920126883436,False,0.5992547362328571,0.7361845865456881,0,4096,6,7,9,585.1428571428571,1.0,True,1
llava,vision,NExTVideo_0101_4740074365,Geometric,5,0.7791168599514071,3,0.31396355313483576,3.579336360093131,0,False,0.8738663615776747,33.939196183930235,4,-0.803741486073202,0.005083577988395172,True,1,False,0.6,1,1.909778992708324,2.171327093616205,0.14877456410774972,1.5,-0.121232161242218,0.7749070997119826,True,3.6733869252289137,5.094627361223982,1,1024,7,8,9,128.0,1.0,True,1
llava,projector,NExTVideo_0101_4740074365,Geometric,5,0.5254578627998407,4,0.46484326841727425,3.3219076869061785,0,False,0.9407629943462913,98.17843867789392,6,-0.9019083851355777,0.00035929045438835643,True,1,False,0.8,1,1.8517455534731933,2.068646478790508,0.1763118649243448,0.5,0.0727392967453308,0.8640941349883787,True,3.4834386879953803,4.61166951722001,1,4096,6,7,9,585.1428571428571,1.0,True,1
llava,hidden,NExTVideo_0101_4740074365,Geometric,5,0.3246933557913503,4,0.41468955631161447,0.3017098644288373,0,False,0.006528297472732303,0.13483975423977437,5,-0.41107388982369863,0.23794186616753052,True,0,False,0.6,1,1.9412465908286447,2.2053624236273324,0.209653009462598,0.5,-0.5091750772173156,0.19747302644349035,True,0.3732899448503576,0.496267469276275,1,4096,6,7,9,585.1428571428571,1.0000000000000002,True,1
llava,vision,NExTVideo_1000_2594144360,Semantic,4,0.88907899140676,3,0.40850555426545093,2.371254706948879,0,False,0.4769811585642514,21.566357388081357,4,-0.6442202750968412,0.044381366311308,True,1,False,0.8,1,1.8630959720675626,2.2246734792503213,0.21328242791034052,1.5,0.09759000729485333,0.818177202735276,True,2.1517202092672405,3.1938343696238354,1,1024,6,8,9,128.0,1.0,True,1
llava,projector,NExTVideo_1000_2594144360,Semantic,4,0.8228070624921371,4,0.4414794395339358,2.0638641261677835,0,False,0.46462688090772114,65.90161709528769,4,-0.37426130267530777,0.2866631890735267,True,0,False,0.5,0,1.9068240886729193,2.3618469178780366,0.29972982323146435,1.5,-0.048795003647426664,0.9086544876553411,True,2.3064458353612447,3.5445321837845443,1,4096,6,7,9,585.1428571428571,1.0,True,1
llava,hidden,NExTVideo_1000_2594144360,Semantic,4,0.9532311378679132,2,0.667365004926405,9.255240270319229,0,False,8.06891670446446,108.68717038275136,1,-0.19019836693335312,0.5986683040717657,False,0,False,0.9,1,1.8536962772971117,2.231042034227537,0.2985521869328079,3.5,0.4879500364742666,0.2199438192418187,False,5.045995057834556,6.646568931686997,0,4096,5,6,9,682.6666666666666,0.9999999999999998,True,1
llava,vision,NExTVideo_1000_2623063774,Semantic,4,0.8546606550873164,4,0.5356557908640829,2.1990319902624478,0,False,0.5550475572220137,20.604313190192023,1,-0.503105357694676,0.1382652831590591,False,0,True,1.0,1,1.792956139552665,2.076928687909014,0.1723330969015856,1.5,0.19518001458970666,0.6432255386372303,True,1.7828369925483885,2.186715753864229,1,1024,6,7,9,146.28571428571428,1.0000000000000002,True,1
llava,projector,NExTVideo_1000_2623063774,Semantic,4,0.8852078561945378,3,0.6382586536008643,2.572106283543903,0,False,0.8741882611866542,118.73634970893113,6,-0.7301163117764201,0.016506245498100505,False,0,False,0.9,1,1.7450467771433549,2.347052204535708,0.4162273225796709,1.5,-0.14638501094227999,0.7294239249593866,True,1.925518609891895,2.6331379344576065,1,4096,5,6,9,682.6666666666666,1.0,True,1
llava,hidden,NExTVideo_1000_2623063774,Semantic,4,0.987626598855972,1,0.8183429063478358,12.589705489218913,1,False,19.46855919257702,28.73969485329268,5,-0.036812587148390925,0.9195815051321452,True,0,True,1.0,1,1.7331841995553923,2.2265935643155834,0.3446526312966731,3.5,0.0,1.0,False,4.970180891259906,5.687215277227108,0,4096,2,4,8,1024.0,1.0,True,1
llava,vision,NExTVideo_1000_3273928480,Geometric,5,0.9462524933244014,2,0.4718621450504654,4.113888146158071,0,False,1.590535281806842,45.654992637765204,7,-0.8646522226545733,0.0012429192607120829,False,0,False,0.8,1,1.853344927516456,2.1674445838418737,0.2057016616241482,3.5,-0.0848625128695526,0.841645075117969,False,3.4233696912513194,4.717746749806486,0,1024,6,7,9,146.28571428571428,0.9999999999999998,True,1
llava,projector,NExTVideo_1000_3273928480,Geometric,5,0.8919613742303825,4,0.47270796631344325,3.6267186146879014,0,False,1.3416181325386671,93.79388514843471,7,-0.8461898976156855,0.0020249826162768857,False,0,False,0.7,1,1.9312376958585848,2.2741141408958834,0.2225233161512179,3.5,-0.10910894511799618,0.7970385741881917,False,3.484981180409431,5.311436478723219,0,4096,5,7,9,585.1428571428571,1.0,True,1
llava,hidden,NExTVideo_1000_3273928480,Geometric,5,0.8895301008488623,3,0.4011531257749659,1.377826725701039,0,False,0.1382696511108074,1.5392689609934815,5,-0.4724282017376836,0.1679685554116793,True,0,False,0.9,1,1.7593612131829168,2.047754530189635,0.17518504958459694,0.5,-0.060616080621109,0.8866229447346792,True,0.9969777705807656,1.1895071539764754,1,4096,6,7,9,585.1428571428571,1.0000000000000002,True,1
llava,vision,NExTVideo_1000_3297776560,Geometric,6,0.8721552115738268,4,0.3678863386180218,3.0357774644691955,0,False,0.77090493445163,16.819140017609726,2,0.36087145634697376,0.30561301849615596,False,0,False,0.8,1,1.8144852964784173,2.021133488997564,0.1384909567644422,3.5,0.4458154907584889,0.26825005020123804,False,2.7756911808211306,3.28752142044911,0,1024,7,8,9,128.0,1.0,True,1
llava,projector,NExTVideo_1000_3297776560,Geometric,6,0.7075086614557726,3,0.4891680949858107,3.140931116170056,0,False,0.9083190466172602,44.29034253193376,8,-0.042815257532691796,0.9065131248935338,False,0,False,0.8,1,1.7773477423554576,2.3217714588831186,0.3566777903076142,1.5,0.313275750262722,0.44990820732344394,True,2.866333137004639,3.3671342586012516,1,4096,6,7,9,585.1428571428571,0.9999999999999999,True,1
llava,hidden,NExTVideo_1000_3297776560,Geometric,6,0.8986431247209776,2,0.3364205455083552,0.972446406858548,0,False,0.08118849885999262,1.4683891652297199,2,0.06116465361813115,0.8667017501236011,False,0,False,0.7,1,1.9139941100497047,2.2088600594333054,0.1630199439158424,1.5,0.16868694244915797,0.689660806707391,True,1.021387221902504,1.400232597048689,1,4096,6,8,9,512.0,0.9999999999999999,True,1
llava,vision,NExTVideo_1000_3298675598,Geometric,4,0.8740835334418814,2,0.2800175053573203,3.011917135636669,0,False,0.588074665049574,15.9254159168277,3,-0.6012722567570518,0.06596104531283858,True,1,False,0.6,1,2.02145923614807,2.299832704077114,0.19007571136445203,3.5,0.34156502553198664,0.4076337385331202,False,3.3274166728782344,4.2545201518337725,0,1024,7,8,9,128.0,1.0,True,1
llava,projector,NExTVideo_1000_3298675598,Geometric,4,0.12996725874177006,4,0.34844127772497846,3.009589027085024,0,False,0.5828526148518491,7.76554571367471,3,-0.4846990641204805,0.15566725143921836,True,0,False,0.5,0,2.015175983372968,2.3380143957306214,0.3078430966484449,2.5,0.29277002188455997,0.48161781431215467,False,3.6539866902811777,4.567880741349559,0,4096,6,8,9,512.0,1.0000000000000002,True,1
llava,hidden,NExTVideo_1000_3298675598,Geometric,4,0.7762858588491324,4,0.2579557101021962,0.20143633238963574,0,False,0.0024717396709145797,2.5019775005366767,6,-0.37426130267530777,0.2866631890735267,False,0,False,0.5,0,2.1474742041901083,2.364020830494975,0.12837138776196821,2.5,0.29277002188455997,0.48161781431215467,False,0.24475502009829103,0.3072834023531469,0,4096,6,7,9,585.1428571428571,1.0,True,1
llava,vision,NExTVideo_1000_3380344744,Semantic,5,0.8705134769246208,3,0.5911972669338006,2.9401502772714356,0,False,1.2536091120932262,51.24106024671924,6,-0.42334475220649564,0.2228181042830319,True,0,False,0.7,1,1.856748608592885,2.1831950998866265,0.24102737583665243,0.5,0.012123216124221799,0.9772711968911272,True,2.6201839926266723,3.8254529103604544,1,1024,6,7,9,146.28571428571428,1.0,True,1
llava,projector,NExTVideo_1000_3380344744,Semantic,5,0.8913408727992406,3,0.677026623440368,3.0319480368903378,0,False,1.7863191855559033,37.90043537023655,6,-0.3988030274409017,0.25362657589473037,True,0,False,0.7,1,1.8224187234573561,2.493174005243873,0.4096252902031141,4.5,0.2545875386086578,0.54287360327434,False,2.681791543333625,3.9432890602939246,0,4096,5,6,8,682.6666666666666,1.0,True,1
llava,hidden,NExTVideo_1000_3380344744,Semantic,5,0.3811470171256095,4,0.7078698577466415,0.7128302335936544,0,False,0.07583785332817014,9.133287583955854,6,-0.23928181646454103,0.5055248490013543,True,0,False,0.6,1,1.6975774950469522,2.176907138738378,0.3965537171542199,0.5,0.0363696483726654,0.9318670204387731,True,0.8715600179023147,1.1713043135962549,1,4096,4,6,9,682.6666666666666,1.0,True,1
llava,vision,NExTVideo_1000_3388598772,Semantic,4,0.9187302435780251,3,0.4539615962067306,3.4636588219788376,0,False,0.8670842718381401,7.267150629076097,2,-0.0061354311913984876,0.9865792494806584,False,0,False,0.9,1,1.856858171760873,2.057011073057852,0.12552736724141025,2.5,0.34156502553198664,0.4076337385331202,False,2.3949861127097423,4.043152014570581,0,1024,6,7,9,146.28571428571428,0.9999999999999999,True,1
llava,projector,NExTVideo_1000_3388598772,Semantic,4,0.9462055452118829,4,0.5517975808792398,4.48111841666803,0,False,1.4204403333442361,126.22774015642638,2,-0.12884405501936821,0.7227860826113411,False,0,False,0.8,1,1.8188002904526712,2.2524539430893666,0.2549592762578592,2.5,0.5367450401216933,0.17018920126883436,False,2.484741445627451,4.7281806969763025,0,4096,5,6,8,682.6666666666666,0.9999999999999999,True,1
llava,hidden,NExTVideo_1000_3388598772,Semantic,4,0.991754430638925,3,0.8813110386153482,5.674515746993642,0,False,2.712571401100256,2.312736824742223,1,-0.06748974310538336,0.8530368033430833,False,0,False,0.9,1,1.7542985653055854,1.9442899470789385,0.20744050667708902,2.5,-0.19518001458970666,0.6432255386372303,False,1.5820838515343099,4.857904179094238,0,4096,2,3,7,1365.3333333333333,0.9999999999999998,True,1
llava,vision,NExTVideo_1000_3664990087,Geometric,4,0.9590579245547926,1,0.5149133408833926,4.963772396685691,1,False,2.015054865774047,45.00093658098873,4,-0.7239808805850216,0.01791227048755384,True,1,False,0.9,1,1.7791240680975182,2.2412678349147757,0.21799454619599945,0.5,-0.4879500364742666,0.2199438192418187,True,3.0866834848483036,4.6577097415537,1,1024,5,7,9,146.28571428571428,1.0,True,1
llava,projector,NExTVideo_1000_3664990087,Geometric,4,0.9713029228394102,3,0.6514096158240773,6.00918401894696,0,False,3.124007173972012,170.53671799975953,4,-0.6319494127140443,0.04997508741133867,True,1,False,0.7,1,1.7704681712105423,2.319648885060539,0.32681531418872867,0.5,-0.19518001458970666,0.6432255386372303,True,3.1722914633664416,5.299884028639977,1,4096,4,6,9,682.6666666666666,1.0,True,1
llava,hidden,NExTVideo_1000_3664990087,Geometric,4,0.9848388197783763,2,0.6462773914811367,0.16491496487339655,0,False,0.002342534053177491,1.5117151896530403,8,-0.3558550091011123,0.3128784013353107,False,0,False,0.7,1,1.8091350730042328,2.3952939879061317,0.41399021732644803,2.5,0.048795003647426664,0.9086544876553411,False,0.09524998404512625,0.14128591824494738,0,4096,4,6,8,682.6666666666666,0.9999999999999998,True,1
llava,vision,NExTVideo_1000_3669067230,Compositional,3,0.5677293977672038,3,0.3373196293489313,3.440031994261488,0,False,0.7377195701733238,50.25200395617388,2,-0.4403855060505442,0.2027505555110427,True,0,False,0.5,0,1.9254835564699357,2.1124602389069067,0.1355874039769274,1.5,-0.424312564347763,0.2947483403858767,True,3.532142250081412,4.099122678213587,1,1024,7,8,9,128.0,1.0,True,1
llava,projector,NExTVideo_1000_3669067230,Compositional,3,0.46393963393081583,4,0.3520668270802851,3.4994420628810254,0,False,0.8005571461465264,35.77915093615458,2,-0.7095099819703212,0.02155345612408502,True,1,False,0.7,1,1.8874526652370176,2.201746271118265,0.23923798721941994,0.5,-0.3394500514782104,0.41073304297161684,True,3.8921331945506465,5.427416418486845,1,4096,6,7,9,585.1428571428571,1.0,True,1
llava,hidden,NExTVideo_1000_3669067230,Compositional,3,0.6984990395427685,3,0.655023330838663,0.42737897349590026,0,False,0.026776886577926307,0.23082695156462335,9,0.05504818825631803,0.8799463279714843,False,0,False,0.4,0,1.8352552913737616,2.2489429271250674,0.2031023796878291,1.5,0.1697250257391052,0.6878242591661421,True,0.39639662784941,0.7356002688770965,1,4096,4,6,8,682.6666666666666,1.0,True,1
llava,vision,NExTVideo_1000_3824469712,Geometric,6,0.9246034404455122,4,0.3671800987934851,3.1871875191123586,0,False,0.7220199861155558,12.486601517957116,1,-0.07951404970357048,0.8271585646135995,False,0,False,0.7,1,1.9586394546516048,2.2375296920866083,0.14860400774899915,1.5,-0.7229440390678199,0.04273152349785686,True,3.0237825109843515,3.444131949837737,1,1024,7,8,9,128.0,0.9999999999999999,True,1
llava,projector,NExTVideo_1000_3824469712,Geometric,6,0.9197893160156213,4,0.3468922768793646,3.0379033582424815,0,False,0.6830818695799488,34.755400877355626,3,-0.2201927530252721,0.5410105897949293,False,0,False,0.6,1,1.937490743228469,2.251605525822662,0.27250961157575193,1.5,-0.4458154907584889,0.26825005020123804,True,2.9775910327333976,3.398504042338314,1,4096,6,7,9,585.1428571428571,1.0,True,1
llava,hidden,NExTVideo_1000_3824469712,Geometric,6,0.9120470113624921,3,0.3587898802025224,0.9204524125373801,0,False,0.053145224781021703,0.5457634409632618,1,-0.1345622379598885,0.7109173320834505,False,0,False,0.6,1,1.8404427771759828,2.3042736484247484,0.214855225123378,1.5,-0.32532481758051895,0.43168838619534633,True,0.7584287779863017,0.9373274798511138,1,4096,6,7,9,585.1428571428571,1.0,True,1
llava,vision,NExTVideo_1000_4116558765,Geometric,6,0.7530925869160165,4,0.5686372709366029,4.0498834039530465,0,False,2.1310918041738,32.91311359354023,7,-0.8190338183884451,0.0037480145058192997,True,1,False,0.7,1,1.8578415392740535,2.1619804473260285,0.17127624584795825,4.5,0.18073600976695497,0.6684274536427572,False,3.9116101680330893,5.327542046791645,0,1024,5,7,9,146.28571428571428,1.0,True,1
llava,projector,NExTVideo_1000_4116558765,Geometric,6,0.7910789254065582,4,0.6746136478267314,3.728709232440463,0,False,2.856977629548868,38.371082486067436,7,-0.593297140095872,0.07060448248828244,True,1,False,0.7,1,1.9254526318042773,2.5417646953524837,0.31918534654116787,4.5,0.21688321172034594,0.6059163036901004,False,4.100338694612619,5.004635395226279,0,4096,4,6,8,682.6666666666666,0.9999999999999998,True,1
llava,hidden,NExTVideo_1000_4116558765,Geometric,6,0.8840226473185552,4,0.38199342806632,1.669813255807717,0,False,0.27461806634583924,1.110393577293045,5,-0.47096783285960975,0.16947001452406552,True,0,False,0.9,1,1.746824346927324,2.296313822174159,0.2427027884532552,4.5,-0.024098134635593994,0.9548334873494593,False,1.4541505930377752,1.8953954618855262,0,4096,5,7,9,585.1428571428571,1.0,True,1
llava,vision,NExTVideo_1000_4227464140,Semantic,4,0.8891137223333307,2,0.31950186310078915,1.9754950831213303,0,False,0.2507939436690901,1.1444609090055857,6,-0.3926675962495032,0.2616781862729173,False,0,True,1.0,1,1.8243292755453235,2.120286844160384,0.14328238326793782,3.5,0.09759000729485333,0.818177202735276,False,1.6129487753454206,2.082440834734025,0,1024,6,7,9,146.28571428571428,1.0,True,1
llava,projector,NExTVideo_1000_4227464140,Semantic,4,0.8342702505596763,4,0.45249391052865445,2.1886193620768055,0,False,0.3557989867990434,85.75105698470453,6,-0.20616262960091247,0.5677034227871087,False,0,False,0.6,1,1.8418593154550256,2.215302847916096,0.19289069064761102,3.5,0.9759000729485332,3.436402807612141e-05,False,1.751380349655721,2.324397444586202,0,4096,5,7,9,585.1428571428571,1.0,True,1
llava,hidden,NExTVideo_1000_4227464140,Semantic,4,0.8473506428291927,1,0.26351107512112065,0.7066797078727327,0,False,0.030577371561964068,0.10911139579171861,5,-0.22701095408174404,0.5282230346638654,True,0,False,0.9,1,1.8652564084204515,2.1139078987204125,0.14684273663669792,2.5,0.14638501094227999,0.7294239249593866,False,0.6823872234797969,0.7849101136162603,0,4096,7,8,9,512.0,1.0000000000000002,True,1
llava,vision,NExTVideo_1000_4405872555,Geometric,5,0.7704124562267329,3,0.32131458702580484,2.97071536214855,0,False,0.6603825714199665,37.700430736964826,5,-0.717845449393623,0.01939928907360013,True,1,False,0.8,1,2.013532389309521,2.2148880816290144,0.13761866563536065,3.5,0.5697911578384246,0.14035632687295957,False,3.5737529818637626,3.9121117297355457,0,1024,7,8,9,128.0,0.9999999999999999,True,1
llava,projector,NExTVideo_1000_4405872555,Geometric,5,0.6971294920036903,2,0.33816553039790215,2.499485145774669,0,False,0.532711665859151,101.0278734431639,2,-0.5644596696086609,0.08915310781357492,False,0,False,0.7,1,2.1036984049840814,2.550368100166573,0.24026420949262361,3.5,0.60616080621109,0.1111631317899513,False,3.72266516185081,5.233414224009707,0,4096,7,8,9,512.0,1.0,True,1
llava,hidden,NExTVideo_1000_4405872555,Geometric,5,0.989533078650297,0,0.8797949346068266,18.358375766944384,1,True,40.1372330859624,19.772503413388495,5,-0.7485226053506155,0.012750568372177716,True,1,True,1.0,1,1.6303332711016583,1.9917685936593819,0.26248284164654856,4.5,0.9334876415650787,0.0006994018492109827,False,5.699230399124627,6.638746556802675,0,4096,2,4,8,1024.0,1.0,True,1
llava,vision,NExTVideo_1000_4550392934,Semantic,5,0.7818313494636189,3,0.51728416560381,3.2841609028875154,0,False,1.4161605454703987,90.00653695456344,1,-0.26382354123013496,0.4614050713614083,False,0,False,0.5,0,1.9186271766297696,2.5283380933605835,0.37298502631254876,0.5,0.21821789023599236,0.6036450565101363,True,3.860388037591738,6.225369007091664,1,1024,5,7,9,146.28571428571428,1.0,True,1
llava,projector,NExTVideo_1000_4550392934,Semantic,5,0.8939483450806543,3,0.6179366635647282,3.7585049011286147,0,False,1.8621724081220052,394.5961525973942,1,-0.3067715595699244,0.38860407560377896,False,0,False,0.5,0,1.8928985581716034,2.3599080211661216,0.47053544580503953,4.5,0.424312564347763,0.2947483403858767,False,3.4821002861880874,6.030922587589742,0,4096,5,6,9,682.6666666666666,0.9999999999999998,True,1
llava,hidden,NExTVideo_1000_4550392934,Semantic,5,0.2989807859329695,4,0.3236160027666582,0.367811779162681,0,False,0.00945670960890754,0.56677383094043,1,-0.26995897242153344,0.4506524757014977,False,0,False,0.5,0,1.9277624116081986,2.22721603878314,0.21065502801592279,4.5,0.26671075473287964,0.5231267001703013,False,0.496212711944948,0.8003582265238801,0,4096,6,7,9,585.1428571428571,1.0,True,1
llava,vision,NExTVideo_1000_4638541063,Geometric,5,0.9091046948749607,0,0.5044449467666525,3.8629111521871624,1,False,1.365073781740798,35.9434695645719,1,-0.40924820502867704,0.24024002620528367,False,0,False,0.7,1,1.8693345586977141,2.2811079274314783,0.18101799190276197,4.5,-0.0848625128695526,0.841645075117969,False,2.956007110273668,4.140508937260431,0,1024,6,7,9,146.28571428571428,1.0000000000000002,True,1
llava,projector,NExTVideo_1000_4638541063,Geometric,5,0.9314418297642234,2,0.5526295495844689,4.193024292839165,0,False,1.466698572223851,143.86433608474152,1,-0.28222983480433045,0.4294929705980839,False,0,False,0.7,1,1.8417770215030487,2.2364644408899075,0.3704239539146815,1.5,0.012123216124221799,0.9772711968911272,True,2.7686630932127243,3.6672508162809967,1,4096,6,7,8,585.1428571428571,1.0,True,1
llava,hidden,NExTVideo_1000_4638541063,Geometric,5,0.596539051932878,4,0.3428322998204126,0.18417090882626705,0,False,0.0027546363800193064,0.39858871242510824,1,-0.20860466050754858,0.5630215067923303,False,0,False,0.3,0,1.928946770081351,2.125989246962071,0.16080053229456234,0.5,-0.26671075473287964,0.5231267001703013,True,0.22395958478473305,0.28225053381216203,1,4096,6,7,9,585.1428571428571,1.0,True,1
llava,vision,NExTVideo_1001_3098102850,Geometric,5,0.9128866119192379,1,0.5517243080392277,4.513045729334632,1,False,2.1539393941398237,80.88256678600294,2,0.09203146787097732,0.8003776447383397,False,0,False,0.8,1,1.894991456578959,2.1646445723598866,0.15870268715185976,1.5,0.3394500514782104,0.41073304297161684,True,3.425849504782862,4.981915830426035,1,1024,6,7,9,146.28571428571428,1.0,True,1
llava,projector,NExTVideo_1001_3098102850,Geometric,5,0.9542093309778377,1,0.6548755319359955,5.343318419427984,1,False,2.7652953760426975,166.0478130636746,2,0.05521888072258639,0.8795763328505938,False,0,False,0.7,1,1.9059730109969755,2.23275732067454,0.23897950930180034,1.5,0.424312564347763,0.2947483403858767,True,3.281050024578159,4.178700199066933,1,4096,5,7,9,585.1428571428571,0.9999999999999999,True,1
llava,hidden,NExTVideo_1001_3098102850,Geometric,5,0.6481612476337296,2,0.5772894243032014,1.7585663662757243,0,False,0.5366882007338344,2.340293247466474,5,-0.5890013943742548,0.07319160667714436,True,1,False,0.5,0,1.830764033050424,2.184583917808543,0.30064798994832626,1.5,0.41218934822354114,0.3102218639193789,True,1.9317645753682573,2.4182268315545974,1,4096,4,6,8,682.6666666666666,0.9999999999999998,True,1
llava,vision,NExTVideo_1001_3249160519,Semantic,5,0.7091196933248816,4,0.40301232637205997,2.888405749979022,0,False,0.7144562089111246,2.143910034233464,6,-0.5754091303786661,0.08178073568296887,True,1,False,0.9,1,1.8417202627139486,2.239212973112261,0.2125995179788766,1.5,0.3758196998508757,0.35887779967800476,True,2.8424864586744416,3.3227646262596005,1,1024,6,8,9,128.0,1.0,True,1
llava,projector,NExTVideo_1001_3249160519,Semantic,5,0.33847536576627946,4,0.32429668097188125,2.6364450565197717,0,False,0.5341572832691196,14.486953280875834,1,-0.3558550091011123,0.3128784013353107,False,0,False,0.8,1,2.0050867141115587,2.258819440942691,0.23616093745145728,4.5,0.21821789023599236,0.6036450565101363,False,3.2679702443517855,4.500746936110968,0,4096,6,7,9,585.1428571428571,0.9999999999999999,True,1
llava,hidden,NExTVideo_1001_3249160519,Semantic,5,0.34121344449554936,4,0.4431925208102052,0.43432791258957426,0,False,0.011894456500050174,7.212321707908243,1,0.6442202750968412,0.044381366311308,False,0,False,0.5,0,1.9112262519454568,2.1747204946996046,0.1720665982917868,3.5,0.60616080621109,0.1111631317899513,False,0.4731901563822495,0.7199201355309044,0,4096,6,7,9,585.1428571428571,1.0,True,1
llava,vision,NExTVideo_1101_2574374895,Semantic,5,0.37977843380804,2,0.3966447459724311,5.349826744312122,0,False,2.092459094414093,71.2732011451683,8,-0.16308387117684123,0.6525917209522705,False,0,False,0.8,1,1.9010473743730636,2.126770812469399,0.2238362803679348,0.5,0.0363696483726654,0.9318670204387731,True,5.4866307949673505,7.485888303329529,1,1024,6,7,9,146.28571428571428,1.0,True,1
llava,projector,NExTVideo_1101_2574374895,Semantic,5,0.8920951523750387,4,0.4329726871599488,6.680458133926928,0,False,3.585243387461857,87.4702076619059,8,-0.0981668990623758,0.7873173648718517,False,0,False,0.9,1,1.913024675801917,2.2853079568969545,0.2307363521943423,1.5,0.3758196998508757,0.35887779967800476,True,5.403485309182886,6.979801584721158,1,4096,5,7,9,585.1428571428571,0.9999999999999999,True,1
llava,hidden,NExTVideo_1101_2574374895,Semantic,5,0.9166665918438537,2,0.4089629521623013,18.672314595556315,0,False,23.075338785142655,123.30532687295013,7,0.0490834495311879,0.8928882547542834,False,0,False,0.7,1,1.8158574714253104,2.2003311172646867,0.3101087002000615,0.5,-0.6546536707079771,0.07814074941121586,True,12.672530692537219,16.70307634323387,1,4096,5,6,8,682.6666666666666,0.9999999999999997,True,1
llava,vision,NExTVideo_1101_3483300439,Semantic,3,0.9096124556540162,2,0.4069047620734892,3.0449055006094556,0,False,0.6525461454242828,14.748803119369473,3,-0.23242568374889835,0.5181563175215664,True,0,False,0.8,1,1.8376753723459616,2.1641225206748436,0.20555606127133563,0.5,-0.012123216124221799,0.9772711968911272,True,2.393758517752989,3.009255450753482,1,1024,6,7,9,146.28571428571428,1.0,True,1
llava,projector,NExTVideo_1101_3483300439,Semantic,3,0.664134362564014,4,0.358043509747081,3.043055873408253,0,False,0.6628056998710729,64.9514980180227,3,-0.38533731779422625,0.2714797190399401,True,0,False,0.8,1,1.8774405532473684,2.503968628931869,0.4687956609532439,0.5,0.0848625128695526,0.841645075117969,True,3.123279578634831,4.519852788126299,1,4096,5,6,9,682.6666666666666,0.9999999999999997,True,1
llava,hidden,NExTVideo_1101_3483300439,Semantic,3,0.9500552306058869,3,0.5500574647519597,1.0064458300407015,0,False,0.08145763593416021,7.772250152962476,5,-0.3302891295379082,0.35128646594749807,False,0,False,0.8,1,1.8249901911982658,2.079710037974013,0.18755727386055837,3.5,0.20609467411177057,0.6243753960778087,False,0.6270450032370488,0.8077232772709387,0,4096,5,7,9,585.1428571428571,0.9999999999999999,True,1
llava,vision,NExTVideo_1101_3812429626,Compositional,4,0.9346514580751142,1,0.5473978036582595,5.23917028844128,1,False,3.616577836518606,3.836346975305619,6,-0.24924138802498377,0.4874102078732836,False,0,False,0.8,1,1.9450655651917157,2.2315485600846108,0.18743758301357233,3.5,0.3903600291794133,0.3390301832455655,False,4.491072563002806,6.721668800602097,0,1024,4,6,8,170.66666666666666,0.9999999999999998,True,1
llava,projector,NExTVideo_1101_3812429626,Compositional,4,0.956029266277997,3,0.5832300829538335,5.207075309582569,0,False,3.6516626152579628,56.98392741535821,6,-0.23077906298609607,0.5212092064520633,False,0,False,0.8,1,2.0620981308422297,2.3478408908442328,0.2021418892289753,1.5,-0.19518001458970666,0.6432255386372303,True,4.593680930532309,8.027998882945123,1,4096,4,5,8,819.2,1.0,True,1
llava,hidden,NExTVideo_1101_3812429626,Compositional,4,0.9533876403122314,2,0.6323469549341104,8.493200759259985,0,True,8.349428137338592,6.066786718091302,6,-0.44001874676015656,0.20317098508875453,False,0,False,0.9,1,1.8363865387989993,2.1950866749598013,0.21139240976321208,2.5,0.14638501094227999,0.7294239249593866,False,5.219220664509296,6.34630781371745,0,4096,4,6,9,682.6666666666666,1.0,True,1
llava,vision,NExTVideo_1101_4542514917,Semantic,4,0.9019309454117463,3,0.6385721477305889,2.907057040367531,0,False,1.036781413710765,12.536959638862957,4,-0.5276470824602699,0.11700013173767009,True,1,True,1.0,1,1.7464142136863527,2.0780092062295497,0.18639301848430118,3.5,0.7319250547113999,0.03899827398782236,False,1.8275743278145262,2.122559399747431,0,1024,5,7,9,146.28571428571428,1.0,True,1
llava,projector,NExTVideo_1101_4542514917,Semantic,4,0.8463275737861854,3,0.6282472941845574,2.5867703503980666,0,False,0.878674573651419,1.0398714131287115,2,-0.34971957790971375,0.3218862439374824,False,0,False,0.9,1,1.9473843516207354,2.3803606823308976,0.3006320846189407,3.5,0.14638501094227999,0.7294239249593866,False,2.1554170332295657,2.4853300370978473,0,4096,4,6,9,682.6666666666666,1.0,True,1
llava,hidden,NExTVideo_1101_4542514917,Semantic,4,0.7804311606599024,3,0.4041629708477558,0.797306428773591,0,False,0.06268092519196211,2.1663431468126655,7,-0.6135431191398488,0.059214812600234645,False,0,False,0.8,1,1.956562745250203,2.38143747677032,0.2498423293806028,2.5,-0.09759000729485333,0.818177202735276,False,0.862250840973825,1.1269074937693626,0,4096,6,7,9,585.1428571428571,0.9999999999999998,True,1
llava,vision,NExTVideo_1103_2831643292,Geometric,4,0.8960662297033235,3,0.5701054100916044,4.186545424988806,0,False,2.375931558112997,96.71028455410155,8,-0.25768811003873643,0.4722704966281396,False,0,False,0.9,1,1.8157282636353906,2.0339381607508646,0.1620522440865026,2.5,0.19518001458970666,0.6432255386372303,False,3.5336992691571565,4.558591856981232,0,1024,6,8,9,128.0,1.0,True,1
llava,projector,NExTVideo_1103_2831643292,Geometric,4,0.9044823699400292,3,0.6018010065284163,4.259179674734444,0,False,2.851463501944173,166.62231233137754,7,-0.42334475220649564,0.2228181042830319,False,0,True,1.0,1,1.8779847637597449,2.245529077870917,0.18940082196256314,0.5,-0.14638501094227999,0.7294239249593866,True,3.9399600287675325,5.74247489714331,1,4096,5,7,9,585.1428571428571,0.9999999999999999,True,1
llava,hidden,NExTVideo_1103_2831643292,Geometric,4,0.9860497097226856,4,0.8819557072096794,15.706437987377775,0,False,38.80854307245587,47.91025553378395,7,-0.14111491740216522,0.6973850724458668,False,0,False,0.5,0,1.9240056628926525,2.336561965839663,0.28198702678944915,2.5,-0.14638501094227999,0.7294239249593866,False,8.314599287627622,16.056133956173763,0,4096,2,3,7,1365.3333333333333,1.0000000000000002,True,1
llava,vision,NExTVideo_1103_3441428429,Compositional,3,0.6745317787378533,4,0.5047892918817737,3.1651497614507607,0,False,1.2895066704510068,73.80271279269772,3,-0.5627148132868065,0.0903658453522045,True,1,False,0.5,0,1.8614219841344053,2.3941450189255242,0.35126547247304807,4.5,0.23034110636021415,0.5831437849827301,False,4.183486686729186,6.310139537503192,0,1024,6,7,9,146.28571428571428,1.0000000000000002,True,1
llava,projector,NExTVideo_1103_3441428429,Compositional,3,0.9033611793920733,4,0.8091406779145324,5.100034713423026,0,False,6.396090095303258,411.66599506125186,3,-0.37730771408905905,0.2824424249084661,True,0,False,0.5,0,1.9319419565955034,2.52555199536314,0.6899645784440712,4.5,0.32732683535398854,0.4286915072353138,False,6.177479444201587,10.568042133437238,0,4096,3,5,8,819.2,1.0,True,1
llava,hidden,NExTVideo_1103_3441428429,Compositional,3,0.47211936346927014,4,0.44533052613840984,1.505243178189183,0,True,0.2323051380761103,1.1851016272064556,4,-0.43426904068873107,0.209828104837512,True,1,False,0.6,1,1.8944061316866563,2.3571989500834376,0.2714106316607784,4.5,0.4606822127204283,0.25065193511929695,False,1.7616691490915972,2.1452073145810386,0,4096,6,7,9,585.1428571428571,1.0,True,1
llava,vision,NExTVideo_1103_3650010049,Geometric,4,0.841686623457749,3,0.6625615875591417,4.776992771525488,0,False,2.819096244964561,70.07089300493595,7,-0.5890013943742548,0.07319160667714436,False,0,False,0.7,1,1.8167931551461758,2.2745752052781723,0.3643600343616796,2.5,0.29277002188455997,0.48161781431215467,False,4.795147431471719,6.080125498485238,0,1024,5,7,9,146.28571428571428,1.0,True,1
llava,projector,NExTVideo_1103_3650010049,Geometric,4,0.894165323565336,3,0.8518365395838081,5.130837325785713,0,False,5.752037693619697,321.3582366592943,2,-0.17179207335915767,0.6351004923795485,False,0,False,0.6,1,1.7702647158585907,2.59167249147868,0.5886966023073661,2.5,0.43915503282683993,0.2763268401337456,False,5.689737974026248,7.75939431693979,0,4096,2,5,8,819.2,1.0,True,1
llava,hidden,NExTVideo_1103_3650010049,Geometric,4,0.5070609963228162,3,0.3271431102316377,1.421676983364576,0,False,0.16493371168430251,2.2001955645264615,4,-0.8221477796473973,0.003510628130454474,True,1,False,0.5,0,1.9330125050496945,2.333539353777821,0.26370980555929247,2.5,0.29277002188455997,0.48161781431215467,False,1.9845574799999834,2.5160897222081227,0,4096,6,7,9,585.1428571428571,0.9999999999999998,True,1
llava,vision,NExTVideo_1104_4760431362,Geometric,4,0.7895080947461222,4,0.4598774112292739,3.307851310346496,0,False,1.1622732918964729,120.7271416478801,4,-0.6748974310538336,0.03226860511926249,True,1,True,1.0,1,1.8610263773515086,2.0654107566479705,0.13290980760895343,3.5,0.3903600291794133,0.3390301832455655,False,3.3249132373839085,3.9070134091960047,0,1024,6,8,9,128.0,1.0,True,1
llava,projector,NExTVideo_1104_4760431362,Geometric,4,0.8223422479760444,4,0.6189667437220376,3.1821923621773514,0,False,1.7534618832460929,172.78488170046842,4,-0.6196785503312472,0.05601931349899569,True,1,False,0.7,1,1.827872616058743,2.227271481336005,0.2697892566581754,0.5,0.3903600291794133,0.3390301832455655,True,3.103289658573056,4.312430711030713,1,4096,5,7,9,585.1428571428571,1.0,True,1
llava,hidden,NExTVideo_1104_4760431362,Geometric,4,0.21481426459864786,3,0.5685243864807501,1.8655294801510265,0,False,0.3850566241599502,3.5727963632011424,4,-0.12270862382796978,0.7355802870269528,True,0,False,0.4,0,1.8012299051272318,2.249176953184982,0.22409483707599645,0.5,0.09759000729485333,0.818177202735276,True,2.586481356394729,3.67527933035525,1,4096,5,7,9,585.1428571428571,1.0000000000000002,True,1
llava,vision,NExTVideo_1104_4839268164,Semantic,4,0.9061055118591248,2,0.43881302302657554,3.8787780469125432,0,False,1.3537149038118812,13.114307437369177,7,-0.5644596696086609,0.08915310781357492,False,0,True,1.0,1,1.7753431254343341,2.1659258012948355,0.2060799473203024,2.5,0.4879500364742666,0.2199438192418187,False,3.065967979883994,4.243314011216339,0,1024,5,7,8,146.28571428571428,1.0000000000000002,True,1
llava,projector,NExTVideo_1104_4839268164,Semantic,4,0.9329931161166123,1,0.45353494967739655,3.760538871320657,0,False,1.2590661111273405,9.315901984722561,7,-0.44788647697208955,0.19426275128648055,False,0,False,0.9,1,1.7860087292371172,2.152851524006909,0.1976016309058923,2.5,0.3903600291794133,0.3390301832455655,False,2.9049518324438557,3.9918224189590408,0,4096,5,7,8,585.1428571428571,1.0,True,1
llava,hidden,NExTVideo_1104_4839268164,Semantic,4,0.9090223098392454,4,0.4501086186830652,0.7580609327693542,0,False,0.058879706129040685,0.27107664939442905,6,-0.19019836693335312,0.5986683040717657,False,0,False,0.9,1,1.9055493795700165,2.147508985900047,0.13545460457712516,2.5,0.6343350474165467,0.09116266392027382,False,0.6672165094240483,0.8392355116152439,0,4096,6,7,8,585.1428571428571,1.0,True,1
llava,vision,NExTVideo_1104_5508995205,Compositional,4,0.6587886325220971,3,0.38387148030715956,2.9565578347476253,0,False,0.8707909859991301,3.098408177602603,2,-0.5521888072258639,0.09790549661733505,False,0,True,1.0,1,1.879265205730154,2.190386024660261,0.1750895332335362,2.5,0.0,1.0,False,3.4507962594397825,4.012800103831203,0,1024,6,8,9,128.0,0.9999999999999998,True,1
llava,projector,NExTVideo_1104_5508995205,Compositional,4,0.6234907584339667,4,0.508375657559022,2.8169948667085487,0,False,1.0620159509615026,33.393846824836274,5,-0.47856363292908205,0.1617476342499189,True,0,True,1.0,1,1.922659552322848,2.292555044564314,0.340960380443824,2.5,0.19518001458970666,0.6432255386372303,False,3.590607190177522,4.60029529608144,0,4096,6,7,9,585.1428571428571,1.0,True,1
llava,hidden,NExTVideo_1104_5508995205,Compositional,4,0.93701542635799,3,0.539863721349939,0.3326671217539645,0,False,0.012912279247356268,0.5412180851569235,2,-0.23077906298609607,0.5212092064520633,False,0,False,0.9,1,1.9646121751748233,2.271403249521376,0.17312291229155502,2.5,0.7319250547113999,0.03899827398782236,False,0.2967928659132303,0.3537777481703464,0,4096,6,8,9,512.0,1.0,True,1
llava,vision,NExTVideo_1105_2623764605,Geometric,3,0.8467055063535026,4,0.3900507480594967,4.305197916216195,0,False,2.0458816075210677,64.89814111700802,2,-0.64834532835219,0.04259953984956121,True,1,False,0.6,1,2.0283666785013605,2.5290448777406054,0.20390122842757563,1.5,0.4606822127204283,0.25065193511929695,True,5.951586235958596,10.151886368972848,1,1024,6,8,9,128.0,0.9999999999999998,True,1
llava,projector,NExTVideo_1105_2623764605,Geometric,3,0.8433951309072971,4,0.6085499504747102,4.553772965176056,0,False,3.600607012581122,152.44257976342217,2,-0.7462087741411999,0.013185993502853073,True,1,False,0.6,1,2.0170189173006974,2.7702237790972193,0.4049065081977228,1.5,-0.23034110636021415,0.5831437849827301,True,6.711464701440299,14.392719928887281,1,4096,5,7,9,585.1428571428571,1.0000000000000002,True,1
llava,hidden,NExTVideo_1105_2623764605,Geometric,3,0.0637998495778045,3,0.5164375836943077,9.599005459354402,0,False,7.362159419809913,99.56102659673843,4,-0.5443654172013671,0.10376029907342599,True,1,False,0.5,0,1.9731531203244188,2.252997497364124,0.16865601894865978,0.5,0.303080403105545,0.465565587468576,True,13.306029919623192,18.483208978802388,1,4096,6,7,9,585.1428571428571,0.9999999999999998,True,1
llava,vision,NExTVideo_1105_4375052499,Compositional,4,0.49850343290343724,3,0.3672338359317646,2.5189443629367303,0,False,0.5052336256933645,4.192588116718843,5,-0.7117100182022246,0.0209696283609166,True,1,False,0.6,1,1.8493164436341232,2.02678569412484,0.13177157491323183,3.5,-0.048795003647426664,0.9086544876553411,False,3.145382386677844,3.7576067676831184,0,1024,7,8,9,128.0,1.0,True,1
llava,projector,NExTVideo_1105_4375052499,Compositional,4,0.11234775283563359,4,0.3862769971655881,2.353525195491725,0,False,0.4195681951264111,20.404267187621503,5,-0.6748974310538336,0.03226860511926249,True,1,False,0.5,0,1.8470193931973673,2.362439917141926,0.2754274057634056,0.5,-0.048795003647426664,0.9086544876553411,True,3.111797178614784,4.379623770226921,1,4096,7,8,9,512.0,1.0000000000000002,True,1
llava,hidden,NExTVideo_1105_4375052499,Compositional,4,0.3603047732245926,4,0.43601890108617375,0.39510007589427437,0,False,0.015774443691303635,0.25697484985754593,5,-0.7853351924990064,0.007104492891121906,True,1,False,0.5,0,2.0075817056594896,2.221687109894831,0.23712124501109144,0.5,0.09759000729485333,0.818177202735276,True,0.8369415838721547,1.053719803408724,1,4096,6,8,9,512.0,1.0,True,1
llava,vision,NExTVideo_1105_6253141636,Geometric,4,0.6938150136163661,3,0.5853160004588588,4.877892571078216,0,False,3.599423314628068,74.09242486306952,2,-0.288365265995729,0.4190895266730382,False,0,False,0.6,1,1.7546934582788838,2.2723212300514377,0.2831568696152337,3.5,0.5367450401216933,0.17018920126883436,False,5.068671661267743,8.16478237410604,0,1024,5,6,8,170.66666666666666,1.0,True,1
llava,projector,NExTVideo_1105_6253141636,Geometric,4,0.3659646519698845,4,0.6453783886436472,4.561674130711465,0,False,2.039199729057416,11.157311902551537,2,-0.5276470824602699,0.11700013173767009,False,0,False,0.5,0,1.7786466768631837,2.2794648184606476,0.3155992786051917,3.5,0.29277002188455997,0.48161781431215467,False,5.6145491249969925,9.865373470095536,0,4096,4,6,8,682.6666666666666,1.0,True,1
llava,hidden,NExTVideo_1105_6253141636,Geometric,4,0.5822443139126323,4,0.6322156538238581,6.876666101568632,0,False,10.215136175704401,35.94181449261243,1,0.6061796721101458,0.06320565239402053,False,0,False,0.5,0,1.7259669605739314,2.72422995845763,0.6339455800256073,1.5,0.09759000729485333,0.818177202735276,True,10.800344269768754,21.646292110080694,1,4096,4,5,7,819.2,1.0,True,1
llava,vision,NExTVideo_1105_6709738709,Semantic,4,0.8691526786293498,3,0.45830873387565263,3.048517933534471,0,False,0.9698380834274625,63.212683555696856,6,-0.26995897242153344,0.4506524757014977,False,0,False,0.9,1,1.8098994319321697,2.062400696927671,0.1476902157944,2.5,0.4879500364742666,0.2199438192418187,False,2.61951566978246,3.028775026315857,0,1024,6,8,9,128.0,1.0000000000000002,True,1
llava,projector,NExTVideo_1105_6709738709,Semantic,4,0.9437908899560284,1,0.5717107257167153,3.508026521023771,1,False,1.3494359257453525,172.63885511906003,7,0.0490834495311879,0.8928882547542834,False,0,False,0.9,1,1.8620257835321974,2.108831291643948,0.1406620591481901,3.5,0.09759000729485333,0.818177202735276,False,2.5937445835806585,3.1212262841720833,0,4096,6,7,9,585.1428571428571,1.0000000000000002,True,1
llava,hidden,NExTVideo_1105_6709738709,Semantic,4,0.8662967193958131,4,0.39780458658188483,0.07680539308744261,0,False,0.0007638913998710455,0.9746012304813274,7,0.5276470824602699,0.11700013173767009,False,0,False,0.7,1,1.9044842487462925,2.3891087871355574,0.3153280387425718,2.5,0.14638501094227999,0.7294239249593866,False,0.09154040478864223,0.15381123614825093,0,4096,5,7,9,585.1428571428571,0.9999999999999999,True,1
llava,vision,NExTVideo_1106_2797596111,Compositional,4,0.1781703713838609,2,0.4726928200951876,2.649281951349911,0,False,0.46023125738186393,11.796050914691751,8,0.803741486073202,0.005083577988395172,False,0,False,0.9,1,1.8391306821299467,2.035453550044793,0.13000297826431312,1.5,0.29277002188455997,0.48161781431215467,True,2.9155064022578245,4.724962463278676,1,1024,6,8,9,128.0,1.0,True,1
llava,projector,NExTVideo_1106_2797596111,Compositional,4,0.25173376672924475,3,0.5830700869034422,2.693037515892874,0,False,0.5387907468198609,3.6844960029149734,8,0.7117100182022246,0.0209696283609166,False,0,False,0.9,1,1.7369740430170806,2.013335220696404,0.1840201638268302,3.5,0.7319250547113999,0.03899827398782236,False,2.9557037061364078,5.543072133521132,0,4096,5,6,9,682.6666666666666,1.0000000000000002,True,1
llava,hidden,NExTVideo_1106_2797596111,Compositional,4,0.655288122039994,4,0.3822308769653184,1.3313753331024216,0,False,0.14138289469281132,0.6976058907848657,6,0.4662927705462851,0.17433032100794135,False,0,False,0.9,1,1.8579188219807141,2.205860578322376,0.18457910273801148,1.5,-0.19518001458970666,0.6432255386372303,True,1.2339420574883602,1.7599832564290918,1,4096,6,8,9,512.0,1.0000000000000002,True,1
llava,vision,NExTVideo_1106_3459862895,Semantic,4,0.7269212959283683,3,0.46420429072218355,4.247192366898089,0,False,1.7376777840972146,11.890863393140304,4,-0.766928898924811,0.00963835937752333,True,1,False,0.7,1,1.8267176356709707,1.970323395530967,0.07707384982797783,2.5,-0.29277002188455997,0.48161781431215467,False,3.85043319010301,4.835445959027662,0,1024,6,7,9,146.28571428571428,0.9999999999999999,True,1
llava,projector,NExTVideo_1106_3459862895,Semantic,4,0.5077067807551123,3,0.4462486538298835,3.6781664653388435,0,False,1.1972184364096328,4.921144119233656,6,-0.503105357694676,0.1382652831590591,False,0,False,0.8,1,1.8252389543279768,2.0517520477408913,0.14863199603453195,2.5,-0.048795003647426664,0.9086544876553411,False,3.6118116128601585,4.6563822837528015,0,4096,6,7,9,585.1428571428571,1.0,True,1
llava,hidden,NExTVideo_1106_3459862895,Semantic,4,0.5278930194610214,3,0.35654217602032434,0.7455777157777036,0,False,0.05145288523500735,5.131972864907071,4,-0.5705951008000594,0.08497172598894799,True,1,False,0.6,1,1.9642972122346136,2.319470369243233,0.2432336679582342,3.5,-0.34156502553198664,0.4076337385331202,False,0.9211587390309304,1.1186153623315216,1,4096,6,7,9,585.1428571428571,0.9999999999999998,True,1
llava,vision,NExTVideo_1106_4229009987,Semantic,3,0.909752089522553,1,0.4450193100006128,4.132537568591643,0,False,1.1200688617262027,45.91294294910844,8,0.7095099819703212,0.02155345612408502,False,0,True,1.0,1,1.82191344018937,2.009837257381354,0.11373413243597835,0.5,-0.303080403105545,0.465565587468576,True,2.6061282245780006,3.4690760724224843,1,1024,6,7,9,146.28571428571428,1.0,True,1
llava,projector,NExTVideo_1106_4229009987,Semantic,3,0.9342097401920284,3,0.47284076840262335,4.380847623097316,0,False,1.3717633311289608,63.08773764674718,2,0.3914537831560393,0.2632875529923414,True,0,False,0.8,1,1.883047510423435,2.2702880769603424,0.2123091158127665,1.5,-0.23034110636021415,0.5831437849827301,True,2.8368048347808186,4.04425799547608,1,4096,5,7,9,585.1428571428571,1.0,True,1
llava,hidden,NExTVideo_1106_4229009987,Semantic,3,0.9355158273824604,0,0.4684486453743742,0.12361377877262937,0,False,0.0011424865857312515,0.003964099017893409,6,0.0,1.0,False,0,False,0.9,1,1.9292327457318594,2.379564139655912,0.36024361334506483,2.5,-0.5576679417142029,0.15093552952297815,False,0.08625896387043513,0.12501177496690072,1,4096,5,6,9,682.6666666666666,1.0,True,1
llava,vision,NExTVideo_1106_6016405951,Compositional,4,0.8637400387599439,3,0.6153719188742693,4.533947411270699,0,False,2.667154725176933,86.37487797192892,2,-0.8031111391916144,0.005145010715330344,False,0,False,0.7,1,1.9772358147330482,2.444674254751233,0.3000796784564549,2.5,0.048795003647426664,0.9086544876553411,False,4.13675948953411,6.7802785277772015,0,1024,5,7,9,146.28571428571428,1.0,True,1
llava,projector,NExTVideo_1106_6016405951,Compositional,4,0.8941022428189441,3,0.5553997695959098,4.360328561571723,0,False,2.0671159687308918,44.77274688088356,2,-0.38039673386670625,0.27819714502827286,False,0,False,0.7,1,2.0131531777033853,2.4224454069056938,0.21743105711118987,2.5,0.29277002188455997,0.48161781431215467,False,3.8139439910593023,6.5754773699705735,0,4096,5,7,9,585.1428571428571,1.0,True,1
llava,hidden,NExTVideo_1106_6016405951,Compositional,4,0.9906019990496143,1,0.8481032219889275,0.31688690670373876,1,False,0.010492310793853021,0.4850606510141125,2,-0.503105357694676,0.1382652831590591,False,0,False,0.9,1,1.7449125272884791,2.351986326547332,0.3522240121928818,1.5,0.0,1.0,True,0.12293347476045918,0.17601179531350641,1,4096,3,4,7,1024.0,1.0,True,1
llava,vision,NExTVideo_1106_7828681900,Geometric,4,0.0804143614423467,4,0.2532815954626809,1.9381649507243905,0,False,0.2522477650696616,35.65384915441053,3,-0.6615666472268088,0.03721346606617185,True,1,False,0.4,0,2.003793522831697,2.252133881725631,0.11803620137520368,3.5,0.14638501094227999,0.7294239249593866,False,2.9343432428146867,3.3012885620861763,0,1024,7,8,9,128.0,1.0,True,1
llava,projector,NExTVideo_1106_7828681900,Geometric,4,0.6663520249467645,4,0.43830037593929194,2.132194826884412,0,False,0.4327871344186251,71.87277167832413,3,-0.5153762200774729,0.12735809092369935,True,1,False,0.4,0,2.0540187615681047,2.4216993043780235,0.2222017576769161,1.5,-0.34156502553198664,0.4076337385331202,True,3.058039985579345,4.203933300320806,1,4096,6,7,9,585.1428571428571,1.0,True,1
llava,hidden,NExTVideo_1106_7828681900,Geometric,4,0.9010913460871224,4,0.4338945518119889,3.4648384010669853,0,False,1.1591046332746262,3.4060891208071076,2,-0.288365265995729,0.4190895266730382,False,0,False,0.6,1,2.0167227182646617,2.4858017831353263,0.3358623023753967,3.5,0.7807200583588266,0.022214514665634247,False,3.7610279422171056,5.4338012649229395,0,4096,6,7,9,585.1428571428571,1.0,True,1
llava,vision,NExTVideo_0051_2400074985,Geometric,6,0.658638918186013,3,0.3195538491466102,2.238875158811902,0,False,0.4484709231844276,2.0928409335601033,7,-0.4159196446032918,0.23190231526781546,True,0,True,1.0,1,1.8387505783533609,2.0517837862373463,0.12488752307948053,0.5,0.28917761562712796,0.4872612723244323,True,2.7707200948220843,3.4014696194231333,1,1024,7,8,9,128.0,0.9999999999999999,True,1
llava,projector,NExTVideo_0051_2400074985,Geometric,6,0.426192098811915,4,0.4087472063304784,2.0183056987199297,0,False,0.44412356821227517,13.226786471264308,7,-0.34252206026153437,0.33262298654867434,True,0,True,1.0,1,1.8250238366553178,2.2887008120107777,0.2891499223803431,0.5,0.19278507708475195,0.6473844523388663,True,2.743305851615462,4.657507125519191,1,4096,6,7,9,585.1428571428571,0.9999999999999999,True,1
llava,hidden,NExTVideo_0051_2400074985,Geometric,6,0.8954468195199052,1,0.4378861718729514,1.187859224238553,0,False,0.1356416225245612,5.276717108904272,4,0.08563051506538359,0.8140507320149991,False,0,False,0.7,1,1.9486025768033743,2.3316790167722363,0.18671527222632242,2.5,0.6506496351610379,0.08061471293837588,False,1.1107213646682044,1.4322286073089627,0,4096,6,7,9,585.1428571428571,1.0,True,1
llava,vision,NExTVideo_0051_3702633786,Geometric,5,0.8514568628876711,1,0.5257916487578906,5.289920459078571,1,True,2.7657137164148713,11.529313799794377,5,-0.8221477796473973,0.003510628130454474,True,1,False,0.8,1,1.9213238528856462,2.161013833504777,0.15207732645580307,1.5,-0.2545875386086578,0.54287360327434,True,4.394098363604408,5.654938406713686,1,1024,6,8,9,128.0,1.0,True,1
llava,projector,NExTVideo_0051_3702633786,Geometric,5,0.7281395745696384,4,0.5073193859558831,5.151130590315749,0,False,2.3782093296720346,4.810257027693732,8,-0.7117100182022246,0.0209696283609166,False,0,False,0.9,1,1.955851747164353,2.3809535582936894,0.2567116851680048,1.5,-0.10910894511799618,0.7970385741881917,True,4.73809768277618,6.5235497751347395,1,4096,6,7,9,585.1428571428571,1.0,True,1
llava,hidden,NExTVideo_0051_3702633786,Geometric,5,0.6564081391557022,4,0.5671538209006961,12.429482198469342,0,False,13.33295167052159,56.89178398817812,2,-0.3865321650581048,0.26986858257602425,False,0,False,0.6,1,1.9166217123313505,2.40167768899821,0.22082409764612745,3.5,-0.0363696483726654,0.9318670204387731,False,9.460839126057145,12.67988179734585,0,4096,4,6,8,682.6666666666666,1.0,True,1
llava,vision,NExTVideo_0051_6783561967,Geometric,3,0.9312608962435851,4,0.36480715323844265,4.023215866576059,0,False,1.1241185555053264,8.566944983561793,8,0.3547549909851606,0.3144835743992483,False,0,False,0.8,1,1.9706860160440582,2.3446489824832546,0.16523324656739394,2.5,0.27883397085710143,0.5036528556919295,False,3.242475460154332,5.478699711952263,0,1024,6,7,9,146.28571428571428,1.0000000000000002,True,1
llava,projector,NExTVideo_0051_6783561967,Geometric,3,0.9766603801949267,4,0.5354358444646169,5.340736492285118,0,False,1.903317368734011,91.67688671491986,8,-0.07339758434175737,0.8403049467229717,False,0,False,0.9,1,1.9636886050199602,2.132684512126683,0.11393231502523612,0.5,-0.060616080621109,0.8866229447346792,True,3.238551993166868,5.811465260479864,1,4096,5,7,9,585.1428571428571,0.9999999999999998,True,1
llava,hidden,NExTVideo_0051_6783561967,Geometric,3,0.741590072462261,3,0.782931957746743,3.117867539733425,0,False,2.156764299701721,3.1758849164401965,7,0.6238794669049376,0.05389846922626328,False,0,False,0.7,1,1.749932647225065,2.2678534318718957,0.3371346202840812,2.5,0.2909571869813232,0.4844624488127287,False,2.79160073725851,4.314202117128479,0,4096,3,5,8,819.2,0.9999999999999997,True,1
llava,vision,NExTVideo_0051_8697708107,Geometric,5,0.4662334248929788,4,0.4481930498144006,3.9308755162850972,0,False,1.2041358773155326,8.439917005479053,8,-0.4662927705462851,0.17433032100794135,False,0,False,0.8,1,1.7599470265708115,1.9968027992583195,0.15598104987266123,2.5,-0.49705186109309374,0.21015282962943616,False,3.883511873952672,5.804114623805968,1,1024,6,7,9,146.28571428571428,0.9999999999999999,True,1
llava,projector,NExTVideo_0051_8697708107,Geometric,5,0.6560660899056308,4,0.46063838969243,3.9395566195287173,0,False,1.5865124250269085,45.26070011315819,8,-0.0061354311913984876,0.9865792494806584,False,0,False,0.9,1,1.755361212682278,2.228022736972379,0.22189853249469252,2.5,0.1697250257391052,0.6878242591661421,False,3.971499637740615,6.099978892855699,0,4096,6,7,9,585.1428571428571,1.0,True,1
llava,hidden,NExTVideo_0051_8697708107,Geometric,5,0.7773901716922811,4,0.4375434392150685,0.3465844542158505,0,False,0.010648452616709294,0.5510529985531816,8,-0.05521888072258639,0.8795763328505938,False,0,False,0.8,1,1.8848360636854,2.056385831501431,0.13613254860807808,2.5,0.13335537736643982,0.7529072847094918,False,0.3162701701708352,0.4348721226593464,0,4096,5,7,9,585.1428571428571,0.9999999999999999,True,1
llava,vision,NExTVideo_0051_11585666326,Geometric,5,0.7225743231118502,4,0.4593434689862473,2.6595529115737073,0,False,0.8300096359654052,25.000338383921665,1,-0.503105357694676,0.1382652831590591,False,0,False,0.8,1,1.818856806303333,2.165785730429331,0.21898551106986736,4.5,-0.20609467411177057,0.6243753960778087,False,2.7873259188403057,3.2918622322052666,0,1024,6,7,9,146.28571428571428,1.0,True,1
llava,projector,NExTVideo_0051_11585666326,Geometric,5,0.6986088271357284,3,0.6001985756947916,2.794745202482099,0,False,1.2032732613629036,2.434574876839253,1,-0.3415530132194222,0.3340824398753051,False,0,False,0.9,1,1.7561222963384635,2.279063469907159,0.27053100171646766,4.5,-0.303080403105545,0.465565587468576,False,2.7655752351471237,3.633287218854921,1,4096,5,7,9,585.1428571428571,1.0,True,1
llava,hidden,NExTVideo_0051_11585666326,Geometric,5,0.731134885036456,3,0.6109278771549767,0.14978972540290336,0,False,0.001851320400338243,0.07732003995145124,1,-0.05521888072258639,0.8795763328505938,False,0,False,0.8,1,1.7912281454783052,2.3992734290263775,0.36020979143216536,1.5,-0.23034110636021415,0.5831437849827301,True,0.08367416290118096,0.10200721015399868,1,4096,3,5,8,819.2,1.0,True,1
llava,vision,NExTVideo_0052_5455648195,Semantic,4,0.7264857259398936,3,0.33615851199153884,3.081604126637169,0,False,0.6658551690152372,2.391027798807819,1,0.07976060548818034,0.8266294205655288,False,0,False,0.3,0,1.9198606027059093,2.1385765761521456,0.14463753703617768,0.5,-0.3903600291794133,0.3390301832455655,True,2.974151440109374,5.4391684886338,1,1024,6,7,9,146.28571428571428,1.0000000000000002,True,1
llava,projector,NExTVideo_0052_5455648195,Semantic,4,0.2988038758039868,4,0.47609327731771733,3.076082288663717,0,False,0.7625701970881795,6.3992766195822295,1,0.3067715595699244,0.38860407560377896,False,0,False,0.5,0,1.9475476598455113,2.292713462811946,0.31512070002162546,0.5,-0.09759000729485333,0.818177202735276,True,3.5280358030233527,7.367208578719302,1,4096,5,7,9,585.1428571428571,0.9999999999999998,True,1
llava,hidden,NExTVideo_0052_5455648195,Semantic,4,0.40837177091062815,2,0.4329871057636826,0.11343821572518654,0,False,0.001206902104787732,0.08908018338297119,1,0.0981668990623758,0.7873173648718517,False,0,False,0.6,1,1.982921070221594,2.3193029874469264,0.22198213723070345,3.5,0.5855400437691199,0.12724658986372073,False,0.16393815272311585,0.2620954080829595,0,4096,6,7,9,585.1428571428571,1.0,True,1
llava,vision,NExTVideo_0052_10041199716,Semantic,6,0.6951058209060743,4,0.36113198748463826,2.503040965899572,0,True,0.5049591766637926,5.021064823846556,1,-0.012232930723626228,0.973244468102433,False,0,False,0.8,1,1.8470318970969468,1.9525226937493105,0.08188002384819897,5.5,0.614502433207647,0.10500463789515228,False,2.471382813424185,3.2393100374886443,0,1024,6,8,9,128.0,1.0,True,1
llava,projector,NExTVideo_0052_10041199716,Semantic,6,0.0023928098687586554,2,0.3589140373044745,2.302287232738469,0,False,0.3562030265207213,46.28753394043961,7,-0.36087145634697376,0.30561301849615596,True,0,False,0.7,1,1.8808941011996705,2.1717357633945826,0.21223156849460395,2.5,0.04819626927118799,0.909771840305317,False,2.733951225669414,3.3392867003355655,0,4096,6,7,9,585.1428571428571,1.0000000000000002,True,1
llava,hidden,NExTVideo_0052_10041199716,Semantic,6,0.8519284691551768,2,0.5510068575148721,0.9788140155157943,0,False,0.11592124325220561,0.16967170846302837,1,-0.1134990684658145,0.7548944852330584,False,0,False,0.7,1,1.8674389433959524,2.2227862633944513,0.2498744379572345,5.5,0.6626987024788349,0.07330582330837652,False,0.8116013293237152,1.1185397843254261,0,4096,5,7,9,585.1428571428571,1.0000000000000002,True,1
llava,vision,NExTVideo_0053_3701610241,Semantic,5,0.9296154525149578,2,0.44435497276364794,3.7999336088760485,0,False,1.3558285056059667,14.003741586245559,3,-0.34971957790971375,0.3218862439374824,False,0,True,1.0,1,1.8216418528241531,1.9593581644980158,0.09591452487091474,0.5,-0.5091750772173156,0.19747302644349035,True,2.929226045280818,3.6842927620491888,1,1024,6,7,9,146.28571428571428,1.0,True,1
llava,projector,NExTVideo_0053_3701610241,Semantic,5,0.8391978270836716,4,0.6263039423096366,3.470665368442065,0,False,1.5683579615955958,76.79437741297605,1,-0.3926675962495032,0.2616781862729173,False,0,True,1.0,1,1.8770919631932754,2.0812517938032418,0.19354269151010575,2.5,0.3152036192297668,0.44697209677347505,False,2.772507187889368,3.976243912109251,0,4096,4,6,9,682.6666666666666,1.0000000000000002,True,1
llava,hidden,NExTVideo_0053_3701610241,Semantic,5,0.9276383707869389,2,0.49442829728983195,1.4999630930018995,0,False,0.20207454790698706,0.3909764952460536,3,0.5815632387249622,0.07781542473579885,False,0,False,0.7,1,1.9104157443206478,2.2034245098416854,0.26182270175958716,0.5,-0.6182840223353118,0.10227853298592701,True,1.1145891761099345,1.425297572646217,1,4096,6,7,9,585.1428571428571,1.0,True,1
llava,vision,NExTVideo_0053_5599511471,Semantic,6,0.8547650197276416,4,0.5687621854690382,2.9433269367779755,0,False,1.2729235684481242,31.111402470564457,6,-0.6666947244376294,0.03525468046844947,True,1,False,0.7,1,1.885830482976925,2.1046049853168123,0.17687262519871383,5.5,0.36147201953390995,0.3789640738097752,False,2.938361545306269,3.449879751664272,0,1024,6,7,9,146.28571428571428,1.0000000000000002,True,1
llava,projector,NExTVideo_0053_5599511471,Semantic,6,0.877565865352217,4,0.5853481409406788,2.6780211206498326,0,False,1.3204489490304419,86.67844441958229,6,-0.5565983479249934,0.09470010509948193,True,1,False,0.9,1,1.8825181585956212,2.2462537922710313,0.278991575197953,1.5,0.09639253854237598,0.8203804112381492,True,2.918268461102457,3.5584163152008963,1,4096,5,7,9,585.1428571428571,1.0,True,1
llava,hidden,NExTVideo_0053_5599511471,Semantic,6,0.9113949609699339,4,0.6323786407690987,1.171268863264515,0,False,0.2042720489979691,1.1326538428682384,3,-0.44479364669035415,0.19773687029351097,False,0,False,0.7,1,1.8803614708850684,2.2681973630379915,0.1977637047080994,3.5,-0.5060608273474739,0.20069069612724155,False,0.9854274754628402,1.2487125888056108,1,4096,5,7,9,585.1428571428571,1.0,True,1
llava,vision,NExTVideo_0054_2971876369,Compositional,4,0.9104028441670152,1,0.5588662527707748,4.205757941532444,1,True,2.079594847352325,14.717711803379908,1,-0.6810328622452322,0.03015088403187696,False,1,True,1.0,1,1.8221534940627833,2.1676408866642416,0.18675219191318498,3.5,0.2439750182371333,0.560375584963329,False,3.225891600323301,4.749101402568382,0,1024,5,6,9,170.66666666666666,1.0000000000000002,True,1
llava,projector,NExTVideo_0054_2971876369,Compositional,4,0.9163746070286873,1,0.5563275637153496,4.175874452161469,1,False,1.9867582044613337,26.183520651071547,1,-0.5890013943742548,0.07319160667714436,False,0,False,0.9,1,1.7984345245280462,2.285812519283952,0.2272321228993333,3.5,0.4879500364742666,0.2199438192418187,False,3.0804426809125527,4.938728879550448,0,4096,5,6,8,682.6666666666666,1.0,True,1
llava,hidden,NExTVideo_0054_2971876369,Compositional,4,0.7862574598977136,3,0.42854534026769164,5.663582991572862,0,False,3.5000998638583325,7.081299635072547,3,-0.4908344953118791,0.1497270348644938,True,0,False,0.7,1,1.8636778137898142,2.2659333274665094,0.36187072358451594,1.5,0.09759000729485333,0.818177202735276,True,5.4157877029820085,8.893996196930214,1,4096,4,6,8,682.6666666666666,1.0000000000000002,True,1
llava,vision,NExTVideo_0054_11276956514,Compositional,6,0.8373525659321459,2,0.5352287847032678,2.461604916300737,0,True,0.7943346033686114,10.416433013012178,3,-0.18961042621620655,0.5998202354260891,False,0,False,0.8,1,1.9133079592600044,2.1787164354253323,0.14333463808720015,0.5,0.156637875131361,0.7110725947268531,True,2.2967204420957223,2.603038790369397,1,1024,6,7,9,146.28571428571428,0.9999999999999998,True,1
llava,projector,NExTVideo_0054_11276956514,Compositional,6,0.7107020060351307,3,0.4941006938208234,2.4202218915633913,0,False,0.6523600901007642,33.92669909334218,5,-0.4036867138796655,0.2473172208874933,True,0,False,0.7,1,1.9841085490735266,2.3397461859926363,0.19410713786356792,1.5,-0.22893227903814295,0.5855140871254392,True,2.5610236971158757,3.668273240004756,1,4096,5,7,9,585.1428571428571,1.0,True,1
llava,hidden,NExTVideo_0054_11276956514,Compositional,6,0.9075610495587976,4,0.6630465934545563,13.619767269115101,0,False,28.34354098564098,65.38607185126321,4,0.428152575326918,0.21704604004813932,False,0,False,0.9,1,1.8378972895888221,2.272964410590783,0.23231431760693216,2.5,-0.30122668294492494,0.46843563689690226,False,9.470989648122782,14.469825882293492,1,4096,3,5,8,819.2,1.0,True,1
llava,vision,NExTVideo_0055_3446247254,Semantic,5,0.8994077790309066,4,0.4948632969766563,3.241645608981417,0,False,1.2171264434235876,12.392222600945322,3,-0.38039673386670625,0.27819714502827286,False,0,False,0.7,1,1.937246049175709,2.074152206286437,0.12032140712515926,3.5,0.13335537736643982,0.7529072847094918,False,3.137289106413733,4.299317497481633,0,1024,6,8,9,128.0,1.0000000000000002,True,1
llava,projector,NExTVideo_0055_3446247254,Semantic,5,0.9223879499742555,3,0.4681117323927521,3.113747461306839,0,False,1.2499620710221657,27.85172400494447,3,-0.23928181646454103,0.5055248490013543,False,0,False,0.7,1,1.9553234134269177,2.182066387135991,0.17142180598943157,0.5,-0.2909571869813232,0.4844624488127287,True,3.109370766942101,4.027430080578149,1,4096,5,7,9,585.1428571428571,1.0,True,1
llava,hidden,NExTVideo_0055_3446247254,Semantic,5,0.6003452433544054,4,0.40359260622851717,0.44003690901455406,0,False,0.017177521650139686,0.2894551762602547,1,-0.08589603667957883,0.8134826260277104,False,0,False,0.8,1,2.05645241080858,2.3666337433367115,0.1838283029382248,1.5,0.4000661320993194,0.3260725127433412,True,0.603032739661101,0.7418368712027361,1,4096,6,7,9,585.1428571428571,0.9999999999999999,True,1
llava,vision,NExTVideo_0055_8727084602,Geometric,4,0.8466254861921679,2,0.354721589302826,4.307410237821407,0,False,1.7287091237678776,7.370290990456428,3,-0.5644596696086609,0.08915310781357492,True,1,False,0.5,0,1.829369301273826,2.4298021735274076,0.30751117513829396,1.5,0.048795003647426664,0.9086544876553411,True,4.383062541078656,6.098056747150182,1,1024,6,7,9,146.28571428571428,1.0,True,1
llava,projector,NExTVideo_0055_8727084602,Geometric,4,0.9069395934611489,3,0.41044900267175843,4.3288329042214,0,False,1.7467251597206797,8.429586902994785,3,-0.5569468053397785,0.09444969423077937,True,1,False,0.8,1,1.8889299145541458,2.4503198265435637,0.29660799662137244,1.5,0.0,1.0,True,4.041249629297831,5.782970882753476,1,4096,6,7,9,585.1428571428571,1.0,True,1
llava,hidden,NExTVideo_0055_8727084602,Geometric,4,0.378022178953448,1,0.5647446471054954,0.1911123659920833,0,False,0.003923266165850992,0.15279254991382946,2,0.05521888072258639,0.8795763328505938,False,0,False,0.4,0,1.830473050505137,2.086695193955506,0.19265843565800794,1.5,0.09759000729485333,0.818177202735276,True,0.24036125731903513,0.41675486830645936,1,4096,4,6,8,682.6666666666666,1.0,True,1
llava,vision,NExTVideo_0056_3336398510,Semantic,3,0.848775607462518,3,0.33851492541830686,2.91003791939855,0,False,0.8996043026498027,4.322908284933664,7,0.10736398368387859,0.7678298356176304,False,0,False,0.9,1,1.93842933827635,2.227481637487428,0.1766788655043209,3.5,0.7637626158259734,0.027396043909112048,False,3.6041418373353302,5.5520945737405984,0,1024,6,8,9,128.0,0.9999999999999998,True,1
llava,projector,NExTVideo_0056_3336398510,Semantic,3,0.7770602671214077,3,0.403393783115589,2.7239861821319247,0,False,0.8274309407763194,17.52719758471816,7,0.06728111897994425,0.8534869800138071,False,0,False,0.8,1,1.8838803346835262,2.1478532450247316,0.17422270538448836,3.5,0.363696483726654,0.37581778408044225,False,3.1475836235423276,4.289204341391235,0,4096,6,7,9,585.1428571428571,1.0,True,1
llava,hidden,NExTVideo_0056_3336398510,Semantic,3,0.9483180230112344,3,0.5173497684671357,3.994102021659413,0,False,1.8925433326499537,6.037836113901452,7,0.3364055948997212,0.341889773309019,False,0,False,0.8,1,1.7564324722838973,2.1699788618189926,0.1876486571624176,3.5,0.60616080621109,0.1111631317899513,False,3.1733269272650406,4.510556449708025,0,4096,5,7,9,585.1428571428571,0.9999999999999998,True,1
llava,vision,NExTVideo_0057_3381752581,Semantic,5,0.8630912029263031,1,0.4252968424343102,2.9374875773920377,0,True,0.8659747170637916,5.952520803670679,2,-0.1472503485935637,0.6847836760627853,False,0,False,0.6,1,1.8896442420315807,2.360907959899806,0.2619406724497366,1.5,0.048492864496887195,0.9092183207331314,True,2.813581377777641,4.287982821968231,1,1024,6,7,9,146.28571428571428,0.9999999999999999,True,1
llava,projector,NExTVideo_0057_3381752581,Semantic,5,0.8608513648717586,3,0.4548192753249555,2.804508167687566,0,False,0.8186390092812583,12.830369954012687,2,-0.07362517429678185,0.8398151212437741,False,0,False,0.5,0,1.9610808173364158,2.4053392062531946,0.24355767561771782,1.5,0.121232161242218,0.7749070997119826,True,2.8317849275475893,3.6765587387124232,1,4096,6,7,9,585.1428571428571,1.0,True,1
llava,hidden,NExTVideo_0057_3381752581,Semantic,5,0.8578466993168798,3,0.481546223247044,0.6483798230872937,0,False,0.04409806289591911,0.6051918946067618,2,-0.0490834495311879,0.8928882547542834,False,0,False,0.9,1,1.959933329707289,2.2510454995361004,0.15941034392159037,1.5,0.20609467411177057,0.6243753960778087,True,0.6396274432701583,0.9414457430709892,1,4096,5,7,9,585.1428571428571,0.9999999999999998,True,1
llava,vision,NExTVideo_0057_7001078933,Semantic,6,0.9668233437713453,2,0.35610720689904074,4.767553166578293,0,False,1.2841969363034198,144.4662561586493,1,0.052148220646455315,0.8862354791727094,False,0,True,1.0,1,1.8066328304006118,2.075417117522863,0.21015032812631906,0.5,-0.14458880781356398,0.7326507408997529,True,3.2090059844929275,4.037031400402613,1,1024,6,8,9,128.0,1.0,True,1
llava,projector,NExTVideo_0057_7001078933,Semantic,6,0.9809813128977766,2,0.5909240854051065,6.312762389582473,0,False,2.628373407780626,259.5839703253397,1,0.1380394075935582,0.7037271450967266,False,0,False,0.7,1,1.8993388686604158,2.431170527488166,0.42210773086383047,3.5,0.16868694244915797,0.689660806707391,False,3.724250224662895,5.786045310073428,0,4096,5,7,9,585.1428571428571,1.0,True,1
llava,hidden,NExTVideo_0057_7001078933,Semantic,6,0.9616411167101271,3,0.3457451892878116,0.3365763838779513,0,False,0.0068592833856474435,0.028451527660619324,8,-0.2263092183870852,0.5295334397348499,False,0,False,0.8,1,1.958444456436328,2.2666389222787338,0.22914025667539936,1.5,-0.5060608273474739,0.20069069612724155,True,0.29037635977843623,0.40805506298324634,1,4096,7,8,9,512.0,1.0000000000000002,True,1
llava,vision,NExTVideo_0059_2400084970,Geometric,6,0.8458513777829699,3,0.4564020064847742,3.7148192298768232,0,False,1.5720353872372956,26.997665990274832,6,-0.6840619531858549,0.029141157940477894,True,1,False,0.7,1,1.9593203692480028,2.278644396105918,0.2031822722230522,1.5,0.4217173561228949,0.2980286979370498,True,4.051805574269655,4.732207227251118,1,1024,7,8,9,128.0,1.0,True,1
llava,projector,NExTVideo_0059_2400084970,Geometric,6,0.8255172494444345,3,0.5828150253721903,3.9613705086421525,0,False,2.3490496683835005,68.56792959580132,6,-0.7951404970357048,0.0059682273636222595,True,1,False,0.7,1,2.0135389577100957,2.6051120156960015,0.2898333681946332,1.5,0.626551500525444,0.09646118602901278,True,4.598481637205386,7.078703953555574,1,4096,5,7,9,585.1428571428571,1.0,True,1
llava,hidden,NExTVideo_0059_2400084970,Geometric,6,0.8658810850480116,2,0.35047926563748555,0.1574229824662205,0,False,0.002168690248630465,0.008828884034698805,1,-0.14679516868351475,0.6857161990853948,False,0,False,0.7,1,2.0754280552769337,2.347507117787388,0.1804276698567851,5.5,0.7229440390678199,0.04273152349785686,False,0.18803557011282174,0.2348032426789329,0,4096,6,8,9,512.0,1.0,True,1
llava,vision,NExTVideo_0060_5856167780,Semantic,5,0.8568473979373255,1,0.31195727645906235,3.2899942900730053,0,False,0.7413612188106387,80.13766849921736,2,0.10430233025377429,0.774304654354067,False,0,False,0.8,1,1.8167886201147372,2.1511792174248985,0.27998834454796706,0.5,-0.3152036192297668,0.44697209677347505,True,2.919840102226858,3.711158747658492,1,1024,6,7,9,146.28571428571428,1.0,True,1
llava,projector,NExTVideo_0060_5856167780,Semantic,5,0.9825973148974196,3,0.42600717673059313,4.250191126889009,0,False,1.109837634707117,331.5891397616976,2,-0.012270862382796975,0.9731615299585203,False,0,False,0.9,1,1.8545139809489688,2.480042084697068,0.3841216208043348,2.5,0.242464322484436,0.5628829267771582,False,2.865657802351545,4.7670213179308405,0,4096,6,7,9,585.1428571428571,1.0000000000000002,True,1
llava,hidden,NExTVideo_0060_5856167780,Semantic,5,0.8775482714862581,3,0.42734384953817584,0.8826704521251889,0,False,0.06803355400155024,0.12296440007410517,0,0.5077139385694114,0.13410409423580502,False,0,False,0.8,1,1.995642515767988,2.2042902851855444,0.20315312446380485,3.5,0.242464322484436,0.5628829267771582,False,0.7958268060465341,1.1321098429024132,0,4096,6,7,9,585.1428571428571,1.0,True,1
llava,vision,NExTVideo_0061_3530395394,Semantic,4,0.7791863617869496,4,0.6805455688896149,5.069911378693247,0,False,4.637758374279843,54.92053376825943,5,-0.8773666603699838,0.0008511884372885058,True,1,False,0.6,1,1.8374069009125482,2.356133162312661,0.2218069991173124,0.5,-0.19518001458970666,0.6432255386372303,True,4.880367827863821,9.943736994660059,1,1024,4,6,9,170.66666666666666,0.9999999999999999,True,1
llava,projector,NExTVideo_0061_3530395394,Semantic,4,0.7853217735029351,4,0.7905736060455778,5.486272448189957,0,False,7.865515783494462,72.00941397407901,5,-0.8221477796473973,0.003510628130454474,True,1,False,0.6,1,1.9251196403700377,2.394719164676522,0.21906715933508447,0.5,0.048795003647426664,0.9086544876553411,True,5.8970340049239685,12.762996858628567,1,4096,3,5,8,819.2,1.0,True,1
llava,hidden,NExTVideo_0061_3530395394,Semantic,4,0.4298053550245129,4,0.4335578294870965,8.697030961630709,0,False,5.506573286063711,28.34386691707786,5,-0.19019836693335312,0.5986683040717657,True,0,False,0.6,1,1.8255021309799089,2.630945477237651,0.4531354703010461,0.5,-0.14638501094227999,0.7294239249593866,True,7.87429562676048,18.033762146006936,1,4096,4,5,8,819.2,1.0,True,1
llava,vision,NExTVideo_0000_5650793185,Semantic,4,0.4277944561704644,4,0.31325395891276264,3.5267862822965124,0,False,0.6916292036785618,3.24478294207469,5,-0.2024692293161501,0.5748125526418609,True,0,False,0.4,0,1.9729675761820555,2.1986551688820195,0.13811103232448385,1.5,-0.5367450401216933,0.17018920126883436,True,4.16712332080543,5.197922674221943,1,1024,7,8,9,128.0,0.9999999999999998,True,1
llava,projector,NExTVideo_0000_5650793185,Semantic,4,0.3719514496518422,4,0.3670798968828869,3.112890498021416,0,False,0.6130216394285004,20.416698442004307,8,0.22087552289034557,0.5397245232079747,False,0,False,0.5,0,2.0090335458620614,2.2154515001127684,0.16221712623195958,1.5,-0.14638501094227999,0.7294239249593866,True,3.7787255384969125,4.393990634241565,1,4096,6,8,9,512.0,1.0000000000000002,True,1
llava,hidden,NExTVideo_0000_5650793185,Semantic,4,0.6945676729114251,3,0.33639413021182657,10.528976636193068,0,False,7.129046449484832,305.69641802656946,1,-0.6061796721101458,0.06320565239402053,False,0,False,0.4,0,2.015533021687112,2.1898789737572537,0.15319901542075293,2.5,-0.14638501094227999,0.7294239249593866,False,10.889444004061424,14.72362657039141,0,4096,6,7,9,585.1428571428571,0.9999999999999998,True,1
llava,vision,NExTVideo_0002_10192494165,Geometric,4,0.7609733378422177,3,0.5224896350734844,3.2647667642265095,0,False,1.2611309067435514,6.925178266145329,8,0.02454172476559395,0.9463472996802752,False,0,False,0.8,1,1.9038703981254117,2.1537710936907923,0.17701462443121413,3.5,0.2439750182371333,0.560375584963329,False,3.351648169235082,3.937007833516306,0,1024,7,8,9,128.0,0.9999999999999998,True,1
llava,projector,NExTVideo_0002_10192494165,Geometric,4,0.6422903578012189,3,0.5397360338375876,3.1331711776088667,0,False,1.0388735209993336,24.30597951184388,8,-0.19019836693335312,0.5986683040717657,False,0,False,0.7,1,1.862832694691582,2.104156855227879,0.18891011025182433,3.5,0.2439750182371333,0.560375584963329,False,3.0672277030386486,4.054795101171853,0,4096,6,7,9,585.1428571428571,0.9999999999999998,True,1
llava,hidden,NExTVideo_0002_10192494165,Geometric,4,0.5537701946415463,3,0.656025163748746,8.232715242571881,0,False,9.993936881076307,26.807027415306056,8,-0.16565664216775916,0.6474077386053476,False,0,False,0.8,1,1.8820381055866247,2.3433940102548654,0.31545785310816854,3.5,0.29277002188455997,0.48161781431215467,False,9.212894076717898,19.323846970392022,0,4096,4,5,8,819.2,1.0000000000000002,True,1
llava,vision,NExTVideo_0003_5251212639,Geometric,4,0.9146567327049038,4,0.36207393241257785,3.0039990571575306,0,False,0.6929069391549482,57.0270603467279,1,-0.38039673386670625,0.27819714502827286,False,0,False,0.6,1,2.0457845384390057,2.447326646120396,0.27173674945633564,1.5,0.3903600291794133,0.3390301832455655,True,3.150951351033111,4.054760176923299,1,1024,7,8,9,128.0,1.0,True,1
llava,projector,NExTVideo_0003_5251212639,Geometric,4,0.9621375827740878,3,0.6151540193435492,4.629495320869394,0,False,1.8256006649330672,192.88894607181467,3,-0.26995897242153344,0.4506524757014977,True,0,False,0.6,1,1.9852039001911423,2.334359023392776,0.2770705182246586,1.5,0.29277002188455997,0.48161781431215467,True,3.1375540125473744,4.145357222604891,1,4096,6,7,9,585.1428571428571,1.0,True,1
llava,hidden,NExTVideo_0003_5251212639,Geometric,4,0.9411287111223698,2,0.5377731954147756,0.08879731236581122,0,False,0.000824854796960531,0.9685397102900657,8,-0.24541724765593956,0.49433232632782054,False,0,False,0.8,1,1.9988517668778696,2.4264291182397386,0.29604850775727626,1.5,0.09759000729485333,0.818177202735276,True,0.07261478763597505,0.10512644366152159,1,4096,5,6,8,682.6666666666666,1.0,True,1
llava,vision,NExTVideo_0004_9525696229,Geometric,4,0.866667766197971,2,0.40927995812438517,2.747289461207212,0,False,0.6454336131243601,1.8081326206703097,1,-0.38039673386670625,0.27819714502827286,False,0,False,0.8,1,2.0266424839397716,2.610096639345884,0.2721621757720584,0.5,-0.8295150620062534,0.010857954728721145,True,2.820304636982708,3.540919044139567,1,1024,6,7,9,146.28571428571428,0.9999999999999998,True,1
llava,projector,NExTVideo_0004_9525696229,Geometric,4,0.8676032967042527,2,0.3853864846558371,2.2929344886960874,0,False,0.4749488627948913,6.098987994717044,1,-0.4846990641204805,0.15566725143921836,False,0,False,0.7,1,1.9447365917065107,2.5648020980340567,0.25562185784869706,0.5,-0.8295150620062534,0.010857954728721145,True,2.32231510494975,2.9834591742895262,1,4096,5,7,9,585.1428571428571,0.9999999999999998,True,1
llava,hidden,NExTVideo_0004_9525696229,Geometric,4,0.9397400755130545,4,0.5599049133794634,1.1895743226117979,0,False,0.16295998482957122,2.2515344711569876,1,-0.44175104578069113,0.2011896293949472,False,0,False,0.6,1,2.012204210989374,2.5005686312934676,0.2369784668835651,0.5,-0.4879500364742666,0.2199438192418187,True,1.0349839999183883,1.4300254375203807,1,4096,5,7,9,585.1428571428571,1.0,True,1
llava,vision,NExTVideo_0004_11566980553,Geometric,4,0.6987727361055149,4,0.2450835664655438,4.5346941559017555,0,False,1.410486546299268,25.14285644172018,6,-0.1533857797849622,0.67225190847117,False,0,False,0.7,1,1.9982008616595472,2.2933802572244497,0.21344980275068626,1.5,-0.29277002188455997,0.48161781431215467,True,6.09570859686599,9.272212879590699,1,1024,7,8,9,128.0,1.0,True,1
llava,projector,NExTVideo_0004_11566980553,Geometric,4,0.6143481316287444,4,0.3082982895239487,4.4628745372936125,0,False,1.4634847108129723,16.759561989934618,6,-0.23314638527314255,0.5168224396346881,False,0,False,0.4,0,1.963408500630931,2.3720363640394964,0.2714727667984546,1.5,0.09759000729485333,0.818177202735276,True,5.953961652508069,8.951135132432977,1,4096,6,7,9,585.1428571428571,1.0,True,1
llava,hidden,NExTVideo_0004_11566980553,Geometric,4,0.9411447417610677,3,0.7193482979382886,3.8280361242610237,0,False,2.0313006527810815,1.8438043347645703,7,-0.10154278771388227,0.7801513329596135,False,0,False,0.9,1,1.996644238710301,2.604815262357239,0.38588220546134683,2.5,-0.09759000729485333,0.818177202735276,False,3.094327676360061,5.670190610781351,0,4096,4,6,8,682.6666666666666,1.0000000000000002,True,1
llava,vision,NExTVideo_0005_3250020598,Semantic,4,0.6897614199761055,4,0.32234563535653465,4.426944734297439,0,False,1.299596313059497,76.08612457560318,4,-0.5200221552620031,0.12337212317007402,True,1,False,0.8,1,1.9514834467797928,2.332491302774512,0.19218020025536547,3.5,0.2439750182371333,0.560375584963329,False,4.679333836466183,8.018686188187289,0,1024,6,8,9,128.0,1.0000000000000002,True,1
llava,projector,NExTVideo_0005_3250020598,Semantic,4,0.8250255594642071,4,0.506162080895069,4.910154447067089,0,False,2.495950120041171,68.10793327899134,8,-0.4662927705462851,0.17433032100794135,False,0,False,0.6,1,2.0885081654657256,2.5990558882893127,0.29013379093325065,3.5,0.5367450401216933,0.17018920126883436,False,5.614086259579035,11.94517301704197,0,4096,5,7,9,585.1428571428571,0.9999999999999998,True,1
llava,hidden,NExTVideo_0005_3250020598,Semantic,4,0.9553943341365732,1,0.42995937694500613,2.1314213650414966,0,False,0.3344764309482871,0.9975664469156367,4,-0.5951368255656533,0.06951501015301122,True,1,False,0.9,1,1.965474357478644,2.1139823398501933,0.13391986425756855,3.5,0.0,1.0,False,1.6522803476785421,2.218232639153247,0,4096,6,7,9,585.1428571428571,1.0,True,1
llava,vision,NExTVideo_0006_2478396375,Geometric,4,0.5551651566400243,4,0.37501629892087374,5.185590585125361,0,False,2.72248772787911,27.86972658552731,5,-0.5521888072258639,0.09790549661733505,True,1,False,0.7,1,2.233272412959324,2.553509319460945,0.4004695948680023,0.5,-0.29277002188455997,0.48161781431215467,True,9.228021787561415,11.141384014981211,1,1024,6,7,9,146.28571428571428,1.0,True,1
llava,projector,NExTVideo_0006_2478396375,Geometric,4,0.5629517656787465,4,0.48023249122292794,4.5119578746042075,0,False,2.8925415397188843,41.76727880779299,2,0.23314638527314255,0.5168224396346881,False,0,False,0.7,1,2.0766608115600933,2.646157848990468,0.5031199430432567,0.5,-0.43915503282683993,0.2763268401337456,True,8.493468607329765,11.421099369156833,1,4096,6,7,9,585.1428571428571,0.9999999999999999,True,1
llava,hidden,NExTVideo_0006_2478396375,Geometric,4,0.8778328616996276,4,0.7649397083752177,7.910371073340616,0,False,13.114016870087692,9.92447926837897,4,-0.7055745870108261,0.022625592848361013,True,1,False,0.8,1,1.8613613198797259,2.4637991706815754,0.3511994357156039,2.5,0.0,1.0,False,6.316992565437587,9.667581334819326,0,4096,4,5,8,819.2,1.0000000000000002,True,1
llava,vision,NExTVideo_0008_2744507539,Semantic,4,0.6017355044951058,4,0.5972793086244118,5.731270776707377,0,False,2.721020178516033,29.385694492701397,9,0.49696992650327754,0.14392654659800444,False,0,False,0.3,0,1.8206387416650125,1.9100018482168373,0.07302208124742691,2.5,0.19518001458970666,0.6432255386372303,False,4.090417693743598,8.379803684864095,0,1024,5,6,9,170.66666666666666,0.9999999999999999,True,1
llava,projector,NExTVideo_0008_2744507539,Semantic,4,0.6164931154604507,3,0.7192262928324089,6.180078058822538,0,False,3.9392635065498838,156.93731377563782,0,0.4356156145892926,0.20825788700156508,False,0,False,0.3,0,1.7904359353377657,2.385510950896953,0.3543660893517903,2.5,-0.09759000729485333,0.818177202735276,False,4.200173793488224,8.26997502294668,0,4096,3,5,8,819.2,0.9999999999999999,True,1
llava,hidden,NExTVideo_0008_2744507539,Semantic,4,0.9065723743725372,4,0.5511380526111511,1.6193671524055457,0,False,0.17113272287710302,2.8499003419848314,0,0.7055745870108261,0.022625592848361013,False,0,False,0.8,1,1.8647153859747645,2.1629395336298045,0.20103513264373055,3.5,0.43915503282683993,0.2763268401337456,False,0.7809842076876291,1.547323824598067,0,4096,4,5,8,819.2,0.9999999999999998,True,1
llava,vision,NExTVideo_0008_6320611157,Semantic,4,0.791135366935857,3,0.379080661255782,3.2824492130075864,0,False,1.184675032903646,114.08352710921334,7,-0.3926675962495032,0.2616781862729173,False,0,False,0.6,1,2.1029821129582067,2.3665029037210212,0.1643241135586595,2.5,0.19518001458970666,0.6432255386372303,False,4.806993042572396,5.774806670670925,0,1024,6,8,9,128.0,1.0000000000000002,True,1
llava,projector,NExTVideo_0008_6320611157,Semantic,4,0.7799472784491104,4,0.5818853803762184,3.556867580677057,0,False,2.073641316445424,227.33322943288255,5,-0.1533857797849622,0.67225190847117,True,0,False,0.6,1,2.0488582618645887,2.437430064656471,0.30825868987402844,0.5,-0.6831300510639733,0.06183472987214335,True,4.872915616103535,6.982102783311516,1,4096,5,7,9,585.1428571428571,0.9999999999999999,True,1
llava,hidden,NExTVideo_0008_6320611157,Semantic,4,0.9350458832740858,3,0.6582782420657084,14.702647337955682,0,False,22.029083343770335,76.82628231260875,5,-0.39693998833608524,0.2560567602162016,True,0,False,0.7,1,1.9478039945450742,2.415092460086864,0.3704968153657567,2.5,0.09759000729485333,0.818177202735276,False,12.671244801689653,18.81827300110014,0,4096,4,6,8,682.6666666666666,1.0,True,1
llava,vision,NExTVideo_0015_4609514164,Semantic,4,0.8774705007893325,2,0.30585803426888314,2.9307580651625305,0,False,0.6553016504892148,2.131698454041453,8,-0.20000852125461657,0.5795675083924976,False,0,True,1.0,1,1.8791064080489406,2.1877140834793596,0.17893012871830682,3.5,0.19518001458970666,0.6432255386372303,False,3.031939038196085,3.5245524180334105,0,1024,7,8,9,128.0,1.0,True,1
llava,projector,NExTVideo_0015_4609514164,Semantic,4,0.7111291163673786,3,0.31711066067858945,2.94864782559371,0,False,0.6859750139378308,2.3120888813505096,8,-0.3988030274409017,0.25362657589473037,False,0,False,0.7,1,1.852561823241254,2.3952535163965,0.28311840382380143,3.5,-0.09759000729485333,0.818177202735276,False,2.967639244716783,3.5057746247290162,0,4096,6,7,9,585.1428571428571,1.0,True,1
llava,hidden,NExTVideo_0015_4609514164,Semantic,4,0.6246968892732301,4,0.48311398376650266,0.6650169963840615,0,False,0.05658070889827631,0.39528884761930166,2,-0.015385270865739742,0.966352685275381,False,0,False,0.6,1,1.8773879265278985,2.2349133431246515,0.2025398288457458,0.5,-0.29277002188455997,0.48161781431215467,True,0.8804967233014391,1.0243036523503568,1,4096,6,7,9,585.1428571428571,1.0,True,1
llava,vision,NExTVideo_0020_2454242177,Semantic,4,0.8653982801325868,4,0.5411592464960654,6.128714379128926,0,False,4.204791443307892,65.97479002368883,5,-0.5215116512688716,0.12211083031892074,True,1,False,0.6,1,1.8779232000008017,2.0466026597532827,0.12502063182948858,0.5,-0.29277002188455997,0.48161781431215467,True,5.032758947229587,6.913127663844529,1,1024,5,7,9,146.28571428571428,0.9999999999999999,True,1
llava,projector,NExTVideo_0020_2454242177,Semantic,4,0.9429515316935517,3,0.6959680090967977,8.140918991642168,0,False,8.450679707347337,141.5976179670353,5,-0.18154619621572893,0.6156999769108882,True,0,False,0.7,1,1.8930639790581658,2.2006167792495335,0.24476281611451095,2.5,0.14638501094227999,0.7294239249593866,False,5.095215446005889,6.9748419654633995,0,4096,4,6,8,682.6666666666666,0.9999999999999998,True,1
llava,hidden,NExTVideo_0020_2454242177,Semantic,4,0.7826107394646203,3,0.3816001011493279,1.051262260395275,0,False,0.07334588945976925,0.21759762660242749,8,-0.32517785314411984,0.3592376707147828,False,0,False,0.6,1,2.007969114801573,2.2474059509552107,0.17015829005301933,0.5,-0.3903600291794133,0.3390301832455655,True,1.0359300808395582,1.3432977117191436,1,4096,7,8,9,512.0,0.9999999999999998,True,1
llava,vision,NExTVideo_0020_9209893989,Geometric,4,0.7826071937512451,4,0.37479761769048137,3.9303510350060256,0,False,1.3194691476083602,4.404574901203164,8,-0.0061354311913984876,0.9865792494806584,False,0,False,0.7,1,1.9934132102391329,2.448355013069512,0.1950470256366712,1.5,-0.43915503282683993,0.2763268401337456,True,4.469201346718274,5.693560298197629,1,1024,6,7,9,146.28571428571428,0.9999999999999999,True,1
llava,projector,NExTVideo_0020_9209893989,Geometric,4,0.7356077437858289,3,0.4068926726599114,3.786084194822409,0,False,1.2431392793873022,94.16183777548912,8,0.7055745870108261,0.022625592848361013,False,0,False,0.6,1,2.0461089985760514,2.4201558231475824,0.18221743982348765,1.5,-0.6343350474165467,0.09116266392027382,True,4.301912794901908,5.635296773118808,1,4096,6,7,9,585.1428571428571,1.0000000000000002,True,1
llava,hidden,NExTVideo_0020_9209893989,Geometric,4,0.6203663493380127,4,0.5569167885333277,14.309425670090816,0,False,26.43446459066078,178.46116119731496,3,0.34971957790971375,0.3218862439374824,True,0,False,0.7,1,1.8948718270569374,2.599027358583304,0.37769732344431567,1.5,-0.5367450401216933,0.17018920126883436,True,16.35734135026929,22.561116882542684,1,4096,5,6,8,682.6666666666666,1.0,True,1
llava,vision,NExTVideo_0028_3085751774,Semantic,4,0.23740143411644316,3,0.4363494951446727,3.357089320520948,0,False,0.6834145043171929,8.467336859331478,1,-0.14111491740216522,0.6973850724458668,False,0,False,0.6,1,1.9908031793947276,2.320664290533453,0.1503100232632149,3.5,0.2439750182371333,0.560375584963329,False,3.9724803454428743,7.378011799770003,0,1024,7,8,9,128.0,1.0,True,1
llava,projector,NExTVideo_0028_3085751774,Semantic,4,0.6144863806107429,4,0.6203368190133466,3.3387207545346085,0,False,1.3631310034409707,67.61405695090762,1,-0.4049384586323002,0.24571430610689962,False,0,False,0.6,1,1.9973629692911852,2.473588538497433,0.21724343304032873,3.5,0.34156502553198664,0.4076337385331202,False,4.227524258070368,9.206888539378637,0,4096,6,7,9,585.1428571428571,1.0,True,1
llava,hidden,NExTVideo_0028_3085751774,Semantic,4,0.8363184732975775,4,0.43749172752406884,4.341704678991742,0,False,2.06125880981954,9.215902026418942,1,-0.0061354311913984876,0.9865792494806584,False,0,False,0.3,0,1.9880860233133502,2.3977323169858336,0.2521360788929678,3.5,0.3903600291794133,0.3390301832455655,False,4.753698975124269,8.029868067936327,0,4096,5,7,9,585.1428571428571,0.9999999999999999,True,1
llava,vision,NExTVideo_0031_4006742735,Geometric,4,0.8822261236833556,1,0.3872086877320466,4.955179652825643,0,False,1.5064814225544065,6.565916042858857,8,0.803741486073202,0.005083577988395172,False,0,True,1.0,1,1.84226093302693,2.0758634423925124,0.19107985276936987,2.5,0.2439750182371333,0.560375584963329,False,3.3941240562719557,5.773388240350111,0,1024,6,7,9,146.28571428571428,1.0000000000000002,True,1
llava,projector,NExTVideo_0031_4006742735,Geometric,4,0.8151064393192351,2,0.4794226767029298,4.622701820442528,0,False,1.7153146801385901,104.22978477211018,8,0.3988030274409017,0.25362657589473037,False,0,False,0.7,1,1.8118667350900313,2.2487828720000866,0.25556053024770436,3.5,0.3903600291794133,0.3390301832455655,False,3.707935456269049,7.149275622684798,0,4096,5,6,8,682.6666666666666,0.9999999999999999,True,1
llava,hidden,NExTVideo_0031_4006742735,Geometric,4,0.2848540532395114,4,0.3483849968532537,0.15827718388743536,0,False,0.0015067436371089496,0.005590731520089348,8,0.5092407888860745,0.13274267581496021,False,0,False,0.9,1,1.8369747331291049,2.208999824799823,0.2582775322847513,3.5,0.0,1.0,False,0.1428512835619871,0.25912712053962234,0,4096,6,7,9,585.1428571428571,1.0000000000000002,True,1
llava,vision,NExTVideo_0031_4805511103,Semantic,4,0.7436663340267908,3,0.43082047293657894,3.4566532701592876,0,False,0.9710044496003108,81.03161444017834,4,-0.7485226053506155,0.012750568372177716,True,1,False,0.6,1,1.8775339432861324,2.153621553211393,0.19960903474797762,1.5,0.048795003647426664,0.9086544876553411,True,3.0354709335924777,4.348881359939273,1,1024,6,7,9,146.28571428571428,1.0000000000000002,True,1
llava,projector,NExTVideo_0031_4805511103,Semantic,4,0.9123738595287185,4,0.44350209507499716,3.6799351646801015,0,False,1.1674596502974826,244.8413928320906,4,-0.21474009169894706,0.5513247480759309,True,0,False,0.6,1,1.8674149252991876,2.083845148013753,0.19268908490540101,0.5,-0.09759000729485333,0.818177202735276,True,2.8181154576333025,4.161185611172551,1,4096,5,6,9,682.6666666666666,1.0000000000000002,True,1
llava,hidden,NExTVideo_0031_4805511103,Semantic,4,0.878350099377665,3,0.4254028269657664,7.774092928275297,0,False,4.661022326841087,69.8075706777062,6,0.46015733935488656,0.18083317091172585,False,0,False,0.8,1,2.0848133039990095,2.3540121862793546,0.20762289535450884,3.5,-0.048795003647426664,0.9086544876553411,False,6.873237107375335,8.614216741670756,0,4096,5,7,9,585.1428571428571,1.0,True,1
llava,vision,NExTVideo_0031_5516830700,Semantic,4,0.7105806065362321,4,0.371895862610122,2.835928209920395,0,False,0.6147785682525353,15.731722724307883,8,-0.3006361283785259,0.398643511478881,False,0,False,0.8,1,2.031928920852004,2.269993259681136,0.16371068094500274,0.5,-0.2439750182371333,0.560375584963329,True,3.3794204644295522,3.952578278190006,1,1024,7,8,9,128.0,1.0,True,1
llava,projector,NExTVideo_0031_5516830700,Semantic,4,0.5906904810651129,4,0.36379286229221947,2.7384200331502884,0,False,0.5857681086796975,2.6606316800257557,8,-0.4540219081634881,0.18747727864654318,False,0,False,0.4,0,2.0955328417506527,2.648915931550097,0.34686782167673197,0.5,-0.4879500364742666,0.2199438192418187,True,4.082136156793236,5.938431967659481,1,4096,6,8,9,512.0,1.0000000000000002,True,1
llava,hidden,NExTVideo_0031_5516830700,Semantic,4,0.9198329351733281,2,0.6767566405075778,9.117399696490324,0,False,8.503657578819332,7.744114407904826,8,-0.22087552289034557,0.5397245232079747,False,0,True,1.0,1,1.7292126666348189,2.1053359135610883,0.2059248958487895,0.5,-0.29277002188455997,0.48161781431215467,True,4.599984228615803,5.591101384412857,1,4096,4,6,8,682.6666666666666,1.0,True,1
llava,vision,NExTVideo_0033_2834146886,Geometric,4,0.5183260783958017,3,0.36176907600607877,3.8231849422271496,0,False,1.2563942024970907,7.282085690377961,2,0.43386463841386064,0.2103010004191836,False,0,False,0.5,0,1.7736808302973086,2.051859742595522,0.18111743922220688,1.5,-0.048795003647426664,0.9086544876553411,True,4.698659621273492,5.472669181886025,1,1024,6,7,9,146.28571428571428,0.9999999999999998,True,1
llava,projector,NExTVideo_0033_2834146886,Geometric,4,0.3554051906554194,4,0.3781452754049276,3.647029181412436,0,False,1.197396244643042,28.662406103263,2,0.5276470824602699,0.11700013173767009,False,0,False,0.4,0,1.7916818688494127,2.2435565869053473,0.25276830005349166,1.5,0.0,1.0,True,4.685927056776061,5.465185441118525,1,4096,6,7,9,585.1428571428571,0.9999999999999998,True,1
llava,hidden,NExTVideo_0033_2834146886,Geometric,4,0.8896324408332402,3,0.5759379567269793,0.20362730831261613,0,False,0.004885914260651669,0.31768114996563085,8,0.6933037246280291,0.026203489677142103,False,0,False,0.6,1,1.8806054591797592,2.5039680492140315,0.5549788146459381,3.5,-0.048795003647426664,0.9086544876553411,False,0.15244582174189758,0.25275345851812225,0,4096,4,5,8,819.2,1.0,True,1
llava,vision,NExTVideo_0033_3105754589,Semantic,4,0.8412962373304341,2,0.3352073883139247,4.733797382002883,0,False,2.24095534347837,48.24987111857527,6,-0.6442202750968412,0.044381366311308,False,0,True,1.0,1,1.8880593100040093,2.1334731048699482,0.17436736269778133,1.5,-0.5367450401216933,0.17018920126883436,True,5.673387748207592,6.9057202886367826,1,1024,6,7,9,146.28571428571428,1.0,True,1
llava,projector,NExTVideo_0033_3105754589,Semantic,4,0.8399406558738407,3,0.519062058496157,5.495832306959797,0,False,4.050677754628557,142.41146757151836,6,-0.779199761307608,0.007888892938635234,False,0,False,0.7,1,1.9330402472609758,2.2937926901177295,0.28192180248178433,1.5,-0.5367450401216933,0.17018920126883436,True,5.980851811326444,7.7634381199130065,1,4096,5,7,9,585.1428571428571,0.9999999999999999,True,1
llava,hidden,NExTVideo_0033_3105754589,Semantic,4,0.923829220600621,4,0.5724665251491923,0.23161681081821459,0,False,0.007944541877680249,1.8285236874642667,6,-0.4662927705462851,0.17433032100794135,False,0,False,0.8,1,1.970012474385547,2.387769264674772,0.36459357799643544,1.5,-0.09759000729485333,0.818177202735276,True,0.2127542500687723,0.32240875806683983,1,4096,4,6,8,682.6666666666666,1.0,True,1
llava,vision,NExTVideo_0034_5296671076,Semantic,4,0.5056941801096,4,0.524746108203957,3.5394787700641017,0,False,1.0955136520925386,5.18312981686124,6,-0.17179207335915767,0.6351004923795485,False,0,False,0.6,1,1.9757898031314185,2.2013086849085517,0.09920898221362098,2.5,0.2439750182371333,0.560375584963329,False,4.004210325735691,6.449663623852846,0,1024,5,7,8,146.28571428571428,1.0000000000000002,True,1
llava,projector,NExTVideo_0034_5296671076,Semantic,4,0.5515677672391683,4,0.48132512980445835,3.306561723697019,0,False,1.0345905815295624,15.023408410425247,6,-0.24541724765593956,0.49433232632782054,False,0,False,0.6,1,2.073246363167774,2.4312217504692373,0.23158934534064368,2.5,-0.4879500364742666,0.2199438192418187,False,4.219730882428996,5.945547723755294,1,4096,6,7,8,585.1428571428571,1.0000000000000002,True,1
llava,hidden,NExTVideo_0034_5296671076,Semantic,4,0.9075177066408993,0,0.5648450786840136,0.5394228517321735,1,False,0.025399693836981402,0.3880402972677708,8,0.1533857797849622,0.67225190847117,False,0,False,0.8,1,2.0801522964495143,2.2972468044754595,0.12971345398975925,2.5,-0.048795003647426664,0.9086544876553411,False,0.38982387380518735,0.5226998460748029,0,4096,5,6,8,682.6666666666666,1.0,True,1
llava,vision,NExTVideo_0039_5351925965,Semantic,4,0.823963513563619,4,0.6202645840007864,3.7456820667907036,0,False,2.0739728273328666,30.930525242366315,1,-0.6564911374796382,0.03922326475029201,False,0,False,0.7,1,1.8890081239057512,2.1193090702555253,0.13128763632576163,0.5,-0.19518001458970666,0.6432255386372303,True,3.3910462360945495,5.251411882303531,1,1024,5,7,9,146.28571428571428,1.0,True,1
llava,projector,NExTVideo_0039_5351925965,Semantic,4,0.8375671516889183,4,0.6442257452481011,3.5463798297560536,0,False,2.215844877295262,49.76129916601385,5,-0.5828659631828563,0.07699231666639227,True,1,False,0.5,0,1.964741313555509,2.5350036506891094,0.2718821811271455,1.5,-0.4879500364742666,0.2199438192418187,True,3.7215919602836482,6.493630254569432,1,4096,4,6,9,682.6666666666666,1.0000000000000002,True,1
llava,hidden,NExTVideo_0039_5351925965,Semantic,4,0.8053832890212977,4,0.5904673216871432,0.1882916739026433,0,False,0.004040966916701885,0.007421725702429374,1,-0.6000255637638497,0.06667334176921376,False,0,False,0.6,1,2.039060918981718,2.256778433355757,0.20004287003416912,1.5,0.2439750182371333,0.560375584963329,True,0.1714352556927572,0.23590530972519105,1,4096,5,6,9,682.6666666666666,1.0,True,1
phi4,vision,NExTVideo_0089_3066966990,Compositional,7,0.8371046074581909,3,0.2706065491819256,7.459988178281152,0,False,3.944435050655889,80.31120825397073,6,-0.5183023183212385,0.12483849367734694,True,1,False,0.8,1,1.8889318056490705,2.0927713107436605,0.1453368332103402,3.5,0.730552019767088,0.039555627904297515,False,8.313166483369764,9.687670335596106,0,2304,7,8,9,288.0,0.9999999999999999,True,1
phi4,projector,NExTVideo_0089_3066966990,Compositional,7,0.7959782414124456,3,0.3303540203751735,12.816146498454655,0,False,13.422344243117015,147.95602296615144,6,-0.40244650599060877,0.24891109857761298,True,0,False,0.6,1,1.8843655568468214,2.131830320781101,0.167017797203383,6.5,0.3592878785739777,0.3820646773649864,False,14.458473128135033,16.032061472242535,0,3072,7,8,9,384.0,1.0,True,1
phi4,hidden,NExTVideo_0089_3066966990,Compositional,7,0.944526725684679,1,0.6115194927802883,31.22174338183542,1,False,88.74122756854112,108.26852310157855,6,-0.5670837129867669,0.08734901136026949,True,1,False,0.9,1,1.816001725513781,2.1648907701435003,0.19344154281583803,6.5,0.6586944440522925,0.0756896878416385,False,18.144844629445195,20.97722422576492,0,3072,5,7,9,438.85714285714283,1.0,True,1
phi4,vision,NExTVideo_0089_6868234420,Semantic,4,0.47221384381878007,3,0.3416367749037559,4.557987911105724,0,False,1.687163636588815,10.49762231619446,4,-0.7730643301162096,0.008732706886994769,True,1,False,0.4,0,1.9483400204570622,2.1475008297623353,0.14551082497645218,2.5,0.14638501094227999,0.7294239249593866,False,6.632859404564886,8.514212101201588,0,2304,7,8,9,288.0,0.9999999999999999,True,1
phi4,projector,NExTVideo_0089_6868234420,Semantic,4,0.5839626899391478,4,0.38372675363557074,9.372447628252804,0,False,8.107242756013829,183.20126890350303,6,-0.8282832108387959,0.003074774223571238,False,0,False,0.5,0,1.9118575519345635,2.199233860492978,0.13481243715568278,2.5,-0.09759000729485333,0.818177202735276,False,12.397354226241696,14.563334248419306,0,3072,7,8,9,384.0,1.0,True,1
phi4,hidden,NExTVideo_0089_6868234420,Semantic,4,0.2632502644815262,3,0.3629034570914834,1.3224022732817495,0,False,0.13428006436352286,1.0896513219210389,4,-0.5951368255656533,0.06951501015301122,True,1,False,0.5,0,1.8044516532431283,2.3740112679689567,0.2844342408697936,0.5,0.0,1.0,True,1.898467716296644,2.976233881999816,1,3072,6,7,9,438.85714285714283,0.9999999999999998,True,1
phi4,vision,NExTVideo_0090_5329653093,Semantic,5,0.8717937384872535,3,0.4285071506506911,10.862355577554665,0,False,10.689878302372213,1544.5827319838395,1,-0.16565664216775916,0.6474077386053476,False,0,False,0.8,1,2.036883220628955,2.3766421455274935,0.24303485129298547,1.5,0.181848241863327,0.6664768494099012,True,11.792269479144746,16.671691342596564,1,2304,7,8,9,288.0,0.9999999999999998,True,1
phi4,projector,NExTVideo_0090_5329653093,Semantic,5,0.8952679236129844,3,0.3335447680889797,14.856276259695495,0,False,17.449881309761526,45.36871567308167,1,0.009231162519443843,0.9798085526486568,False,0,False,0.8,1,1.998572443146636,2.254975313074532,0.143245430583785,1.5,0.3515732676024321,0.39310560992530386,True,15.741866247695189,19.707517404815533,1,3072,7,8,9,384.0,1.0,True,1
phi4,hidden,NExTVideo_0090_5329653093,Semantic,5,0.24290134433369187,4,0.3932441497836612,1.052113817420356,0,False,0.11512846662204475,2.3141873234828116,1,0.5890013943742548,0.07319160667714436,False,0,False,0.3,0,2.1052967406189587,2.405850663936415,0.2220810800169256,2.5,-0.5576679417142029,0.15093552952297815,False,1.5408549043569106,1.7962892511200614,1,3072,6,7,9,438.85714285714283,1.0,True,1
phi4,vision,NExTVideo_0090_7001183247,Compositional,3,0.9287123724655576,3,0.380402005932658,12.456496939985062,0,False,12.088211222349507,1525.6946028607786,3,-0.7829075663120786,0.007407910595157628,True,1,True,1.0,1,1.806503449655281,2.1996660414186793,0.20979813288074026,0.5,0.0727392967453308,0.8640941349883787,True,10.47632054561364,15.001405348001764,1,2304,6,8,9,288.0,1.0,True,1
phi4,projector,NExTVideo_0090_7001183247,Compositional,3,0.8816776675598841,3,0.3676393155062749,17.71922179801067,0,False,26.803699511465076,385.14562680076057,8,-0.4220361099651049,0.22440418931413877,False,0,True,1.0,1,1.8580017388640824,2.2845206138989824,0.28246947193400374,4.5,0.26671075473287964,0.5231267001703013,False,17.073238563051646,21.945018121749772,0,3072,6,8,9,384.0,1.0,True,1
phi4,hidden,NExTVideo_0090_7001183247,Compositional,3,0.8814822498290159,2,0.4469222053676444,10.33444519850102,0,False,9.160038931641765,15.41029555068934,1,-0.37310438707059995,0.2882749181002641,False,0,False,0.9,1,1.9547537284776486,2.2218524391604615,0.19656085853065786,0.5,-0.3515732676024321,0.39310560992530386,True,9.140495076929959,11.88057297289558,1,3072,6,8,9,384.0,1.0000000000000002,True,1
phi4,vision,NExTVideo_1009_4738042036,Semantic,5,0.7194712817055324,2,0.37737190151665323,5.998839152657403,0,True,2.9854181247817015,10.446917339468456,4,-0.32517785314411984,0.3592376707147828,True,1,False,0.8,1,1.9543829290348929,2.1956968158114316,0.10828776324426571,1.5,-0.424312564347763,0.2947483403858767,True,6.781145257395708,9.041102928673078,1,2304,7,8,9,288.0,1.0,True,1
phi4,projector,NExTVideo_1009_4738042036,Semantic,5,0.7095283242506618,2,0.40576857093452234,10.710851821330365,0,False,9.839715076897061,32.80919995170621,2,-0.2945006971871274,0.4088058416972339,False,0,False,0.9,1,1.9291777664395056,2.0027767900648907,0.0646753646746364,0.5,-0.44855899659620657,0.264957651788981,True,11.411975573424463,13.147535457997595,1,3072,7,8,9,384.0,1.0000000000000002,True,1
phi4,hidden,NExTVideo_1009_4738042036,Semantic,5,0.9709987639627032,4,0.7389241437459304,63.539320858027324,0,False,761.0184588264377,637.867033370396,5,-0.6369502138416252,0.04764189181825497,True,1,False,0.7,1,1.916959896690967,2.3853687924476352,0.2843490371063652,3.5,0.21821789023599236,0.6036450565101363,False,43.14993900540701,76.58586941776699,0,3072,3,4,7,768.0,1.0000000000000002,True,1
phi4,vision,NExTVideo_1203_3339687949,Geometric,5,0.9086476573782283,3,0.338780589519954,5.58861546837933,0,False,2.499685483649911,21.858169858611923,1,0.0061354311913984876,0.9865792494806584,False,0,False,0.8,1,1.9905758256148314,2.1842923435485293,0.12108616729033472,2.5,0.3515732676024321,0.39310560992530386,False,5.966722962239569,6.732335636550952,0,2304,7,8,9,288.0,1.0,True,1
phi4,projector,NExTVideo_1203_3339687949,Geometric,5,0.8979502308899283,3,0.35107270873168245,10.252021531348342,0,False,7.8876877419257365,130.22821066090475,8,-0.07362517429678185,0.8398151212437741,False,0,False,0.9,1,2.004463781033503,2.1920668920228703,0.11693931911823971,2.5,0.26671075473287964,0.5231267001703013,False,10.732456621571366,12.843585046836838,0,3072,7,8,9,384.0,1.0,True,1
phi4,hidden,NExTVideo_1203_3339687949,Geometric,5,0.524567995936232,4,0.5092157142237764,1.7006908693044687,0,False,0.272122636281642,0.9875585510377792,2,-0.11657319263657127,0.748433303989289,False,0,False,0.9,1,1.9078671903094442,2.1334095099553663,0.12901436879061834,1.5,-0.13335537736643982,0.7529072847094918,True,1.9674277377756362,2.328547265261927,1,3072,6,7,9,438.85714285714283,1.0,True,1
phi4,vision,NExTVideo_1203_3798468368,Semantic,4,0.6742869407358579,3,0.4724284738403564,7.949925540426204,0,False,5.763927031933566,562.0849637842172,4,-0.8957729539441791,0.00045448523136898975,True,1,False,0.6,1,1.998042757544014,2.1830527185511728,0.12397643918295716,2.5,-0.3903600291794133,0.3390301832455655,False,9.0845904619551,12.335210306362425,1,2304,7,8,9,288.0,1.0,True,1
phi4,projector,NExTVideo_1203_3798468368,Semantic,4,0.3125460822795295,3,0.3405702495503549,10.635380482073662,0,False,7.92608488987477,56.91930565863866,4,-0.9141792475183746,0.00021374925624336453,True,1,False,0.4,0,2.011545463050534,2.1874832269154463,0.1098922176068213,1.5,-0.4879500364742666,0.2199438192418187,True,15.28539658056629,18.836663238678415,1,3072,7,8,9,384.0,1.0,True,1
phi4,hidden,NExTVideo_1203_3798468368,Semantic,4,0.1409703574134057,4,0.5879705472809371,0.10645264513641915,0,False,0.001390323980089801,2.5093200210839184,4,-0.7055745870108261,0.022625592848361013,True,1,False,0.6,1,2.233015940481991,2.7224592105492187,0.41547435381692066,2.5,-0.5855400437691199,0.12724658986372073,False,0.30489613368912694,0.4970853104722457,1,3072,5,6,8,512.0,1.0,True,1
phi4,vision,NExTVideo_1203_4039610385,Compositional,5,0.3015156433976013,4,0.3004082994226733,7.11549629327862,0,False,3.4418754654470805,116.13053199358419,6,-0.4724282017376836,0.1679685554116793,True,0,False,0.8,1,1.9695017598107252,2.2086473649468785,0.17397244288443645,4.5,0.3152036192297668,0.44697209677347505,False,10.5288777361462,11.701236306916545,0,2304,7,8,9,288.0,0.9999999999999999,True,1
phi4,projector,NExTVideo_1203_4039610385,Compositional,5,0.3743581257586576,3,0.2935699967672203,13.818681075020844,0,False,12.626114917879992,227.3354419405736,6,-0.6503557062882397,0.04174882166639041,True,1,False,0.8,1,1.9456983032631046,2.0545224256696706,0.0995062605445423,2.5,0.4606822127204283,0.25065193511929695,False,18.308240881362597,19.822417083705613,0,3072,7,8,9,384.0,0.9999999999999999,True,1
phi4,hidden,NExTVideo_1203_4039610385,Compositional,5,0.828064864737935,4,0.3624847329141922,5.278614555349384,0,False,2.3227867415352974,27.985527642836466,2,-0.15077565448424943,0.6775744736852563,False,0,False,0.3,0,2.0097404800375385,2.3076533555725947,0.2365337456164019,2.5,-0.21821789023599236,0.6036450565101363,False,6.008129309140648,6.756703632727287,0,3072,6,8,9,384.0,1.0,True,1
phi4,vision,NExTVideo_1009_5996570774,Geometric,5,0.7160947301132934,4,0.40436060638105437,6.07435498573702,0,False,3.9898583176387192,132.1198899952829,4,-0.7055745870108261,0.022625592848361013,True,1,True,1.0,1,1.8681245877667711,1.9506017589575566,0.09138981169679151,1.5,-0.1697250257391052,0.6878242591661421,True,6.970374336741877,9.097216928921664,1,2304,6,8,9,288.0,1.0,True,1
phi4,projector,NExTVideo_1009_5996570774,Geometric,5,0.8326133431259866,3,0.4172938386452011,10.996624107230492,0,False,15.767122544117859,42.85667183841563,4,-0.6748974310538336,0.03226860511926249,True,1,True,1.0,1,1.8685829985846656,2.1073888219436947,0.1632424275201701,1.5,-0.024246432248443597,0.9545557541696634,True,12.842905390998933,19.980683586093754,1,3072,6,7,9,438.85714285714283,1.0,True,1
phi4,hidden,NExTVideo_1009_5996570774,Geometric,5,0.905605862851018,3,0.6884468800836882,27.84887432607063,0,False,123.36315708702621,99.45666237144655,5,-0.8957729539441791,0.00045448523136898975,True,1,False,0.7,1,1.8586865394545165,2.1388951852845457,0.2025620609833169,3.5,-0.27883397085710143,0.5036528556919295,False,20.487294212157547,33.73798120642609,0,3072,4,5,8,614.4,1.0,True,1
phi4,vision,NExTVideo_1009_6118838509,Semantic,4,0.5184161671527674,4,0.31284004892929174,6.774242861163543,0,False,3.035971418708654,77.9952715062087,1,-0.4846990641204805,0.15566725143921836,False,0,False,0.8,1,1.9424687102457652,2.3400273302564423,0.1879731062212184,3.5,0.09759000729485333,0.818177202735276,False,7.921457445802646,11.895222200390132,0,2304,7,8,9,288.0,0.9999999999999998,True,1
phi4,projector,NExTVideo_1009_6118838509,Semantic,4,0.45883943857510034,4,0.281985020237331,10.986839665414585,0,False,8.1776737936428,51.06146003305756,1,-0.12000511275276995,0.7412367448788113,False,0,False,0.9,1,1.9266084045363372,2.349921164032452,0.2008686558354025,3.5,0.14638501094227999,0.7294239249593866,False,14.279714423130557,20.801545013208216,0,3072,7,8,9,384.0,0.9999999999999999,True,1
phi4,hidden,NExTVideo_1009_6118838509,Semantic,4,0.3412615464991444,4,0.43039604400937687,0.5329975631473457,0,False,0.04558334917073775,0.560687270287813,1,0.21231673794720837,0.5559332873754241,False,0,False,0.6,1,2.0445674569203227,2.6704333819793047,0.4488665654071531,3.5,0.43915503282683993,0.2763268401337456,False,1.1019118076285594,1.9700783404547346,0,3072,5,7,9,438.85714285714283,1.0,True,1
phi4,vision,NExTVideo_1009_6416652333,Semantic,5,0.7477478952268639,2,0.4367522893743729,10.52356113562683,0,False,9.223476452503668,236.20873989155703,4,-0.717845449393623,0.01939928907360013,True,1,False,0.7,1,1.7484045835371125,1.884199699110646,0.12406626556514008,1.5,0.1454785934906616,0.7310518414346707,True,8.677770115166597,10.398950954781597,1,2304,6,7,9,329.14285714285717,1.0,True,1
phi4,projector,NExTVideo_1009_6416652333,Semantic,5,0.6714122312311407,4,0.4333304925524773,19.495703959464464,0,False,27.54564298704444,118.82353590697878,2,-0.39693998833608524,0.2560567602162016,False,0,False,0.7,1,1.7770284182416851,2.1669272875411596,0.21668537289407594,3.5,-0.21821789023599236,0.6036450565101363,False,15.353391665426688,18.981639202001762,0,3072,6,7,9,438.85714285714283,1.0000000000000002,True,1
phi4,hidden,NExTVideo_1009_6416652333,Semantic,5,0.31605781713974823,4,0.528674053348298,11.680094012109766,0,False,11.346757218391417,190.32124942880353,2,0.12270862382796978,0.7355802870269528,False,0,False,0.5,0,2.057409257014992,2.5078789507818766,0.3371690040993068,3.5,0.27883397085710143,0.5036528556919295,False,20.813464312222997,30.910772928241098,0,3072,6,7,9,438.85714285714283,1.0,True,1
phi4,vision,NExTVideo_1009_6420147083,Semantic,5,0.9252168933198353,3,0.3832291230064083,8.175846042973946,0,False,5.632532508074059,499.94533932253245,5,0.22087552289034557,0.5397245232079747,True,0,False,0.9,1,1.8659198381791429,2.061715128426136,0.20766327571465903,0.5,-0.0727392967453308,0.8640941349883787,True,6.765163437547834,8.482382244950562,1,2304,6,8,9,288.0,1.0,True,1
phi4,projector,NExTVideo_1009_6420147083,Semantic,5,0.9512564866497423,1,0.4949898399122316,16.80972169794564,0,True,24.288614721902558,454.05371206859945,1,0.16308387117684123,0.6525917209522705,False,0,True,1.0,1,1.8286372055974351,1.9300982123603443,0.10265765579811738,2.5,0.21821789023599236,0.6036450565101363,False,11.441127017039518,14.610220838315872,0,3072,6,7,9,438.85714285714283,0.9999999999999998,True,1
phi4,hidden,NExTVideo_1009_6420147083,Semantic,5,0.38451194063301086,4,0.33159325566482317,15.474911470832977,0,False,20.85842439869897,80.62621144305209,7,-0.34358414671831533,0.3310271874402453,False,0,False,0.9,1,1.7853217548821874,2.3491031196143255,0.24796741592215304,2.5,0.181848241863327,0.6664768494099012,False,16.398510245827772,24.362956884142186,0,3072,6,8,9,384.0,1.0,True,1
phi4,vision,NExTVideo_1009_6663748603,Semantic,4,0.6214627786045507,4,0.27555171429642805,4.3240533880157805,0,True,1.4305730362514493,24.627825858898614,6,-0.32517785314411984,0.3592376707147828,False,0,False,0.8,1,1.8698088364507472,2.092329550265983,0.16649927700276163,2.5,0.34156502553198664,0.4076337385331202,False,5.45985855933373,7.231066703453058,0,2304,7,8,9,288.0,1.0000000000000002,True,1
phi4,projector,NExTVideo_1009_6663748603,Semantic,4,0.7467285888170498,3,0.3654068919494065,8.57385834070002,0,False,6.407228338460999,308.02686886326535,6,-0.1963337981247516,0.586695595731755,False,0,False,0.8,1,1.9173677342659299,2.0847656418291516,0.12785491755129616,1.5,0.43915503282683993,0.2763268401337456,True,9.851526153584887,11.410842479278147,1,3072,7,8,9,384.0,1.0,True,1
phi4,hidden,NExTVideo_1009_6663748603,Semantic,4,0.7910093989873943,3,0.3662440010418312,0.33040072735354875,0,False,0.011968161775544064,0.0355451436152595,8,-0.34358414671831533,0.3310271874402453,False,0,False,0.6,1,2.0261205711798302,2.6396011019654093,0.3851162784284097,3.5,-0.14638501094227999,0.7294239249593866,False,0.41984238915306654,0.5988448226753039,0,3072,5,7,9,438.85714285714283,1.0000000000000002,True,1
phi4,vision,NExTVideo_1009_8612900766,Geometric,6,0.9099718203359006,2,0.593665034614095,10.962545430809286,0,False,12.84233585209115,2279.897284503423,5,-0.3364055948997212,0.341889773309019,True,0,False,0.9,1,1.93909384632494,2.1378969228865095,0.14755467150037935,0.5,-0.012049067317796997,0.9774101852887366,True,8.335180131063998,10.577495711577452,1,2304,6,8,9,288.0,1.0,True,1
phi4,projector,NExTVideo_1009_8612900766,Geometric,6,0.85855917086906,3,0.5047823298051377,13.610299405032862,0,False,19.7706787222893,124.46888227756986,3,-0.19572689157801965,0.5878759582647307,False,0,False,0.7,1,1.9742625081623317,2.3028747604714037,0.17693082650942873,0.5,-0.33737388489831593,0.41378527896944156,True,12.57858392137479,13.707562776556015,1,3072,6,8,9,384.0,1.0000000000000002,True,1
phi4,hidden,NExTVideo_1009_8612900766,Geometric,6,0.9442807883038635,3,0.6410461158789078,0.18590614957501117,0,False,0.0038547505365300965,0.6016344503015032,1,-0.11009637651263605,0.7620622290487753,False,0,False,0.5,0,1.9218286769299344,2.561838761424085,0.42412273502366077,3.5,0.024098134635593994,0.9548334873494593,False,0.1544878767526627,0.24867623975933842,0,3072,4,5,8,614.4,1.0000000000000002,True,1
phi4,vision,NExTVideo_0101_3122394310,Geometric,6,0.7085321075030973,2,0.26727978915786094,6.2511158270607226,0,False,2.89865288144202,37.85729696663783,6,-0.6116465361813115,0.060226375317604885,True,1,False,0.6,1,1.9164414485134458,2.0228889682700406,0.08555942795893882,2.5,-0.09639253854237598,0.8203804112381492,False,7.981660895243125,9.90852263424519,0,2304,7,8,9,288.0,1.0,True,1
phi4,projector,NExTVideo_0101_3122394310,Geometric,6,0.7275197332862486,3,0.26757308835133864,10.899047096183818,0,False,8.328168423077658,133.07076214929623,6,-0.538248951839554,0.10848838960316552,True,1,False,0.7,1,1.9607746301426894,2.0516647520936453,0.07509320138856168,4.5,0.20483414440254896,0.6265435481779082,False,13.921610754620094,16.706779463336904,0,3072,7,8,9,384.0,1.0,True,1
phi4,hidden,NExTVideo_0101_3122394310,Geometric,6,0.9268287894615814,4,0.5768435716327243,13.113351696967893,0,False,22.533704665419787,41.53156463143644,6,-0.8196063584829573,0.0037035297003364456,True,1,False,0.5,0,1.97769972786355,2.427691177684989,0.21953460389229418,2.5,0.5422080293008649,0.1650407009726848,False,11.599572630801909,16.6367598720201,0,3072,5,6,9,512.0,1.0,True,1
phi4,vision,NExTVideo_0101_3404210548,Semantic,4,0.7569871394337528,4,0.38713889411199576,8.841413822153998,0,True,7.231194602365522,111.83938935757078,3,-0.4356156145892926,0.20825788700156508,True,1,False,0.9,1,1.9809552535765098,2.271855477071518,0.24148499624202224,3.5,0.4879500364742666,0.2199438192418187,False,10.273161289987065,12.582537366950701,0,2304,7,8,9,288.0,0.9999999999999998,True,1
phi4,projector,NExTVideo_0101_3404210548,Semantic,4,0.8506710496608982,3,0.3940504396576449,16.04127495858322,0,False,20.69742555151422,315.31540143805194,7,-0.13846743779165765,0.7028434996391896,False,0,False,0.8,1,1.9520776005334497,2.252561151392751,0.20602917819590655,2.5,0.5855400437691199,0.12724658986372073,False,15.314275898699703,21.50990001034556,0,3072,7,8,9,384.0,1.0,True,1
phi4,hidden,NExTVideo_0101_3404210548,Semantic,4,0.8253635336458603,4,0.5185954179725089,53.571779324696195,0,False,334.1751248819173,557.2556538462773,5,-0.4049384586323002,0.24571430610689962,True,0,False,0.5,0,1.9429818814890816,2.1495011209015575,0.14766506381183414,3.5,0.5855400437691199,0.12724658986372073,False,51.082002372127874,69.58608410365173,0,3072,6,7,9,438.85714285714283,1.0,True,1
phi4,vision,NExTVideo_0101_4740074365,Geometric,5,0.6729194942344872,4,0.3050603662690876,8.481462923956153,0,False,5.308888053020508,78.05919980565372,8,-0.4724282017376836,0.1679685554116793,False,0,False,0.7,1,1.9719200527459035,2.1306326944632996,0.09143920946844691,0.5,-0.20609467411177057,0.6243753960778087,True,10.946038600366832,13.98476344428666,1,2304,7,8,9,288.0,0.9999999999999998,True,1
phi4,projector,NExTVideo_0101_4740074365,Geometric,5,0.7032364796967902,3,0.3257191227969645,15.40131118256611,0,False,18.58778353657383,93.3713120782692,8,-0.5951368255656533,0.06951501015301122,False,0,False,0.5,0,1.9526728712376402,2.0688127916485626,0.07431059678300266,0.5,-0.23034110636021415,0.5831437849827301,True,19.946239417107705,23.693378511258466,1,3072,7,8,9,384.0,0.9999999999999999,True,1
phi4,hidden,NExTVideo_0101_4740074365,Geometric,5,0.571258837989837,3,0.5826676466619679,2.3028069172312455,0,False,1.4723157209516753,10.11407764526315,8,-0.3353989048731263,0.3434274457732106,False,0,False,0.5,0,1.9761896093902622,2.695169910239975,0.4569198890387623,4.5,0.2545875386086578,0.54287360327434,False,5.573736298381158,10.874452128352047,0,3072,5,7,9,438.85714285714283,0.9999999999999998,True,1
phi4,vision,NExTVideo_1000_2594144360,Semantic,4,0.7909539827872831,4,0.3441154624446534,5.467535708147661,0,False,2.2073656622274345,469.45168284440945,3,-0.8773666603699838,0.0008511884372885058,True,1,False,0.9,1,1.9861244228127024,2.303029453174348,0.15889925933755966,1.5,-0.6831300510639733,0.06183472987214335,True,5.823610623724164,8.100473081045683,1,2304,7,8,9,288.0,1.0,True,1
phi4,projector,NExTVideo_1000_2594144360,Semantic,4,0.7708407123729708,3,0.26176635047716307,8.674827422400815,0,False,4.824927041495451,122.33802322637234,3,-0.3129069907613229,0.37868901667234744,True,0,True,1.0,1,1.9009256146338895,2.1505526543867006,0.15375758925429722,2.5,0.0,1.0,False,9.21743902545452,11.043551251582308,0,3072,7,8,9,384.0,1.0000000000000002,True,1
phi4,hidden,NExTVideo_1000_2594144360,Semantic,4,0.5187401456352391,4,0.4401168226498694,5.299748222280592,0,False,3.3439071409887533,23.049125360991134,5,-0.6074076879484503,0.06252817596740043,True,1,False,0.8,1,1.9528751628793144,2.380059351873842,0.3099354799420792,2.5,0.09759000729485333,0.818177202735276,False,6.77546232249889,10.09954189549287,0,3072,6,7,9,438.85714285714283,1.0,True,1
phi4,vision,NExTVideo_1000_2623063774,Semantic,4,0.8038001923649707,3,0.4267932186533979,5.858764008492949,0,False,3.113624960471833,397.53332181617264,3,-0.5705951008000594,0.08497172598894799,True,1,False,0.9,1,1.7545529197999796,2.1823367407043803,0.21036704809195533,3.5,0.09759000729485333,0.818177202735276,False,4.836038197033673,5.966581506221936,0,2304,6,7,9,329.14285714285717,1.0000000000000002,True,1
phi4,projector,NExTVideo_1000_2623063774,Semantic,4,0.8795486226959137,2,0.44401997193147236,11.141721378159508,0,False,11.765860414751868,304.4107113104791,2,-0.6074076879484503,0.06252817596740043,False,0,True,1.0,1,1.8330245471068125,1.9252100659299982,0.08792582954524505,0.5,-0.29277002188455997,0.48161781431215467,True,9.446210846878667,11.304173519898878,1,3072,6,8,9,384.0,1.0,True,1
phi4,hidden,NExTVideo_1000_2623063774,Semantic,4,0.4613671758974785,4,0.6674770911252079,1.6230449692004913,0,False,0.35563697575261416,3.802417359460775,2,0.14111491740216522,0.6973850724458668,False,0,False,0.5,0,1.8198954330253627,2.8077417286126987,0.6686821855236311,2.5,0.19518001458970666,0.6432255386372303,False,2.3265511034164823,4.24445762527685,0,3072,4,5,8,614.4,0.9999999999999999,True,1
phi4,vision,NExTVideo_1000_3273928480,Geometric,5,0.708441862737586,3,0.40765702244170454,7.493905603627489,0,False,4.9601440469356435,869.0897349408506,6,-0.4049384586323002,0.24571430610689962,True,0,False,0.7,1,1.9087627419498356,2.1073572502131297,0.14243436386162087,0.5,-0.4606822127204283,0.25065193511929695,True,8.220405867818183,10.378718314699196,1,2304,7,8,9,288.0,1.0,True,1
phi4,projector,NExTVideo_1000_3273928480,Geometric,5,0.8960671927510018,3,0.3279320695376826,11.511050278048518,0,False,9.826580479508483,318.4162533309422,6,-0.7976060548818034,0.0057042491734851245,True,1,False,0.8,1,1.9469906064628941,2.1889675260288484,0.14426493098143184,0.5,-0.21821789023599236,0.6036450565101363,True,11.93549519287243,15.366148357056167,1,3072,7,8,9,384.0,1.0000000000000002,True,1
phi4,hidden,NExTVideo_1000_3273928480,Geometric,5,0.9631490341827654,4,0.5456064922407693,12.326316865807929,0,False,17.035308903708966,22.604285793510417,2,-0.4049384586323002,0.24571430610689962,False,0,False,0.6,1,2.095070576486674,2.5023988023281,0.2423904676213125,0.5,-0.60616080621109,0.1111631317899513,True,12.44066823039388,15.115710557012981,1,3072,5,6,9,512.0,1.0000000000000002,True,1
phi4,vision,NExTVideo_1000_3297776560,Geometric,6,0.6979627404245288,4,0.28535208000477996,5.355692776379237,0,True,2.1555368484242874,64.35011608999415,1,0.06116465361813115,0.8667017501236011,False,0,False,0.8,1,1.9321936578620824,2.0216138173608886,0.06550339978743523,0.5,-0.5663061639364588,0.1433540530104835,True,6.781099983989105,7.673152761314147,1,2304,7,8,9,288.0,0.9999999999999999,True,1
phi4,projector,NExTVideo_1000_3297776560,Geometric,6,0.6758017470517431,2,0.2745622188172389,9.59827226531456,0,False,6.751917204175122,61.04705961614923,2,0.1134990684658145,0.7548944852330584,False,0,False,0.8,1,1.9006936241648926,2.0294304455745666,0.0893089416364914,4.5,0.16868694244915797,0.689660806707391,False,12.188770318123193,14.341808397680941,0,3072,7,8,9,384.0,1.0,True,1
phi4,hidden,NExTVideo_1000_3297776560,Geometric,6,0.6894126801490371,4,0.3087476365598177,1.7011333325966151,0,False,0.18212161902390817,24.229047651871387,4,0.042815257532691796,0.9065131248935338,False,0,False,0.4,0,1.8363975940390196,2.4071891523216467,0.3666347163023002,2.5,-0.04819626927118799,0.909771840305317,False,1.6071110172541907,2.446787870012745,0,3072,6,7,9,438.85714285714283,1.0,True,1
phi4,vision,NExTVideo_1000_3298675598,Geometric,4,0.7645859154145809,3,0.34193530846763137,6.2980494574249555,0,False,3.0945273121355887,14.184982974248626,8,-0.3926675962495032,0.2616781862729173,False,0,False,0.7,1,2.0505791877874042,2.270387366953064,0.16370652554329404,1.5,0.14638501094227999,0.7294239249593866,True,7.8006173131259375,9.953251081686124,1,2304,7,8,9,288.0,1.0,True,1
phi4,projector,NExTVideo_1000_3298675598,Geometric,4,0.7478217997834316,4,0.3672678768624503,11.697569821582832,0,False,9.780730960196674,187.6376925244635,3,-0.4356156145892926,0.20825788700156508,True,0,False,0.7,1,1.988125314467196,2.21119447817348,0.15812713302452597,2.5,0.0,1.0,False,12.536409498739403,15.44734065890413,0,3072,7,8,9,384.0,0.9999999999999999,True,1
phi4,hidden,NExTVideo_1000_3298675598,Geometric,4,0.4861324771084854,4,0.37511435669434456,12.311947214534957,0,False,14.173702517859464,143.83854254727245,8,0.015385270865739742,0.966352685275381,False,0,False,0.9,1,1.9732981267000955,2.303072631168064,0.23353769223939075,0.5,-0.2439750182371333,0.560375584963329,True,18.80919901360661,26.55377045722861,1,3072,6,8,9,384.0,1.0000000000000002,True,1
phi4,vision,NExTVideo_1000_3380344744,Semantic,5,0.10530508558440364,4,0.38006581698074937,7.388129290409052,0,False,3.2600870705567266,535.512159255695,7,-0.6012722567570518,0.06596104531283858,False,0,False,0.9,1,1.813850923557149,2.0489040020386278,0.17671222781610382,1.5,0.47280542884465016,0.23674621695900244,True,6.895802609720642,9.095083431627227,1,2304,6,7,9,329.14285714285717,0.9999999999999998,True,1
phi4,projector,NExTVideo_1000_3380344744,Semantic,5,0.6642441990163297,3,0.3855953183986205,12.450592435671306,0,False,11.318915052004293,35.767472247540084,4,-0.6933037246280291,0.026203489677142103,True,1,False,0.9,1,1.8643849200884564,2.0741229257707645,0.1592594932449933,1.5,0.20609467411177057,0.6243753960778087,True,11.811072760629935,14.817047825817118,1,3072,6,7,9,438.85714285714283,1.0,True,1
phi4,hidden,NExTVideo_1000_3380344744,Semantic,5,0.2712136000491175,4,0.4225417834937053,20.489859328667443,0,False,57.1159872203314,597.4416290210287,5,-0.6994391558194275,0.024369462300201955,True,1,False,0.6,1,2.0726233157932787,2.7207757113435034,0.3541080343234103,4.5,0.5940375900868682,0.12047034306891172,False,44.60989284320492,58.18483539049814,0,3072,5,6,8,512.0,1.0000000000000002,True,1
phi4,vision,NExTVideo_1000_3388598772,Semantic,4,0.8990343527181036,2,0.43964502793454274,8.866142594992724,0,False,5.507133976009534,528.8131548525819,2,0.3374487155269168,0.34030016731737633,False,0,False,0.9,1,1.9150486451100668,2.3960254276122654,0.2132260698888479,3.5,0.7807200583588266,0.022214514665634247,False,6.807501829393631,10.525326886806726,0,2304,6,7,9,329.14285714285717,1.0000000000000002,True,1
phi4,projector,NExTVideo_1000_3388598772,Semantic,4,0.7789906792119614,3,0.4390798607054074,13.089775288028484,0,False,12.24303937094744,54.337450762139305,2,0.1963337981247516,0.586695595731755,False,0,False,0.9,1,1.8288710802382253,2.0949513301785543,0.1966566068833096,2.5,0.3903600291794133,0.3390301832455655,False,10.07284303917925,13.483425348456933,0,3072,6,7,9,438.85714285714283,1.0,True,1
phi4,hidden,NExTVideo_1000_3388598772,Semantic,4,0.1631020928630904,4,0.5005997164813679,0.6532160809368449,0,False,0.03071497769617169,10.214962034020898,0,0.8773666603699838,0.0008511884372885058,False,0,False,0.6,1,1.8246024692304055,2.1917535562003225,0.2766751871747851,0.5,-0.3903600291794133,0.3390301832455655,True,0.8602258487486614,1.1003483434543846,1,3072,5,7,8,438.85714285714283,1.0000000000000002,True,1
phi4,vision,NExTVideo_1000_3664990087,Geometric,4,0.8882167484022192,2,0.46401579225158474,10.29138236610891,0,False,10.425032925152099,965.9448797913213,4,-0.8221477796473973,0.003510628130454474,True,1,False,0.8,1,1.8695635462118632,2.2839986946091417,0.23197182338858896,1.5,-0.2439750182371333,0.560375584963329,True,8.95730680225681,12.363531600442697,1,2304,6,8,9,288.0,1.0,True,1
phi4,projector,NExTVideo_1000_3664990087,Geometric,4,0.9241506918223972,1,0.4940176265684271,15.523806013499575,0,False,21.64137827710046,40.11100431561276,3,-0.8405540732215928,0.002321778950091154,True,1,True,1.0,1,1.8256710739680861,2.1421442236775476,0.14351199515200022,1.5,-0.7807200583588266,0.022214514665634247,True,11.245378160425329,13.768995825652535,1,3072,6,8,9,384.0,1.0000000000000002,True,1
phi4,hidden,NExTVideo_1000_3664990087,Geometric,4,0.025459188241171656,4,0.3678737916978495,12.76593720187021,0,False,13.070455726779073,42.06775133531096,5,-0.7046454056508801,0.022883989246514854,True,1,False,0.7,1,1.8326564182489575,2.2159500430343235,0.1966814934723505,0.5,-0.09759000729485333,0.818177202735276,True,13.305470842867628,17.158331136988174,1,3072,6,7,9,438.85714285714283,1.0000000000000002,True,1
phi4,vision,NExTVideo_1000_3669067230,Compositional,3,0.7196744775381543,4,0.3020146845641134,7.0520542424729005,0,False,3.6283090077004028,160.70640121022828,2,-0.324172664176095,0.36081187818154487,True,0,False,0.2,0,1.902975990552867,2.0877274376398294,0.12301751327564563,0.5,-0.23034110636021415,0.5831437849827301,True,7.887703060738864,9.905821558432766,1,2304,7,8,9,288.0,0.9999999999999999,True,1
phi4,projector,NExTVideo_1000_3669067230,Compositional,3,0.6791715725132569,4,0.32646719594023066,13.488351845001661,0,False,12.63069056900159,123.41405934135415,2,-0.4036867138796655,0.2473172208874933,True,0,False,0.3,0,1.8648330660020822,2.022691762408183,0.1106706443708096,4.5,-0.024246432248443597,0.9545557541696634,False,12.979766237157195,17.04992509765658,0,3072,7,8,9,384.0,1.0,True,1
phi4,hidden,NExTVideo_1000_3669067230,Compositional,3,0.7560483658431977,4,0.35152147555804536,0.7432788724273005,0,False,0.07313822082559496,28.296900826987645,1,-0.06728111897994425,0.8534869800138071,False,0,False,0.5,0,2.0976298803945204,2.5044697864174372,0.23812832304117393,1.5,-0.0848625128695526,0.841645075117969,True,1.1794080079323264,1.4302936618962458,1,3072,5,7,9,438.85714285714283,1.0000000000000002,True,1
phi4,vision,NExTVideo_1000_3824469712,Geometric,6,0.9308997344117351,1,0.3330419829613285,9.529035393163836,0,False,5.289011752828719,500.0888941537466,6,-0.4877392401639056,0.15270631284140873,True,0,False,0.8,1,1.9689552794079894,2.1553357864064906,0.11911060578116976,0.5,-0.6988459044322258,0.05378837201307151,True,8.163985406356598,9.591929302348465,1,2304,7,8,9,288.0,0.9999999999999999,True,1
phi4,projector,NExTVideo_1000_3824469712,Geometric,6,0.8589932961297388,1,0.36669615683392454,19.174639531449696,0,False,21.990203337577064,63.8201794755553,1,-0.4159196446032918,0.23190231526781546,False,0,False,0.9,1,1.9792086310933628,2.2156347362980764,0.12274129630315252,2.5,-0.20483414440254896,0.6265435481779082,False,16.034184495693097,19.287308833563806,0,3072,7,8,9,384.0,1.0,True,1
phi4,hidden,NExTVideo_1000_3824469712,Geometric,6,0.8841114027641961,3,0.4600158603360687,26.06864226584197,0,False,54.57203302718286,110.73037398051694,6,-0.5015501596686753,0.1396871476541241,True,1,False,0.6,1,1.9090537057553187,2.2511050113887543,0.2032625665398525,2.5,0.4096682888050979,0.3134872142827114,False,21.737104483194322,27.311838296231414,0,3072,6,7,9,438.85714285714283,1.0000000000000002,True,1
phi4,vision,NExTVideo_1000_4116558765,Geometric,6,0.6842142745696275,3,0.4552633051465825,10.05144791537276,0,False,10.092309571913855,39.85063568791593,6,-0.801256962397518,0.0053287859789657565,True,1,False,0.8,1,1.9921051019810523,2.2416144057487433,0.18732021127574072,1.5,0.265079480991534,0.5257681332737645,True,11.34803438521811,14.270174949182977,1,2304,6,8,9,288.0,1.0000000000000002,True,1
phi4,projector,NExTVideo_1000_4116558765,Geometric,6,0.7952751915989487,3,0.45268098834314124,15.523135239284942,0,False,24.5880336234432,62.27510547468951,5,-0.801256962397518,0.0053287859789657565,True,1,False,0.7,1,1.9543294780595577,2.2592951385416127,0.17651751610187802,1.5,0.012049067317796997,0.9774101852887366,True,16.423549592610144,19.162730685653578,1,3072,6,8,9,384.0,1.0,True,1
phi4,hidden,NExTVideo_1000_4116558765,Geometric,6,0.07112656495768918,4,0.6059616922081893,22.683186062108266,0,False,37.8642221526517,260.8741840911574,5,-0.11621284187444918,0.7491899665487568,True,0,False,0.5,0,1.9195167471599341,2.7123221509431192,0.4217450113673606,4.5,0.5904042985720529,0.12334216912361896,False,29.22084534842911,35.61071265705009,0,3072,4,6,8,512.0,1.0,True,1
phi4,vision,NExTVideo_1000_4227464140,Semantic,4,0.9256160423335715,3,0.37436893054969034,5.21373664250933,0,False,1.694947633115089,108.93688968990482,8,0.32517785314411984,0.3592376707147828,False,0,False,0.7,1,1.619119797951678,2.030542981637611,0.23190172970153689,0.5,-0.09759000729485333,0.818177202735276,True,3.1295318720848364,4.107196466169963,1,2304,5,6,8,384.0,1.0,True,1
phi4,projector,NExTVideo_1000_4227464140,Semantic,4,0.45940752011598396,4,0.4252813611693705,8.462729281091272,0,False,4.427619823202873,464.49133533178275,6,0.6369502138416252,0.04764189181825497,False,0,False,0.9,1,1.6466758101497638,1.924645389886961,0.23519058391978753,0.5,-0.43915503282683993,0.2763268401337456,True,6.1498114228729275,7.6675082503264544,1,3072,5,6,8,512.0,1.0,True,1
phi4,hidden,NExTVideo_1000_4227464140,Semantic,4,0.4400493785241609,2,0.39370267105056106,24.34446631658168,0,False,40.128323301025226,462.8886837818394,6,0.24541724765593956,0.49433232632782054,False,0,False,0.5,0,1.7691341377694136,2.172988390084864,0.35424448771943157,0.5,0.09759000729485333,0.818177202735276,True,24.4035082463212,42.13032242796324,1,3072,4,5,8,614.4,1.0000000000000002,True,1
phi4,vision,NExTVideo_1000_4405872555,Geometric,5,0.7764463352955533,3,0.3297287164002555,7.181202814921579,0,False,3.8244366861047467,130.4502899907873,8,-0.5153762200774729,0.12735809092369935,False,0,False,0.8,1,2.011313838217125,2.2566495956568686,0.13245173915322667,2.5,0.26671075473287964,0.5231267001703013,False,8.117510340454732,9.96360924601106,0,2304,7,8,9,288.0,1.0000000000000002,True,1
phi4,projector,NExTVideo_1000_4405872555,Geometric,5,0.794899664878738,4,0.36392345763691236,11.408121579682453,0,False,10.322045081755093,292.35766945533396,6,-0.643104322187921,0.044871841966614576,True,1,True,1.0,1,1.9744246246169785,2.025153806334677,0.0421863879467585,0.5,-0.121232161242218,0.7749070997119826,True,12.319145718695836,15.789321920976272,1,3072,7,8,9,384.0,1.0,True,1
phi4,hidden,NExTVideo_1000_4405872555,Geometric,5,0.9184407304733679,4,0.479464418310197,10.342423094967746,0,False,8.155562283540547,23.68649758172673,7,0.24541724765593956,0.49433232632782054,False,0,False,0.8,1,1.934416259967603,2.301393222734194,0.18247586501190985,1.5,-0.181848241863327,0.6664768494099012,True,7.887446075600114,9.589008340194777,1,3072,6,7,9,438.85714285714283,1.0,True,1
phi4,vision,NExTVideo_1000_4550392934,Semantic,5,0.6750684814009105,3,0.42841543960680495,6.676473506109459,0,False,4.132490129887472,902.8079368502683,1,-0.12270862382796978,0.7355802870269528,False,0,False,0.5,0,1.973594756687514,2.331455389290662,0.21723744616446375,4.5,-0.024246432248443597,0.9545557541696634,False,8.414400401633813,13.393955596109821,0,2304,6,8,9,288.0,1.0,True,1
phi4,projector,NExTVideo_1000_4550392934,Semantic,5,0.7537011319633293,3,0.35249717898366106,11.816960905020975,0,False,9.813146082528833,387.02732537972844,1,-0.19019836693335312,0.5986683040717657,False,0,False,0.6,1,1.8782225424897434,2.1896273161076563,0.22568804475792617,4.5,-0.024246432248443597,0.9545557541696634,False,12.164472186591585,18.645525854359832,0,3072,6,8,9,384.0,1.0,True,1
phi4,hidden,NExTVideo_1000_4550392934,Semantic,5,0.9978836577527287,3,0.8467477979269614,0.1155447720649886,0,False,0.0009649798835424511,0.6368701344560737,3,-0.11657319263657127,0.748433303989289,False,0,False,0.6,1,2.019901041621269,2.8784743815969422,0.508818458755732,2.5,-0.1454785934906616,0.7310518414346707,False,0.05067243233103461,0.11680273568632385,0,3072,2,3,6,1024.0,0.9999999999999999,True,1
phi4,vision,NExTVideo_1000_4638541063,Geometric,5,0.64982647281895,3,0.40500715679144883,6.128162666442973,0,True,3.391845265665603,41.117124964890245,1,-0.37426130267530777,0.2866631890735267,False,0,False,0.8,1,1.8415335199661502,2.1137870317322056,0.15956992137493875,4.5,0.13335537736643982,0.7529072847094918,False,6.734183748894089,8.874495211465065,0,2304,6,8,9,288.0,0.9999999999999998,True,1
phi4,projector,NExTVideo_1000_4638541063,Geometric,5,0.8028464270596654,4,0.3960178709975447,10.50322863540667,0,True,10.379626030926746,30.32149678468172,1,-0.25768811003873643,0.4722704966281396,False,0,True,1.0,1,1.9224183015666574,2.1348093419076157,0.108625260974168,4.5,0.26671075473287964,0.5231267001703013,False,11.356565050974737,16.24768828980208,0,3072,6,8,9,384.0,1.0000000000000002,True,1
phi4,hidden,NExTVideo_1000_4638541063,Geometric,5,0.9612669922529108,3,0.6686518066019356,126.47759781267685,0,False,2170.4226790840885,2098.016662457592,4,-0.8528249356043897,0.0017118949981063225,True,1,False,0.7,1,1.8999464913244428,2.704988739120042,0.4471696705392088,1.5,-0.3152036192297668,0.44697209677347505,True,93.48178271720931,153.98985985546514,1,3072,4,5,8,614.4,1.0,True,1
phi4,vision,NExTVideo_1001_3098102850,Geometric,5,0.85203659380845,4,0.5314924781992065,9.669871019437489,0,False,11.291027065372644,878.0027483966535,2,-0.17179207335915767,0.6351004923795485,False,0,False,0.9,1,1.8629691048811385,2.004440429024243,0.1279042013269976,1.5,0.0,1.0,True,8.58477948475651,12.161959002327384,1,2304,6,7,9,329.14285714285717,1.0,True,1
phi4,projector,NExTVideo_1001_3098102850,Geometric,5,0.699921895662587,3,0.43171738046363206,15.746268624642427,0,True,22.00605825907153,90.51352560416436,2,-0.3006361283785259,0.398643511478881,False,0,False,0.8,1,1.904540455968251,2.2706154515022354,0.19801474388027837,3.5,0.23034110636021415,0.5831437849827301,False,16.799195867676623,25.146121353369693,0,3072,6,7,9,438.85714285714283,1.0,True,1
phi4,hidden,NExTVideo_1001_3098102850,Geometric,5,0.8861764961226297,3,0.5482026602681602,36.79378687983012,0,False,144.95572828507784,170.42741839806467,2,-0.5705951008000594,0.08497172598894799,False,0,False,0.7,1,1.8912327935349387,2.3619812836281424,0.3311497517777115,3.5,0.2545875386086578,0.54287360327434,False,28.631058695941306,50.46272443499557,0,3072,4,6,8,512.0,1.0000000000000002,True,1
phi4,vision,NExTVideo_1001_3249160519,Semantic,5,0.7340906592921956,2,0.4549660330407064,7.5880599474620425,0,False,6.688832807805748,645.3745850295647,8,0.26382354123013496,0.4614050713614083,False,0,False,0.9,1,1.910150779547706,2.2768020139358263,0.21147791145089082,2.5,0.5697911578384246,0.14035632687295957,False,8.406818434464753,9.449899550191741,0,2304,6,8,9,288.0,1.0,True,1
phi4,projector,NExTVideo_1001_3249160519,Semantic,5,0.517864037690666,3,0.3788381590426468,13.439589105333381,0,False,14.105093308692721,145.52121050885734,8,0.3619904402925108,0.30400466202339305,False,0,False,0.9,1,1.9335057988214346,2.0901814085279216,0.11309424481433838,2.5,0.3394500514782104,0.41073304297161684,False,16.377168152600756,21.305694145344905,0,3072,6,8,9,384.0,1.0,True,1
phi4,hidden,NExTVideo_1001_3249160519,Semantic,5,0.9207422744029826,3,0.48590041694918673,29.534634100529544,0,False,63.501964186728614,153.51149686326937,8,-0.06135431191398489,0.8662915258616978,False,0,False,0.6,1,2.1053226119479547,2.4914420949554286,0.26733693278726867,2.5,0.23034110636021415,0.5831437849827301,False,23.772066582364754,32.993387160858866,0,3072,5,6,9,512.0,1.0,True,1
phi4,vision,NExTVideo_1101_2574374895,Semantic,5,0.5449280125496359,4,0.5350036331456451,12.643299379845852,0,False,16.853847477071113,448.951049279005,8,-0.06135431191398489,0.8662915258616978,False,0,False,0.7,1,2.0130476143470855,2.3116742524851155,0.18432646503745778,1.5,-0.3394500514782104,0.41073304297161684,True,16.077590496560752,23.16094561896529,1,2304,5,7,9,329.14285714285717,1.0000000000000002,True,1
phi4,projector,NExTVideo_1101_2574374895,Semantic,5,0.6171364188769797,3,0.48278112436941,24.705638976354766,0,False,61.25858467582983,336.9795735736888,2,-0.015385270865739742,0.966352685275381,False,0,False,0.8,1,1.9331291627311582,2.2725709396486935,0.14316777216827667,0.5,-0.49705186109309374,0.21015282962943616,True,26.91946240611383,33.48360277752061,1,3072,6,7,9,438.85714285714283,1.0,True,1
phi4,hidden,NExTVideo_1101_2574374895,Semantic,5,0.5004537739723607,4,0.43746293332922276,7.936986419238148,0,False,6.022038218161664,46.95600154058389,1,-0.21474009169894706,0.5513247480759309,False,0,False,0.8,1,2.0252884727024227,2.6006570315710373,0.2962146741506119,0.5,-0.2909571869813232,0.4844624488127287,True,11.600893809865653,13.982033293750192,1,3072,6,7,9,438.85714285714283,1.0000000000000004,True,1
phi4,vision,NExTVideo_1101_3483300439,Semantic,3,0.7755388124751406,3,0.3439836270107687,6.210368387964694,0,True,3.0349259233050754,40.431357642693506,3,-0.428152575326918,0.21704604004813932,True,1,False,0.7,1,1.8806466646539772,2.1947280710844033,0.2153937498704476,2.5,0.26671075473287964,0.5231267001703013,False,6.37713651728564,8.070138488328833,0,2304,7,8,9,288.0,0.9999999999999999,True,1
phi4,projector,NExTVideo_1101_3483300439,Semantic,3,0.7991059486814669,3,0.3564156678927823,8.796825311466987,0,False,6.805310453180601,20.00625493905008,1,-0.3159568662696999,0.37380704118239205,False,0,False,0.9,1,1.8970379460750566,2.115043672826819,0.1176989680249731,2.5,0.44855899659620657,0.264957651788981,False,9.358956420309728,10.988334317479815,0,3072,7,8,9,384.0,0.9999999999999998,True,1
phi4,hidden,NExTVideo_1101_3483300439,Semantic,3,0.9285987602832979,1,0.604154463618594,8.356021757714707,1,False,7.964300553575501,25.647132583669816,8,-0.2630080105579639,0.4628428579637711,False,0,False,0.9,1,1.948239141317815,2.2928694453861675,0.14361375376354102,2.5,0.23034110636021415,0.5831437849827301,False,6.259359397482881,7.551094043879928,0,3072,6,7,9,438.85714285714283,0.9999999999999997,True,1
phi4,vision,NExTVideo_1101_3812429626,Compositional,4,0.8223004195601809,3,0.5382202619668797,10.28262820522929,0,False,13.432534390749456,183.90695595937441,8,-0.37847766329719756,0.28083045431443016,False,0,True,1.0,1,1.893411444413999,2.26785066025635,0.23731178017793952,1.5,0.09759000729485333,0.818177202735276,True,9.57990391969182,13.70177941702405,1,2304,5,7,9,329.14285714285717,1.0,True,1
phi4,projector,NExTVideo_1101_3812429626,Compositional,4,0.9302863652237838,3,0.5787679877353937,19.732639283804122,0,False,46.02366481115699,249.14917554030643,8,-0.42334475220649564,0.2228181042830319,False,0,True,1.0,1,1.8598514474815535,2.112384611731366,0.14638700757651849,1.5,0.2439750182371333,0.560375584963329,True,14.394079289436828,17.370983785607656,1,3072,5,7,9,438.85714285714283,1.0000000000000002,True,1
phi4,hidden,NExTVideo_1101_3812429626,Compositional,4,0.23886607325978892,4,0.43494071636448745,1.0296214678769504,0,False,0.09807037244026422,0.519550557817982,5,-0.3129069907613229,0.37868901667234744,True,0,False,0.7,1,1.8540800324317201,2.0712803823641357,0.13875429366195785,3.5,0.43915503282683993,0.2763268401337456,False,0.9862115797367978,1.2224552350631386,0,3072,5,7,8,438.85714285714283,1.0,True,1
phi4,vision,NExTVideo_1101_4542514917,Semantic,4,0.929045789496277,0,0.496694790789523,5.724917717122631,0,False,2.9193282479482456,647.3167828204458,3,-0.803741486073202,0.005083577988395172,True,1,True,1.0,1,1.769538161923908,1.9394975530111869,0.13183420413474944,1.5,-0.3903600291794133,0.3390301832455655,True,3.8020112561309904,4.546772410226472,1,2304,5,7,9,329.14285714285717,1.0,True,1
phi4,projector,NExTVideo_1101_4542514917,Semantic,4,0.9401890759570487,1,0.5282567619697832,9.607730014268457,1,False,9.149645257958397,436.7584233399596,3,-0.8589603667957882,0.001455055263819881,True,1,True,1.0,1,1.9218873548245399,2.165874299603506,0.23105668739003987,0.5,-0.8295150620062534,0.010857954728721145,True,7.234006701502149,10.290664510231457,1,3072,5,7,9,438.85714285714283,1.0,True,1
phi4,hidden,NExTVideo_1101_4542514917,Semantic,4,0.8482547219423883,3,0.48996163594357633,50.70096239929325,0,False,201.83197083971885,2949.7107891465807,4,-0.1692379795231371,0.6402142579816155,True,0,False,0.9,1,1.8310099904130095,2.2827013473455287,0.398375578320576,3.5,0.0,1.0,False,32.60371561918767,50.32054331631119,0,3072,4,6,9,512.0,1.0000000000000002,True,1
phi4,vision,NExTVideo_1103_2831643292,Geometric,4,0.8849978098728248,4,0.555166176027572,9.810718750022051,0,False,14.128987506457761,1255.5883677863353,6,-0.4049384586323002,0.24571430610689962,False,0,False,0.8,1,1.8653974549303503,2.1863844957988716,0.19001824261993555,3.5,0.4879500364742666,0.2199438192418187,False,9.230732209575269,11.568176024058143,0,2304,6,8,9,288.0,0.9999999999999998,True,1
phi4,projector,NExTVideo_1103_2831643292,Geometric,4,0.773262377572211,3,0.28689176587264853,14.286022606037974,0,False,17.422792866313074,88.04860137280471,7,-0.288365265995729,0.4190895266730382,False,0,False,0.7,1,1.9264303658666146,2.088525016339565,0.12401705362607392,3.5,0.8783100656536799,0.004103933720031569,False,18.882616861194435,25.543192283462673,0,3072,7,8,9,384.0,1.0000000000000002,True,1
phi4,hidden,NExTVideo_1103_2831643292,Geometric,4,0.8606769720218032,4,0.4635171239778509,19.296749531820883,0,False,43.623427575436445,76.86864584683333,4,-0.717845449393623,0.01939928907360013,True,1,False,0.8,1,1.831903463564462,2.5077417553908212,0.3596506722302839,0.5,-0.14638501094227999,0.7294239249593866,True,18.48609117253309,31.47378667782412,1,3072,5,6,9,512.0,1.0,True,1
phi4,vision,NExTVideo_1103_3441428429,Compositional,3,0.8410340438317786,2,0.28946933707449574,10.86751175357465,0,False,8.202278858418333,542.3448757261649,3,-0.3364055948997212,0.341889773309019,True,0,False,0.5,0,1.8705426201973876,2.3867538345247765,0.2822860942414635,0.5,-0.012123216124221799,0.9772711968911272,True,11.273797688213241,16.42242430123633,1,2304,7,8,9,288.0,0.9999999999999999,True,1
phi4,projector,NExTVideo_1103_3441428429,Compositional,3,0.6462727052949346,4,0.35116443368387845,17.11692970517981,0,False,22.74752951138914,119.71695148455323,3,-0.20184335693983274,0.5760205613999424,True,0,False,0.5,0,1.9046619570752426,2.4884116840662776,0.3300637368649659,0.5,-0.1697250257391052,0.6878242591661421,True,19.70686518126304,29.989562062014144,1,3072,6,8,9,384.0,1.0,True,1
phi4,hidden,NExTVideo_1103_3441428429,Compositional,3,0.5610374622538439,3,0.4709539445623436,12.389746509134199,0,False,15.880475537813272,46.17416313056283,4,-0.5504818825631803,0.09916455361394284,True,1,False,0.5,0,1.9234971028950536,2.4212549717323006,0.3888209622122191,0.5,0.060616080621109,0.8866229447346792,True,14.322228750736633,18.29052086094505,1,3072,5,7,9,438.85714285714283,1.0,True,1
phi4,vision,NExTVideo_1103_3650010049,Geometric,4,0.1266877743854219,4,0.33946593808670533,7.2003169223059915,0,False,3.2257540696115767,29.35736995691645,7,0.22701095408174404,0.5282230346638654,False,0,False,0.6,1,1.8505174023255677,2.15983552976175,0.2277952413468864,2.5,0.0,1.0,False,8.750148293859816,9.740852056313429,0,2304,7,8,9,288.0,1.0000000000000002,True,1
phi4,projector,NExTVideo_1103_3650010049,Geometric,4,0.5645702315415769,4,0.33465947410945845,12.938927346955397,0,False,11.221087076344554,84.57412812397054,2,-0.5337825136516684,0.11202516929143758,False,0,False,0.6,1,1.8882306973884968,2.058573037085564,0.14080480261358913,2.5,-0.19518001458970666,0.6432255386372303,False,15.29832327598625,17.162909897914233,0,3072,7,8,9,384.0,1.0,True,1
phi4,hidden,NExTVideo_1103_3650010049,Geometric,4,0.4164626965644247,4,0.8326878844435195,0.07626908206673154,0,False,0.0035388386663689105,6.777288768993932,2,0.17179207335915767,0.6351004923795485,False,0,False,0.6,1,1.9257670170355656,2.9523871534970105,0.5645482204490858,3.5,0.6831300510639733,0.06183472987214335,False,0.25871994007320753,0.4903389253619564,0,3072,2,3,7,1024.0,1.0000000000000002,True,1
phi4,vision,NExTVideo_1104_4760431362,Geometric,4,0.32039260010095577,4,0.31077924192667694,5.719783323094667,0,False,2.2333295089547436,53.86316949404552,5,-0.6319494127140443,0.04997508741133867,True,1,False,0.8,1,1.9688426010746387,2.1998632808284433,0.1946820207886206,0.5,0.29277002188455997,0.48161781431215467,True,8.67198997445169,11.030886425642082,1,2304,7,8,9,288.0,1.0,True,1
phi4,projector,NExTVideo_1104_4760431362,Geometric,4,0.3731285652077655,4,0.37595963391211246,9.358632415968207,0,False,6.1433207323894505,88.1744557562375,8,-0.39693998833608524,0.2560567602162016,False,0,False,0.7,1,1.9809650096826787,2.144278904963177,0.09471489607870422,3.5,0.0,1.0,False,14.047166066386275,16.63913308977848,0,3072,7,8,9,384.0,0.9999999999999999,True,1
phi4,hidden,NExTVideo_1104_4760431362,Geometric,4,0.8010554766846525,4,0.4929964251843404,15.372642844527379,0,False,28.267895897096185,55.788112124646474,8,0.1533857797849622,0.67225190847117,False,0,False,0.7,1,1.9715443143792164,2.5765241614302745,0.4507525376341296,0.5,-0.43915503282683993,0.2763268401337456,True,17.771886139801683,25.03629822714409,1,3072,5,6,8,512.0,1.0,True,1
phi4,vision,NExTVideo_1104_4839268164,Semantic,4,0.6920311995968047,4,0.4314029987805816,7.667715205617138,0,False,6.468154632747471,32.2103340459861,8,-0.3374487155269168,0.34030016731737633,False,0,False,0.8,1,1.83148704538578,2.114993720315153,0.18788664230028174,3.5,0.8783100656536799,0.004103933720031569,False,8.219758377207459,10.311528997000911,0,2304,5,6,8,384.0,1.0000000000000002,True,1
phi4,projector,NExTVideo_1104_4839268164,Semantic,4,0.8442452286562534,4,0.4498482254014129,15.670471616965358,0,True,29.58375859776272,146.78079913195026,6,-0.288365265995729,0.4190895266730382,False,0,False,0.7,1,1.877233418346154,2.081081160503004,0.18545599123416692,3.5,0.4879500364742666,0.2199438192418187,False,15.870345002892018,21.715989706676652,0,3072,6,7,8,438.85714285714283,0.9999999999999999,True,1
phi4,hidden,NExTVideo_1104_4839268164,Semantic,4,0.5696765635297025,3,0.37664437823364405,2.3712932644733886,0,False,0.3714064547639175,33.92032082184056,3,-0.7607934677334125,0.010608274380412912,True,1,False,0.4,0,1.9641104726706868,2.4681196716792515,0.388506026962182,0.5,0.0,1.0,True,2.0757777760587857,3.3525655940871024,1,3072,5,6,8,512.0,0.9999999999999997,True,1
phi4,vision,NExTVideo_1104_5508995205,Compositional,4,0.8397467165532664,3,0.39880136601915844,8.398912457916873,0,False,6.791982060368932,1404.0746844340626,8,-0.4049384586323002,0.24571430610689962,False,0,False,0.8,1,1.954146832722369,2.3808933068890643,0.23394664433375398,1.5,-0.09759000729485333,0.818177202735276,True,9.617135976710124,12.44230551933573,1,2304,7,8,9,288.0,1.0,True,1
phi4,projector,NExTVideo_1104_5508995205,Compositional,4,0.676495003289094,1,0.28008120220623234,10.971353126502983,0,False,10.549940569143553,321.3400292387985,3,-0.46015733935488656,0.18083317091172585,True,0,False,0.8,1,1.9713356757535605,2.3473754392371267,0.24300020588509774,1.5,0.43915503282683993,0.2763268401337456,True,16.405881307310327,20.146112407458258,1,3072,7,8,9,384.0,1.0,True,1
phi4,hidden,NExTVideo_1104_5508995205,Compositional,4,0.6643464984101228,3,0.3607846223308339,102.23096661461307,0,False,805.1403392487011,3025.1143909017237,3,-0.6246419971490333,0.05351930069537074,True,1,False,0.6,1,1.931075101913105,2.258118253203327,0.23454480097316768,1.5,0.19518001458970666,0.6432255386372303,True,113.34983622368411,147.07480694516366,1,3072,7,8,9,384.0,1.0000000000000002,True,1
phi4,vision,NExTVideo_1105_2623764605,Geometric,3,0.2914500466607708,4,0.3563476128444727,11.216114445737313,0,False,9.472760135169114,742.0690811606846,4,-0.64834532835219,0.04259953984956121,True,1,False,0.6,1,2.0548152925980148,2.456548877334126,0.20872923613598782,4.5,0.7880090480744169,0.020191038671215092,False,14.275834115297055,16.206191488056653,0,2304,7,8,9,288.0,0.9999999999999999,True,1
phi4,projector,NExTVideo_1105_2623764605,Geometric,3,0.475271079942208,4,0.39835587931709077,16.033413797755884,0,False,21.373809145387767,96.11709841952545,4,-0.5627148132868065,0.0903658453522045,True,1,False,0.5,0,2.0345140214195983,2.421690018673586,0.21528234469202245,4.5,0.5940375900868682,0.12047034306891172,False,21.409427024853752,25.115966754482915,0,3072,7,8,9,384.0,1.0000000000000002,True,1
phi4,hidden,NExTVideo_1105_2623764605,Geometric,3,0.33738720436243386,4,0.6213332725137236,0.5942783563666185,0,False,0.0298246963328394,4.226935919118523,6,-0.28528144236002023,0.42430369460587125,False,0,False,0.5,0,2.0471372947908133,2.8214392277477,0.5108363474966147,2.5,0.6667768868321989,0.07092388637530878,False,0.715959159910237,1.114392545488297,0,3072,3,5,8,614.4,1.0,True,1
phi4,vision,NExTVideo_1105_4375052499,Compositional,4,0.7324543103489423,2,0.400483853693531,5.8568571663714355,0,False,3.1182929575848286,774.4826531387513,5,-0.754658036542014,0.01164487250461738,True,1,False,0.7,1,1.9359916282368517,2.141620307121148,0.13186874120612924,2.5,0.5855400437691199,0.12724658986372073,False,7.185627902736886,8.658648227110994,0,2304,7,8,9,288.0,1.0000000000000002,True,1
phi4,projector,NExTVideo_1105_4375052499,Compositional,4,0.48457951386960774,2,0.2823543480701688,10.32937392598484,0,False,6.5868704991007645,704.0931412282769,4,-0.6687619998624351,0.0344851886232837,True,1,False,0.7,1,2.0196523159468587,2.138830288040002,0.09684773821772127,3.5,0.09759000729485333,0.818177202735276,False,13.081462939942352,14.175073544510944,0,3072,7,8,9,384.0,1.0,True,1
phi4,hidden,NExTVideo_1105_4375052499,Compositional,4,0.36419410317133694,3,0.4274488297603665,2.822848912622261,0,False,0.7570481310364277,7.513675757038712,5,-0.5399179448430669,0.10718505398102066,True,1,False,0.5,0,1.9863762500955162,2.4931045351661227,0.2696744379246662,3.5,0.7807200583588266,0.022214514665634247,False,5.5351204193522,6.54706094071512,0,3072,6,7,9,438.85714285714283,1.0,True,1
phi4,vision,NExTVideo_1105_6253141636,Geometric,4,0.5930999395768595,4,0.3869163161209565,10.038811106398512,0,False,8.964515766812069,358.768724431383,1,-0.09203146787097732,0.8003776447383397,False,0,False,0.4,0,1.8950665213278475,2.497498896211227,0.28837082868084074,3.5,0.4879500364742666,0.2199438192418187,False,12.834438650894327,22.79127031393561,0,2304,6,7,9,329.14285714285717,1.0,True,1
phi4,projector,NExTVideo_1105_6253141636,Geometric,4,0.34235942830956345,4,0.4394817707680442,16.797973126224186,0,False,21.428936425331337,375.97775238051435,1,-0.251552678847338,0.48324688687389394,False,0,False,0.7,1,1.868807175708946,2.270027049929368,0.25018256072514156,3.5,0.19518001458970666,0.6432255386372303,False,21.552830335795434,27.059471652221116,0,3072,6,7,9,438.85714285714283,1.0,True,1
phi4,hidden,NExTVideo_1105_6253141636,Geometric,4,0.5801101541658795,3,0.5058712131010893,125.85765219673424,0,False,1148.4618439218261,6720.1720523341355,9,0.5705951008000594,0.08497172598894799,False,0,False,0.8,1,1.788542098724783,2.392687472620029,0.275782136781875,1.5,0.5367450401216933,0.17018920126883436,True,106.6160395334678,152.9092197308528,1,3072,5,6,8,512.0,1.0000000000000002,True,1
phi4,vision,NExTVideo_1105_6709738709,Semantic,4,0.9813710051239478,4,0.368587891357466,11.538468119376146,0,False,7.89389985251073,1955.3914016989615,1,-0.1472503485935637,0.6847836760627853,False,0,False,0.5,0,1.9962201375332338,2.1840696400010793,0.15777877663301385,3.5,0.8783100656536799,0.004103933720031569,False,9.45863437008668,13.897249396966599,0,2304,7,8,9,288.0,1.0000000000000002,True,1
phi4,projector,NExTVideo_1105_6709738709,Semantic,4,0.8976270082634602,3,0.42200518515094637,16.00770005086806,0,False,18.93826886411015,569.3255236206194,2,-0.17792750455055614,0.6228731846521808,False,0,False,0.6,1,1.9670668518279235,2.299070005047898,0.19535791230820726,3.5,0.9271050693011065,0.0009161801973082118,False,14.436356134273058,17.363524812214603,0,3072,7,8,9,384.0,1.0,True,1
phi4,hidden,NExTVideo_1105_6709738709,Semantic,4,0.9379039881291347,3,0.594949828444566,2.38630459230631,0,False,0.5890683181361287,5.671260976605517,7,-0.22087552289034557,0.5397245232079747,False,0,False,0.5,0,2.0732303343439495,2.5714609612985146,0.48285333942536474,2.5,0.34156502553198664,0.4076337385331202,False,2.1883239258517055,2.8419931922782107,0,3072,5,6,8,512.0,1.0,True,1
phi4,vision,NExTVideo_1106_2797596111,Compositional,4,0.8009835805493952,4,0.2578166162883688,7.288849540737623,0,False,3.0469309192341543,195.47863794524196,5,-0.44175104578069113,0.2011896293949472,True,0,True,1.0,1,1.9361859506958217,2.122266943979401,0.08995213586337622,0.5,-0.048795003647426664,0.9086544876553411,True,7.5191461120887215,9.759583788433538,1,2304,7,8,9,288.0,1.0,True,1
phi4,projector,NExTVideo_1106_2797596111,Compositional,4,0.8890122500152713,3,0.29769341541245015,13.21153234018934,0,False,10.355645282558225,40.0530630652901,7,0.11657319263657127,0.748433303989289,False,0,False,0.8,1,1.9353618680915994,2.0236510132760417,0.08060300056166718,2.5,-0.09759000729485333,0.818177202735276,False,12.555495484803767,17.085067708082907,0,3072,7,8,9,384.0,1.0,True,1
phi4,hidden,NExTVideo_1106_2797596111,Compositional,4,0.7419970449521777,4,0.4713077398230527,2.1135350528296653,0,False,0.47864877058665717,15.251546101314144,8,0.0,1.0,False,0,False,0.7,1,1.9880328654212545,2.4771460276041823,0.22159944193012648,1.5,0.09759000729485333,0.818177202735276,True,2.7302081850792823,3.303897772049884,1,3072,5,6,9,512.0,1.0,True,1
phi4,vision,NExTVideo_1106_3459862895,Semantic,4,0.8255008147129337,2,0.48281947457243735,11.527386205325852,0,False,14.14004610710948,810.769213194686,3,-0.3374487155269168,0.34030016731737633,True,0,False,0.9,1,1.8641997577928204,2.1107085671567836,0.14170003891622174,1.5,0.29277002188455997,0.48161781431215467,True,10.300210715136068,14.037930157294939,1,2304,6,7,9,329.14285714285717,1.0,True,1
phi4,projector,NExTVideo_1106_3459862895,Semantic,4,0.8622446288574067,2,0.4163159893605691,17.845713918725107,0,False,32.64880870212604,79.37901714717917,3,-0.6748974310538336,0.03226860511926249,True,1,False,0.9,1,1.8328633055852197,2.044553334762449,0.12615998574770446,1.5,-0.048795003647426664,0.9086544876553411,True,16.495718911644367,22.670889716540803,1,3072,6,7,9,438.85714285714283,1.0000000000000002,True,1
phi4,hidden,NExTVideo_1106_3459862895,Semantic,4,0.511941224076561,4,0.3229253869635517,50.514350683556486,0,False,175.89030085904116,543.9806062608183,5,-0.5938714554175539,0.07026318342864335,True,1,False,0.4,0,1.870258879454884,2.1699781229993773,0.197200302509339,3.5,0.34156502553198664,0.4076337385331202,False,52.537554652536144,66.77867293724981,0,3072,6,8,9,384.0,1.0000000000000002,True,1
phi4,vision,NExTVideo_1106_4229009987,Semantic,3,0.9473940079962204,2,0.46698755114425505,11.253761662570282,0,False,8.67035895921177,1017.5725768957025,8,-0.09509381412000675,0.7938531670564655,False,0,False,0.9,1,1.9351610165529842,2.105917845062625,0.11904049513851762,4.5,-0.21821789023599236,0.6036450565101363,False,7.847217953134389,11.15059611381921,0,2304,6,8,9,288.0,1.0000000000000002,True,1
phi4,projector,NExTVideo_1106_4229009987,Semantic,3,0.8700403837264956,2,0.3755772767062054,15.834744835577256,0,False,16.13430114407719,122.17957933552643,8,0.47096783285960975,0.16947001452406552,False,0,False,0.9,1,1.9687514194724332,2.2663389522724295,0.15056133634798624,1.5,-0.44855899659620657,0.264957651788981,True,13.224408832608404,16.874292174892602,1,3072,7,8,9,384.0,1.0,True,1
phi4,hidden,NExTVideo_1106_4229009987,Semantic,3,0.9073125130868165,4,0.4071135417597003,7.506426864540687,0,False,3.720864272420017,6.692726088275509,3,-0.3119397334524688,0.3802438191056744,True,0,False,0.6,1,1.9079864130793316,2.1617848923444347,0.2511637051554225,0.5,-0.49705186109309374,0.21015282962943616,True,5.983826743678035,7.573225483367548,1,3072,6,8,9,384.0,1.0,True,1
phi4,vision,NExTVideo_1106_6016405951,Compositional,4,0.9003074346339245,2,0.4800725609600188,10.299281255782455,0,False,11.340830995833489,159.83293766434844,2,-0.6442202750968412,0.044381366311308,False,0,False,0.7,1,2.0290785528228574,2.220960287769788,0.10824754514240076,2.5,0.3903600291794133,0.3390301832455655,False,10.308063826754829,13.85428391331876,0,2304,6,7,9,329.14285714285717,1.0,True,1
phi4,projector,NExTVideo_1106_6016405951,Compositional,4,0.9367090322071574,1,0.6044883556238697,21.356740120380795,1,False,52.64629552508448,236.5510157551234,2,-0.7117100182022246,0.0209696283609166,False,0,True,1.0,1,1.9595871730489747,2.183131793881237,0.12309905788066604,2.5,0.09759000729485333,0.818177202735276,False,16.552705027089715,24.01854397277404,0,3072,6,7,9,438.85714285714283,0.9999999999999999,True,1
phi4,hidden,NExTVideo_1106_6016405951,Compositional,4,0.2962280793343128,4,0.38163632078559034,2.851154855456572,0,False,0.8124982285706153,6.971343953795882,3,-0.5644596696086609,0.08915310781357492,True,1,False,0.6,1,1.967975521451643,2.5576537349184982,0.3658787626284733,3.5,0.0,1.0,False,5.614851901484278,9.220952334372203,0,3072,5,6,8,512.0,0.9999999999999998,True,1
phi4,vision,NExTVideo_1106_7828681900,Geometric,4,0.6631032379698432,3,0.3360123980336727,5.32029602911048,0,False,2.2492316067986633,547.8000347810129,3,-0.49696992650327754,0.14392654659800444,True,0,False,0.5,0,2.0064847426671473,2.238122996547648,0.16378879079288156,2.5,0.048795003647426664,0.9086544876553411,False,7.5696118747245995,10.07215739321951,0,2304,7,8,9,288.0,1.0,True,1
phi4,projector,NExTVideo_1106_7828681900,Geometric,4,0.1028730511421514,4,0.25917961570243725,9.439498658110022,0,False,4.867132714242702,472.4960375613903,7,-0.40924820502867704,0.24024002620528367,False,0,False,0.6,1,2.0566157232743016,2.370012683924443,0.200525136794195,2.5,-0.4879500364742666,0.2199438192418187,False,12.352138361268288,14.959902942003975,1,3072,7,8,9,384.0,1.0000000000000002,True,1
phi4,hidden,NExTVideo_1106_7828681900,Geometric,4,0.37688277184123,3,0.37955182117669406,5.3725776565758,0,False,2.218887719963725,30.149807334725118,8,0.0981668990623758,0.7873173648718517,False,0,False,0.5,0,2.0923313569133737,2.488944266679739,0.2101052401621236,3.5,-0.14638501094227999,0.7294239249593866,False,9.793061237120932,13.556133097685729,0,3072,6,8,9,384.0,1.0,True,1
phi4,vision,NExTVideo_0051_2400074985,Geometric,6,0.882805732608967,1,0.3303358159950683,6.542580008172627,0,False,3.3450070851239753,213.49770235915972,3,0.10397991115082295,0.7749872466410741,False,0,False,0.9,1,1.8829265586296624,2.075618649354903,0.1212647824778939,1.5,-0.24098134635593996,0.5653480610254509,True,6.365411568951975,7.585787879523281,1,2304,7,8,9,288.0,0.9999999999999999,True,1
phi4,projector,NExTVideo_0051_2400074985,Geometric,6,0.8791266479502569,1,0.4619986211313444,13.42372651055329,0,False,19.102932237429272,636.6601545100104,8,-0.18961042621620655,0.5998202354260891,False,0,False,0.5,0,1.9011520642342403,2.135048358507365,0.11513768168699937,1.5,0.10844160586017297,0.7982604003862407,True,12.689915066728474,14.833312198334127,1,3072,7,8,9,384.0,1.0000000000000002,True,1
phi4,hidden,NExTVideo_0051_2400074985,Geometric,6,0.9076197975231564,4,0.617119445129826,16.771880234075887,0,False,37.18758880893688,40.41669103463208,6,-0.3486385256233475,0.32348723178461447,True,0,False,0.5,0,2.0638684399814875,2.80876699383818,0.36354206968615843,0.5,-0.5181098946652709,0.1883939303844397,True,17.236878526557508,31.5583502565693,1,3072,4,6,8,512.0,1.0000000000000002,True,1
phi4,vision,NExTVideo_0051_3702633786,Geometric,5,0.8213949792143921,3,0.546639719018022,11.421120910204507,0,False,14.705998646439753,293.11889911597666,6,-0.6626265686710366,0.036802724508861656,True,1,True,1.0,1,1.9003168501057492,1.9794940871712812,0.0710273715043165,2.5,0.44855899659620657,0.264957651788981,False,10.278638968940212,13.265746594020229,0,2304,6,8,9,288.0,0.9999999999999999,True,1
phi4,projector,NExTVideo_0051_3702633786,Geometric,5,0.8561709609843147,3,0.566215605521726,21.73233146182534,0,False,53.00144853780521,108.39549389801292,8,-0.576730531991458,0.08091856646299929,False,0,True,1.0,1,1.9198952331499375,2.1108010512877406,0.16924217747507683,1.5,0.20609467411177057,0.6243753960778087,True,18.53758498896387,23.298733076092653,1,3072,6,7,9,438.85714285714283,1.0,True,1
phi4,hidden,NExTVideo_0051_3702633786,Geometric,5,0.22961842513825986,4,0.5892554392135438,0.15496439167629564,0,False,0.0028343811163154585,0.5358962656249233,1,-0.10430233025377429,0.774304654354067,False,0,False,0.4,0,1.939045583630793,2.70931512309524,0.5163556029709784,1.5,0.09698572899377439,0.8192888780417207,True,0.25570069327827216,0.41177009193408687,1,3072,3,5,7,614.4,0.9999999999999999,True,1
phi4,vision,NExTVideo_0051_6783561967,Geometric,3,0.9589317890469878,3,0.48531524007610255,9.434622830568335,0,False,7.292134827681243,641.0413769057106,8,0.2423358488864688,0.4999402889691337,False,0,False,0.8,1,1.9492065766116233,2.211401387536388,0.2059825380533177,2.5,0.1576018096148834,0.7093533525147797,False,7.198395004394054,11.028101394279354,0,2304,6,8,9,288.0,1.0,True,1
phi4,projector,NExTVideo_0051_6783561967,Geometric,3,0.961296792122314,3,0.47636632678239443,16.168011518729422,0,False,20.099920024893354,238.21455110410997,8,0.2423358488864688,0.4999402889691337,False,0,False,0.9,1,1.923220343237669,2.0806384813587697,0.12089692312893442,2.5,0.3394500514782104,0.41073304297161684,False,11.795826164510634,18.20795152323091,0,3072,6,8,9,384.0,0.9999999999999998,True,1
phi4,hidden,NExTVideo_0051_6783561967,Geometric,3,0.6605028639365706,4,0.5602881331929286,0.10325593010288707,0,False,0.001015016384493112,3.2142960671045318,8,0.2997068027288426,0.40017492597422644,False,0,False,0.4,0,2.1693177570140896,2.6423796232587553,0.39469750031014034,1.5,0.23034110636021415,0.5831437849827301,True,0.13057600279340892,0.22854737900653976,1,3072,4,5,8,614.4,1.0000000000000002,True,1
phi4,vision,NExTVideo_0051_8697708107,Geometric,5,0.8513547685792868,3,0.5249710651736739,12.473979751546088,0,False,19.898773681180426,681.6320186204624,6,-0.5384844803008908,0.10830386153753631,True,1,False,0.9,1,1.950946632203518,2.3200437791675994,0.2525202399660344,1.5,-0.121232161242218,0.7749070997119826,True,13.00548243530678,19.366683336836036,1,2304,6,7,9,329.14285714285717,0.9999999999999999,True,1
phi4,projector,NExTVideo_0051_8697708107,Geometric,5,0.8465366436282791,2,0.5106597696782278,23.688848633037395,0,False,61.54691676060187,101.10277340305333,6,-0.5705951008000594,0.08497172598894799,True,1,False,0.8,1,1.9059834246350529,2.1030513897180714,0.16572824673705464,2.5,0.3152036192297668,0.44697209677347505,False,21.071828915393713,25.86877906099791,0,3072,6,7,9,438.85714285714283,1.0,True,1
phi4,hidden,NExTVideo_0051_8697708107,Geometric,5,0.21819034843234472,4,0.3941825022978533,27.65800991846929,0,False,51.992780142833986,263.6197826593896,8,-0.4908344953118791,0.1497270348644938,False,0,False,0.8,1,1.8854257460411445,2.450828029739001,0.33358749613470096,2.5,0.0848625128695526,0.841645075117969,False,33.08382161284453,56.25230328636149,0,3072,6,7,9,438.85714285714283,1.0000000000000002,True,1
phi4,vision,NExTVideo_0051_11585666326,Geometric,5,0.3426221343506524,3,0.3920982289909605,5.502800465499936,0,False,2.530087947533558,47.21085673368578,7,-0.5951368255656533,0.06951501015301122,False,0,False,0.8,1,1.8756973200154303,2.194865497762123,0.2188982593391518,1.5,0.4000661320993194,0.3260725127433412,True,7.633264900361304,9.19277022511475,1,2304,6,8,9,288.0,1.0,True,1
phi4,projector,NExTVideo_0051_11585666326,Geometric,5,0.7773963184240611,4,0.4414414579425036,9.247415194703596,0,False,11.194615674647915,539.0164496821159,4,-0.8466895044129913,0.002000069990391186,True,1,False,0.5,0,1.9414298694262528,2.1288971224917366,0.15554044604826908,1.5,0.5091750772173156,0.19747302644349035,True,12.14843501976241,16.60444187724924,1,3072,6,8,9,384.0,1.0,True,1
phi4,hidden,NExTVideo_0051_11585666326,Geometric,5,0.060406398967826326,4,0.4251780094146531,0.7535829012765496,0,False,0.10986003629247079,0.546871011080346,4,-0.6380848439054427,0.04712282692050087,True,1,False,0.7,1,1.9398879867054242,2.421538020182254,0.2586992376377486,4.5,0.7395161835775297,0.03600320928483326,False,1.3403401253056453,1.7338796644374637,0,3072,4,6,8,512.0,1.0000000000000002,True,1
phi4,vision,NExTVideo_0052_5455648195,Semantic,4,0.855069802902702,4,0.4468897941997431,8.815210114708044,0,False,5.858071366818317,809.723813984901,1,0.5644596696086609,0.08915310781357492,False,0,False,0.4,0,1.9234485045558178,2.1074114737928356,0.11786634388480512,1.5,-0.29277002188455997,0.48161781431215467,True,7.09200310262312,12.385024288098458,1,2304,6,8,9,288.0,0.9999999999999998,True,1
phi4,projector,NExTVideo_0052_5455648195,Semantic,4,0.9600234718148617,4,0.300749747728243,14.588711298111532,0,False,12.00159033441071,788.7938251139824,1,0.503105357694676,0.1382652831590591,False,0,False,0.5,0,2.0448914350724445,2.349296549984412,0.18175991908597194,0.5,-0.6343350474165467,0.09116266392027382,True,13.413404724655422,18.394841538574884,1,3072,7,8,9,384.0,1.0,True,1
phi4,hidden,NExTVideo_0052_5455648195,Semantic,4,0.5456304054441362,4,0.5623192153113666,0.7721934560745202,0,False,0.056573565272478345,7.229572799773228,8,0.24541724765593956,0.49433232632782054,False,0,False,0.5,0,2.0285806672839057,2.4196243751144633,0.2518458353921401,2.5,0.14638501094227999,0.7294239249593866,False,0.8989198067857079,1.4611792428086545,0,3072,5,6,8,512.0,0.9999999999999999,True,1
phi4,vision,NExTVideo_0052_10041199716,Semantic,6,0.28703167268120544,3,0.42640606662066105,5.793402991313478,0,False,2.848793638650423,22.848981974615803,1,0.07055347499226307,0.8464302329299996,False,0,False,0.9,1,1.9273909834071001,2.2915271477960117,0.18340733602508777,5.5,0.6988459044322258,0.05378837201307151,False,6.817325751091455,11.222998758230865,0,2304,6,7,9,329.14285714285717,1.0000000000000002,True,1
phi4,projector,NExTVideo_0052_10041199716,Semantic,6,0.6344218470768483,4,0.30402864356173304,10.184398448696914,0,False,8.436786035422694,45.49241440149147,6,-0.4770842982214229,0.163234711355641,True,0,False,0.9,1,1.978805156487506,2.078613414542372,0.0701744130561663,0.5,-0.265079480991534,0.5257681332737645,True,12.31336255965644,16.68331245877098,1,3072,7,8,9,384.0,0.9999999999999999,True,1
phi4,hidden,NExTVideo_0052_10041199716,Semantic,6,0.7294630492047722,3,0.48463370197453526,13.597199934200116,0,False,24.253209828397708,57.44450562916637,6,-0.5321324864777409,0.11334981260374964,True,1,False,0.6,1,2.018321107500139,2.3560666314103815,0.21979108184600218,5.5,0.4337664234406919,0.2829476709180395,False,17.753355689060566,21.95028590308037,0,3072,6,8,9,384.0,1.0,True,1
phi4,vision,NExTVideo_0053_3701610241,Semantic,5,0.9579285057822307,2,0.5418044495979152,11.669735403026198,0,False,13.319238585412265,267.80076048457624,6,-0.41720932101509717,0.23030967966390767,True,0,False,0.5,0,1.8116466278138255,2.284396834718777,0.2843107797271276,1.5,-0.4364357804719847,0.2796582909046579,True,8.217463410066202,10.431197398930182,1,2304,5,7,9,329.14285714285717,1.0,True,1
phi4,projector,NExTVideo_0053_3701610241,Semantic,5,0.9688577318417656,1,0.5889315337384302,19.076561823697578,1,False,34.535940419472055,52.78671459188287,6,-0.42334475220649564,0.2228181042830319,True,0,False,0.9,1,1.8021082798448018,2.1559989902616348,0.239622280851229,0.5,-0.6425304545837554,0.08576991370796118,True,11.659297498211878,14.136380509711055,1,3072,5,7,9,438.85714285714283,1.0,True,1
phi4,hidden,NExTVideo_0053_3701610241,Semantic,5,0.1611503746968858,4,0.36053585472021743,14.523307070191779,0,False,13.715577618399985,96.11370739155193,0,0.22701095408174404,0.5282230346638654,False,0,False,0.4,0,1.7104671384035535,2.100969030736022,0.1829430552134083,1.5,-0.060616080621109,0.8866229447346792,True,12.856683014581426,15.438397766095267,1,3072,5,7,9,438.85714285714283,0.9999999999999999,True,1
phi4,vision,NExTVideo_0053_5599511471,Semantic,6,0.8141002618289238,4,0.48003680739442295,7.122398442648587,0,False,5.544355341950883,637.537014469888,5,-0.538248951839554,0.10848838960316552,True,1,False,0.7,1,1.9043934255434285,2.003857793191589,0.08716771478332762,1.5,-0.4940117600296769,0.21339733028119015,True,7.477276823879913,10.519197344402336,1,2304,7,8,9,288.0,1.0,True,1
phi4,projector,NExTVideo_0053_5599511471,Semantic,6,0.8674841282375655,3,0.5634267966455655,15.879020110851867,0,False,28.564777245490564,279.7173722152832,5,-0.6177630015431245,0.057004429745400945,True,1,False,0.8,1,1.8886009448842906,2.0889379190417117,0.13683095085638874,0.5,-0.4819626927118799,0.22651055579608537,True,13.151344739227524,18.033258037429086,1,3072,6,8,9,384.0,1.0,True,1
phi4,hidden,NExTVideo_0053_5599511471,Semantic,6,0.9783196709867027,3,0.735981778608371,1.3284728931312784,0,False,0.21160080948827287,0.10926599275260278,1,0.6177630015431245,0.057004429745400945,False,0,False,0.8,1,1.8899862741520046,2.3534172364306953,0.3288641756910691,1.5,-0.33737388489831593,0.41378527896944156,True,0.696639324630256,0.9970458839913571,1,3072,3,5,8,614.4,0.9999999999999999,True,1
phi4,vision,NExTVideo_0054_2971876369,Compositional,4,0.8616891360844411,2,0.5887787731333262,10.688348765329508,0,False,16.284125311624557,517.0775849028265,1,-0.6442202750968412,0.044381366311308,False,0,False,0.8,1,1.9092867200408206,2.453913853778905,0.2912497819008272,3.5,0.8295150620062534,0.010857954728721145,False,9.661156879958904,15.311472391247927,0,2304,5,6,9,384.0,1.0,True,1
phi4,projector,NExTVideo_0054_2971876369,Compositional,4,0.9282595485355606,3,0.5124867506248357,18.878642919488033,0,False,44.63989310168988,565.4711455427878,1,-0.7117100182022246,0.0209696283609166,False,0,False,0.8,1,1.9011311853800879,2.4304453656743963,0.2818081692659638,3.5,0.5367450401216933,0.17018920126883436,False,16.98804744972993,24.68331673509554,0,3072,5,6,9,512.0,1.0,True,1
phi4,hidden,NExTVideo_0054_2971876369,Compositional,4,0.3750675574117047,4,0.4922160769484108,8.380975809451485,0,False,5.394743549214845,52.12475693264711,1,-0.3129069907613229,0.37868901667234744,False,0,False,0.6,1,1.8804431431604114,2.375610775945087,0.33827233536759616,3.5,0.34156502553198664,0.4076337385331202,False,9.632797288029577,18.23572971092572,0,3072,5,7,9,438.85714285714283,1.0,True,1
phi4,vision,NExTVideo_0054_11276956514,Compositional,6,0.7450068378526844,3,0.4736513796483236,6.651796592267211,0,False,4.192653914399594,9.527983676895582,3,-0.28747387200521635,0.42059360717835337,False,0,True,1.0,1,1.9012422570881973,2.055569639072351,0.11366309088730261,1.5,-0.24098134635593996,0.5653480610254509,True,6.646124576225861,7.37354628348019,1,2304,7,8,9,288.0,1.0,True,1
phi4,projector,NExTVideo_0054_11276956514,Compositional,6,0.8791106757110039,2,0.510675702537659,11.630542215980913,0,False,13.704248285788049,22.849510767799305,3,-0.30582326809065574,0.3901476799358822,False,0,False,0.9,1,1.95694730687498,2.057309123437718,0.07161135264687858,3.5,-0.30122668294492494,0.46843563689690226,False,10.65848453823045,12.4649876672881,1,3072,7,8,9,384.0,1.0,True,1
phi4,hidden,NExTVideo_0054_11276956514,Compositional,6,0.9521129201601073,3,0.6677122952580825,17.121762972425543,0,False,28.570725699286793,50.523475373527795,6,-0.2201927530252721,0.5410105897949293,True,0,False,0.6,1,1.8457903403492448,2.1530498386541437,0.2597411979538418,5.5,0.626551500525444,0.09646118602901278,False,10.203909461230875,14.411460851612974,0,3072,4,6,8,512.0,1.0000000000000002,True,1
phi4,vision,NExTVideo_0055_3446247254,Semantic,5,0.182072394904297,4,0.33690915498502233,6.6091203305779365,0,False,3.3370717582233906,87.19544050385547,6,-0.34358414671831533,0.3310271874402453,True,0,False,0.6,1,1.8572302443263065,2.18215550963087,0.2837769170730644,1.5,0.3758196998508757,0.35887779967800476,True,7.395363550955105,9.837778345539094,1,2304,6,7,9,329.14285714285717,1.0,True,1
phi4,projector,NExTVideo_0055_3446247254,Semantic,5,0.8948756889533452,4,0.3697429503464328,11.056701136868947,0,False,10.184447179611055,221.59538647637768,1,0.0490834495311879,0.8928882547542834,False,0,False,0.7,1,1.9389544753246017,2.269112263345019,0.2557121546948953,1.5,0.3152036192297668,0.44697209677347505,True,10.899940111015512,14.194267684529805,1,3072,6,7,9,438.85714285714283,0.9999999999999998,True,1
phi4,hidden,NExTVideo_0055_3446247254,Semantic,5,0.8426340411029599,4,0.6222998742880833,1.0770606081474183,0,False,0.18748364238839405,12.792201302076808,4,-0.042948018339789416,0.9062243097567702,True,0,False,0.5,0,1.8215641652407057,2.6097245044480983,0.5396376506702047,1.5,0.20609467411177057,0.6243753960778087,True,1.1269157254430893,2.087928646935516,1,3072,3,5,8,614.4,0.9999999999999999,True,1
phi4,vision,NExTVideo_0055_8727084602,Geometric,4,0.27686338136760136,4,0.30498265056621504,7.63776898551232,0,False,3.729443855361268,208.4392357000345,5,-0.4908344953118791,0.1497270348644938,True,0,False,0.6,1,1.8922524084257915,2.2232227737551202,0.1981768134808887,1.5,0.09759000729485333,0.818177202735276,True,10.213066503240768,12.362173651283403,1,2304,7,8,9,288.0,1.0,True,1
phi4,projector,NExTVideo_0055_8727084602,Geometric,4,0.505594247164903,4,0.2942440998359953,13.213480263816292,0,False,11.667958185207233,212.18698145078633,3,-0.42334475220649564,0.2228181042830319,True,0,False,0.8,1,1.9484056434447248,2.1166736606655747,0.1323689073210393,0.5,-0.3903600291794133,0.3390301832455655,True,16.553944370440373,19.384323611111924,1,3072,7,8,9,384.0,1.0,True,1
phi4,hidden,NExTVideo_0055_8727084602,Geometric,4,0.7943845227972679,3,0.5567365444449913,42.58656435718468,0,False,260.6424996857114,441.0454580469358,1,-0.3374487155269168,0.34030016731737633,False,0,False,0.6,1,1.823226351234228,2.2521321488993076,0.380463798383378,3.5,0.5855400437691199,0.12724658986372073,False,44.55400066776306,63.81290427623752,0,3072,5,7,9,438.85714285714283,0.9999999999999999,True,1
phi4,vision,NExTVideo_0056_3336398510,Semantic,3,0.532934210483813,3,0.3767223846069122,9.607780259255374,0,False,7.679805393935188,69.37473077246575,7,-0.12844577259807538,0.7236147813581795,False,0,False,0.8,1,1.917078768382046,2.4045260921446805,0.3069074072055172,0.5,-0.060616080621109,0.8866229447346792,True,10.361716495869095,13.672952600348221,1,2304,6,8,9,288.0,1.0,True,1
phi4,projector,NExTVideo_0056_3336398510,Semantic,3,0.18275095199841154,4,0.36535009282968006,11.637419409228736,0,False,14.021030116547601,259.7079921126332,7,-0.1223293072362623,0.7363732340339928,False,0,False,0.7,1,1.9472983018551258,2.550697050258798,0.3631784277868652,0.5,0.012123216124221799,0.9772711968911272,True,17.87223339741253,24.51645823334213,1,3072,6,7,9,438.85714285714283,1.0000000000000002,True,1
phi4,hidden,NExTVideo_0056_3336398510,Semantic,3,0.9433316563849712,3,0.44301581039250754,73.86551054548863,0,False,456.2215825861125,2082.9347797104683,7,-0.07339758434175737,0.8403049467229717,False,0,False,0.9,1,1.832178078136577,2.5607892017667435,0.36519917971894705,0.5,-0.6182840223353118,0.10227853298592701,True,63.08165046553475,93.29173904717203,1,3072,6,7,9,438.85714285714283,1.0000000000000002,True,1
phi4,vision,NExTVideo_0057_3381752581,Semantic,5,0.8663569183282291,3,0.39378896901074606,8.298010975719905,0,False,6.157493929548911,94.71412136288077,2,0.2024692293161501,0.5748125526418609,False,0,False,0.7,1,1.9291864357826256,2.273696590075393,0.23354742370210047,1.5,-0.1697250257391052,0.6878242591661421,True,8.340590420775833,12.744119710070494,1,2304,6,7,9,329.14285714285717,1.0000000000000002,True,1
phi4,projector,NExTVideo_0057_3381752581,Semantic,5,0.9046411083024256,3,0.42761760449710345,13.924229319856764,0,False,17.79645612000786,88.42817277054931,2,0.009231162519443843,0.9798085526486568,False,0,False,0.6,1,1.9768350878694805,2.316736683634436,0.1695086099755771,1.5,-0.181848241863327,0.6664768494099012,True,14.047249384612037,19.68034630173626,1,3072,6,8,9,384.0,1.0,True,1
phi4,hidden,NExTVideo_0057_3381752581,Semantic,5,0.9902956587871952,3,0.7586730698270897,3.574051986099649,0,False,1.275447857882809,12.207198344540522,7,-0.19019836693335312,0.5986683040717657,False,0,False,0.7,1,1.8390393204785973,2.5459137844491346,0.5335853804191049,1.5,-0.38794291597509756,0.34229353743162194,True,2.103028697465963,3.7611247924209104,1,3072,3,4,7,768.0,1.0,True,1
phi4,vision,NExTVideo_0057_7001078933,Semantic,6,0.7308667768687467,2,0.5082354308642982,8.883539643199434,0,True,7.3323743464876685,349.29573542461515,1,-0.1834939608543934,0.6118510379338833,False,0,True,1.0,1,1.8436158774847118,2.069688510942106,0.1752658303177039,0.5,-0.530158961983068,0.1765098301165558,True,7.758056748280833,9.019979700150216,1,2304,7,8,9,288.0,0.9999999999999999,True,1
phi4,projector,NExTVideo_0057_7001078933,Semantic,6,0.7755311614280891,1,0.3522786690641247,15.369396895950945,0,False,14.683813470034199,83.26217163930879,1,0.14679516868351475,0.6857161990853948,False,0,True,1.0,1,1.8616391830913033,2.1086800873483473,0.1288234582628477,0.5,-0.3494229522161129,0.39620768253985933,True,12.600796647364602,15.75023219875466,1,3072,7,8,9,384.0,1.0,True,1
phi4,hidden,NExTVideo_0057_7001078933,Semantic,6,0.9462359030119889,3,0.4759756024050723,1.17892438424712,0,False,0.09475253989122528,10.745653778421778,6,0.0917469804271967,0.8009843299145075,True,0,False,0.7,1,1.8380704074300316,2.1830792014119655,0.32472915739863367,3.5,-0.30122668294492494,0.46843563689690226,False,0.794985638708312,0.9508373789998491,1,3072,6,7,9,438.85714285714283,1.0,True,1
phi4,vision,NExTVideo_0059_2400084970,Geometric,6,0.8870423051028627,2,0.37633817916941187,7.544918108778552,0,False,5.472231326725592,277.2169248832092,2,-0.28747387200521635,0.42059360717835337,False,0,False,0.7,1,2.054106467222814,2.2555812068106738,0.13161805273218086,4.5,0.16868694244915797,0.689660806707391,False,9.009742839978106,10.792716811384903,0,2304,7,8,9,288.0,1.0,True,1
phi4,projector,NExTVideo_0059_2400084970,Geometric,6,0.9344503608058776,2,0.4960751526334341,14.294106245862887,0,False,21.393108534048075,204.3650957345342,5,-0.3547549909851606,0.3144835743992483,True,0,False,0.7,1,2.006357259090562,2.2000541017710393,0.1402958099546809,3.5,0.4217173561228949,0.2980286979370498,False,12.864371028377274,15.136468064843925,0,3072,7,8,9,384.0,1.0000000000000002,True,1
phi4,hidden,NExTVideo_0059_2400084970,Geometric,6,0.9272831627422091,4,0.5611615032309265,48.66284529809925,0,False,304.21916044902724,464.44956074021655,8,-0.5321324864777409,0.11334981260374964,False,0,False,0.6,1,2.146304580470186,2.6997225088781396,0.3406225980857384,1.5,-0.530158961983068,0.1765098301165558,True,51.79683816052379,64.92755967046268,1,3072,5,7,9,438.85714285714283,1.0,True,1
phi4,vision,NExTVideo_0060_5856167780,Semantic,5,0.5108795466176925,3,0.32104561973414875,5.733729066045575,0,False,2.310046699376163,34.81708301504723,1,-0.251552678847338,0.48324688687389394,False,0,False,0.6,1,1.901822047945206,2.197060605383717,0.20818860850412493,4.5,0.13335537736643982,0.7529072847094918,False,6.931729175349462,8.982260282180944,0,2304,7,8,9,288.0,1.0,True,1
phi4,projector,NExTVideo_0060_5856167780,Semantic,5,0.6722535403771701,4,0.3639597895854875,9.83539730422167,0,False,7.441915182393798,24.408855322749865,1,-0.39693998833608524,0.2560567602162016,False,0,False,0.6,1,1.988659757975926,2.129308209911726,0.09952700509889892,1.5,-0.41218934822354114,0.3102218639193789,True,11.328080566905662,13.079683115725578,1,3072,7,8,9,384.0,1.0,True,1
phi4,hidden,NExTVideo_0060_5856167780,Semantic,5,0.6961586799629065,4,0.5364401623120947,13.242416031800959,0,False,29.344983387218463,70.36930598439646,1,-0.503105357694676,0.1382652831590591,False,0,False,0.5,0,2.1417040232111564,2.4778903605705946,0.27642436227968864,4.5,0.1697250257391052,0.6878242591661421,False,21.976463305672404,26.615728488102786,0,3072,6,7,9,438.85714285714283,0.9999999999999999,True,1
phi4,vision,NExTVideo_0061_3530395394,Semantic,4,0.7752371262803719,4,0.48097821215335895,8.94654092363598,0,False,8.482423616578389,90.97450187314907,5,-0.8650957979871867,0.0012273924762891603,True,1,False,0.6,1,1.8319625360297478,1.9735986043304887,0.16754447059628833,3.5,0.43915503282683993,0.2763268401337456,False,8.187407616900028,9.74107641978272,0,2304,6,7,9,329.14285714285717,1.0000000000000002,True,1
phi4,projector,NExTVideo_0061_3530395394,Semantic,4,0.8863199425859192,4,0.5947842795834491,18.782617214829063,0,False,46.04153448123874,395.9166088738768,5,-0.8650957979871867,0.0012273924762891603,True,1,False,0.6,1,1.8559645654085926,2.1367280587183446,0.2709211129262694,0.5,0.09759000729485333,0.818177202735276,True,15.572131990244902,21.444977815418095,1,3072,5,7,9,438.85714285714283,1.0,True,1
phi4,hidden,NExTVideo_0061_3530395394,Semantic,4,0.9915355657855623,4,0.860904338394867,0.47668867150088795,0,False,0.03085267979460221,4.877535193082585,2,-0.27609440361293197,0.44001452222946114,False,0,False,0.6,1,2.339726930581758,2.982668261897168,0.5993327044563755,1.5,-0.29277002188455997,0.48161781431215467,True,0.45080024150109627,0.7864022085543131,1,3072,2,3,6,1024.0,1.0,True,1
phi4,vision,NExTVideo_0000_5650793185,Semantic,4,0.23921750105234765,4,0.26595361550640073,7.235053751102195,0,False,3.073415369707108,25.959458880123584,5,-0.526176263608299,0.11821289453726921,True,1,False,0.6,1,2.028869612678236,2.2652757081106407,0.1768477433795008,0.5,-0.09759000729485333,0.818177202735276,True,10.536855888835895,13.69778227172957,1,2304,7,8,9,288.0,1.0,True,1
phi4,projector,NExTVideo_0000_5650793185,Semantic,4,0.6071476460787385,3,0.26375707752193844,13.006214096686575,0,False,10.281958753712795,55.84738082601351,5,-0.5644596696086609,0.08915310781357492,True,1,False,0.5,0,2.0680512998823106,2.268516836687419,0.17774010991927638,0.5,-0.048795003647426664,0.9086544876553411,True,18.48839882991098,23.59006189568169,1,3072,7,8,9,384.0,1.0,True,1
phi4,hidden,NExTVideo_0000_5650793185,Semantic,4,0.3881914616463776,4,0.29509791338686153,4.546195869128078,0,False,1.3564945960228758,25.568776739469364,3,-0.27609440361293197,0.44001452222946114,True,0,False,0.6,1,2.0203933879313842,2.3691131262617007,0.24260068002351198,1.5,-0.19518001458970666,0.6432255386372303,True,7.446607288737779,8.847101949285255,1,3072,6,8,9,384.0,0.9999999999999998,True,1
phi4,vision,NExTVideo_0002_10192494165,Geometric,4,0.7500941963490345,3,0.40818956001288514,9.222926674618313,0,False,7.473436971644796,260.18009889020607,7,-0.3374487155269168,0.34030016731737633,False,0,False,0.9,1,1.8809174157918158,2.0070406526203906,0.14006128126514805,3.5,-0.09759000729485333,0.818177202735276,False,9.281577617462364,10.843295075034654,0,2304,7,8,9,288.0,1.0,True,1
phi4,projector,NExTVideo_0002_10192494165,Geometric,4,0.7451580111915358,3,0.4044718591628778,14.257935476108024,0,True,19.054128507479646,82.18380790199357,7,-0.4049384586323002,0.24571430610689962,False,0,True,1.0,1,1.8994025779842691,2.117199625393668,0.19860922944280335,0.5,0.048795003647426664,0.9086544876553411,True,15.043836345177091,19.21110145767621,1,3072,7,8,9,384.0,0.9999999999999998,True,1
phi4,hidden,NExTVideo_0002_10192494165,Geometric,4,0.20425930542619974,4,0.38640690482815837,3.243137692143562,0,False,0.8902096689689835,9.190229469583679,8,-0.07362517429678185,0.8398151212437741,False,0,False,0.7,1,1.9348203765816914,2.3299872422509322,0.2325153316946148,0.5,-0.34156502553198664,0.4076337385331202,True,4.73798487552442,6.628546731230684,1,3072,6,7,9,438.85714285714283,1.0000000000000002,True,1
phi4,vision,NExTVideo_0003_5251212639,Geometric,4,0.9016208413300093,3,0.34304641744087955,6.399606310359116,0,False,2.808995288689386,954.4028786429617,3,-0.3681258714839093,0.2952659657377438,True,0,False,0.5,0,1.9613944640025682,2.3878628204505,0.2462442640707195,1.5,0.29277002188455997,0.48161781431215467,True,6.474678611980737,7.6646488590625745,1,2304,7,8,9,288.0,1.0,True,1
phi4,projector,NExTVideo_0003_5251212639,Geometric,4,0.8899398956571383,2,0.31632826640644607,10.737890355912075,0,False,7.757638514371431,751.969941785178,3,-0.31904242195272137,0.3688997595619156,True,0,False,0.8,1,1.9376110725690945,2.180569477327987,0.18588700997482163,1.5,0.14638501094227999,0.7294239249593866,True,11.112276908311632,13.414545749282578,1,3072,7,8,9,384.0,1.0,True,1
phi4,hidden,NExTVideo_0003_5251212639,Geometric,4,0.9761158964828004,3,0.716124654597839,1.8958185316797944,0,False,0.3900926096630245,0.8092794255423398,5,-0.4908344953118791,0.1497270348644938,True,0,False,0.4,0,2.224620518189811,2.7146854462777594,0.5374206109561052,2.5,0.2439750182371333,0.560375584963329,False,1.8255077184306172,2.8216426008755735,0,3072,4,5,8,614.4,0.9999999999999999,True,1
phi4,vision,NExTVideo_0004_9525696229,Geometric,4,0.8614998068355691,3,0.4697284853470292,7.531294246777943,0,False,5.825764695245471,353.47375354959655,1,-0.19019836693335312,0.5986683040717657,False,0,False,0.8,1,2.0445810722408924,2.4272643657354367,0.22721219309786506,0.5,-0.5855400437691199,0.12724658986372073,True,7.805245797587524,9.778191076427836,1,2304,6,8,9,288.0,1.0,True,1
phi4,projector,NExTVideo_0004_9525696229,Geometric,4,0.9287892499343826,3,0.5036185122445753,13.115628577124927,0,False,15.624360186768339,156.63626479633035,1,-0.7362517429678186,0.015178866583822458,False,0,False,0.8,1,2.050512741183791,2.4115479620878686,0.2070358960494779,0.5,-0.6343350474165467,0.09116266392027382,True,11.901925968114817,14.615686464463975,1,3072,6,8,9,384.0,1.0,True,1
phi4,hidden,NExTVideo_0004_9525696229,Geometric,4,0.4243860991483598,3,0.5649849490971233,0.19493398244056084,0,False,0.003124725419236341,0.2827820544284077,8,0.6135431191398488,0.059214812600234645,False,0,False,0.5,0,1.9180019662987813,2.6478227680206556,0.4005016755877481,0.5,0.2439750182371333,0.560375584963329,True,0.17602595614012106,0.344608590822723,1,3072,3,4,6,768.0,1.0,True,1
phi4,vision,NExTVideo_0004_11566980553,Geometric,4,0.593403021436463,3,0.2934153196781965,11.733147300846605,0,False,9.248276909705565,462.0421675253201,6,-0.49696992650327754,0.14392654659800444,False,0,False,0.7,1,1.9889532438544228,2.194011705357455,0.18571835591213523,1.5,-0.14638501094227999,0.7294239249593866,True,14.865942926056894,23.434526281693977,1,2304,7,8,9,288.0,1.0,True,1
phi4,projector,NExTVideo_0004_11566980553,Geometric,4,0.8335380675795977,3,0.3362350007354742,23.46093204505534,0,False,46.151498937269935,299.7300273852979,6,-0.3477071215657181,0.32486990717990366,False,0,False,0.7,1,2.026747279933029,2.519455110089429,0.2470112894425327,1.5,0.19518001458970666,0.6432255386372303,True,28.23988808553516,52.46657222155322,1,3072,6,7,9,438.85714285714283,1.0000000000000002,True,1
phi4,hidden,NExTVideo_0004_11566980553,Geometric,4,0.8551114522207884,3,0.464513913071049,15.357392821951317,0,False,34.42196563277024,69.3448691286177,6,-0.4646351801453401,0.17607325806800156,False,0,False,0.7,1,2.0143353860641664,2.573694220735035,0.3356540068256391,1.5,0.34156502553198664,0.4076337385331202,True,20.23522732279112,35.98087340461097,1,3072,5,7,9,438.85714285714283,0.9999999999999998,True,1
phi4,vision,NExTVideo_0005_3250020598,Semantic,4,0.8589193965179396,4,0.31476705923775616,10.275613819655272,0,False,7.96177537373251,813.2228510068081,6,-0.3865321650581048,0.26986858257602425,False,0,False,0.6,1,2.020798357342527,2.316562867252872,0.19901448177837539,3.5,0.34156502553198664,0.4076337385331202,False,12.091916671805055,19.614637036866068,0,2304,7,8,9,288.0,1.0,True,1
phi4,projector,NExTVideo_0005_3250020598,Semantic,4,0.2687911398620164,4,0.2794479400904637,17.167215981124084,0,False,20.015682113908824,192.54410922706145,4,-0.6687619998624351,0.0344851886232837,True,1,False,0.7,1,1.9308816986374036,2.0743596072640247,0.09285092256441788,1.5,-0.4879500364742666,0.2199438192418187,True,19.169214503915796,24.571430790083795,1,3072,7,8,9,384.0,1.0000000000000002,True,1
phi4,hidden,NExTVideo_0005_3250020598,Semantic,4,0.8487032313221006,2,0.4512180419012495,12.567563436120249,0,False,15.937489794863364,29.480680343586904,5,-0.4830975051842278,0.15724090588769601,True,0,False,0.7,1,2.037565045233901,2.4177448503972303,0.2502385921634327,3.5,0.34156502553198664,0.4076337385331202,False,14.074195233562929,18.920427262066966,0,3072,6,7,9,438.85714285714283,1.0,True,1
phi4,vision,NExTVideo_0006_2478396375,Geometric,4,0.13467092605488806,4,0.5243206067294153,11.493395198534188,0,False,9.00453316479004,116.14113168458368,6,-0.41107388982369863,0.23794186616753052,False,0,False,0.7,1,1.9627997784362512,2.467883324599369,0.29620820021215205,2.5,0.3903600291794133,0.3390301832455655,False,19.61864783533548,25.767314097685073,0,2304,6,8,9,288.0,1.0,True,1
phi4,projector,NExTVideo_0006_2478396375,Geometric,4,0.09793886823316801,4,0.36117306126683985,21.944173521191477,0,False,34.073330834338556,181.09319096614513,8,-0.37426130267530777,0.2866631890735267,False,0,False,0.5,0,2.0262171485376967,2.448697026647375,0.28071367657474877,3.5,0.09759000729485333,0.818177202735276,False,31.91530112778194,38.28855804792408,0,3072,7,8,9,384.0,1.0000000000000002,True,1
phi4,hidden,NExTVideo_0006_2478396375,Geometric,4,0.873996259817678,3,0.3924122325400926,22.92981790224119,0,False,49.47708195025381,416.9291121114331,6,-0.6319494127140443,0.04997508741133867,False,0,False,0.4,0,1.9972543510980578,2.4404141531647,0.3182887441141046,1.5,-0.048795003647426664,0.9086544876553411,True,27.031168648443344,39.583601259802535,1,3072,6,7,9,438.85714285714283,0.9999999999999999,True,1
phi4,vision,NExTVideo_0008_2744507539,Semantic,4,0.8687188487943196,1,0.4020302099197777,13.328551800362384,0,False,11.113891502814681,955.394909302799,9,0.9387209722839688,5.7269866514358486e-05,False,0,False,0.9,1,1.8003650147496364,1.9100400720658246,0.05079379982806289,0.5,0.2439750182371333,0.560375584963329,True,8.48824903939228,11.28356170591459,1,2304,6,7,9,329.14285714285717,0.9999999999999998,True,1
phi4,projector,NExTVideo_0008_2744507539,Semantic,4,0.908789414553655,2,0.3670753545024971,20.10677673499523,0,False,25.314238891628428,64.79504664228439,0,0.6677207555731046,0.03487132835555508,False,0,False,0.9,1,1.892600155297587,2.035954429587141,0.09287109513903402,2.5,0.5855400437691199,0.12724658986372073,False,14.698874122032718,21.338288237330733,0,3072,6,7,9,438.85714285714283,1.0000000000000002,True,1
phi4,hidden,NExTVideo_0008_2744507539,Semantic,4,0.7592569416860582,3,0.3245465906829207,6.956055708167754,0,False,3.2956793762150953,13.669756362962222,2,0.44175104578069113,0.2011896293949472,False,0,False,0.8,1,1.911040737268069,2.421674272156923,0.2138040103299422,2.5,-0.14638501094227999,0.7294239249593866,False,7.092634856566265,9.73042299591437,0,3072,6,7,9,438.85714285714283,1.0,True,1
phi4,vision,NExTVideo_0008_6320611157,Semantic,4,0.23573754367017347,4,0.49453135810964827,7.95385857280292,0,False,3.9653483145835957,76.65184107318034,5,-0.34358414671831533,0.3310271874402453,True,0,False,0.6,1,2.0424512155477954,2.4877465040388844,0.31098608918757426,0.5,-0.29277002188455997,0.48161781431215467,True,12.441845561285314,19.643008741450036,1,2304,6,7,9,329.14285714285717,1.0,True,1
phi4,projector,NExTVideo_0008_6320611157,Semantic,4,0.7352112655846416,4,0.37514547015659133,17.13621452597571,0,False,21.274148094020894,448.4355565043494,7,-0.06748974310538336,0.8530368033430833,False,0,False,0.5,0,2.048461742431531,2.350448451159331,0.24857486459228617,0.5,-0.5855400437691199,0.12724658986372073,True,20.041673787842658,27.081744908589634,1,3072,7,8,9,384.0,1.0000000000000002,True,1
phi4,hidden,NExTVideo_0008_6320611157,Semantic,4,0.21688560391487138,3,0.5149975243494855,9.335541143618494,0,False,5.9961191704536,51.09913616831835,0,0.5138680469157072,0.12866893857437445,False,0,False,0.7,1,1.9589164633915028,2.2076008423750473,0.18718119546364081,0.5,0.048795003647426664,0.9086544876553411,True,12.682177892999627,19.717708293252194,1,3072,5,6,9,512.0,1.0000000000000002,True,1
phi4,vision,NExTVideo_0015_4609514164,Semantic,4,0.8105384737028188,4,0.35391213577243186,8.08354084081622,0,False,5.328444597317387,413.2725269311853,3,-0.4846990641204805,0.15566725143921836,True,0,False,0.9,1,1.9061090804097094,2.1739545413701857,0.16123865711235763,3.5,-0.09759000729485333,0.818177202735276,False,8.565812569966273,9.790497122169267,0,2304,7,8,9,288.0,0.9999999999999999,True,1
phi4,projector,NExTVideo_0015_4609514164,Semantic,4,0.8421776500260599,4,0.3283882636652115,13.986360127748378,0,False,15.660633640775973,350.50558936205135,3,-0.6994391558194275,0.024369462300201955,True,1,False,0.9,1,1.9042792838629437,2.0482345582881547,0.0890539955807285,1.5,-0.09759000729485333,0.818177202735276,True,14.716980456004034,17.89926716981069,1,3072,7,8,9,384.0,1.0,True,1
phi4,hidden,NExTVideo_0015_4609514164,Semantic,4,0.9105714058075516,1,0.5155757426801525,27.358455213057994,1,False,69.79427008415158,134.03457010997647,3,-0.6615666472268088,0.03721346606617185,True,1,False,0.5,0,1.853983228272791,2.282146529025703,0.21241150658922756,3.5,0.4879500364742666,0.2199438192418187,False,20.405744493131593,25.159164792107923,0,3072,5,6,8,512.0,1.0,True,1
phi4,vision,NExTVideo_0020_2454242177,Semantic,4,0.8800112658123932,2,0.4691943005497095,14.581913025082896,0,False,20.145386334813878,874.6887339436395,6,-0.3558550091011123,0.3128784013353107,False,0,False,0.8,1,1.8701367546951186,2.1789318983105286,0.20360773138516453,1.5,-0.29277002188455997,0.48161781431215467,True,12.704990237667323,20.42620743144911,1,2304,6,7,9,329.14285714285717,1.0,True,1
phi4,projector,NExTVideo_0020_2454242177,Semantic,4,0.8211334138752995,4,0.5073179858400522,26.912008761854633,0,False,76.7237220741637,317.6171168267777,6,-0.24541724765593956,0.49433232632782054,False,0,False,0.9,1,1.8838351863367817,2.0901658774545346,0.11960921087074956,0.5,-0.34156502553198664,0.4076337385331202,True,24.30433098766308,36.30257146221071,1,3072,6,7,9,438.85714285714283,1.0,True,1
phi4,hidden,NExTVideo_0020_2454242177,Semantic,4,0.8759749534242415,4,0.6782784753675029,0.22638191554530682,0,False,0.008980583146519915,0.19553485725083547,8,-0.10430233025377429,0.774304654354067,False,0,False,0.5,0,1.890766905740707,2.479267277847606,0.3639422237176608,3.5,0.5367450401216933,0.17018920126883436,False,0.21114156908558884,0.3348369819006293,0,3072,4,6,8,512.0,1.0,True,1
phi4,vision,NExTVideo_0020_9209893989,Geometric,4,0.269715943361828,4,0.29047176875642755,7.034856453989985,0,False,4.069840254385246,133.0900355302522,8,0.012270862382796975,0.9731615299585203,False,0,False,0.7,1,2.0495658848449985,2.4413179858516,0.19112817711765528,1.5,-0.5855400437691199,0.12724658986372073,True,12.519331549682285,13.984803965279337,1,2304,6,8,9,288.0,1.0,True,1
phi4,projector,NExTVideo_0020_9209893989,Geometric,4,0.5181259800522895,4,0.3383971291906308,12.403105422755585,0,False,14.282113493541226,87.03674077405893,8,-0.06135431191398489,0.8662915258616978,False,0,False,0.7,1,2.06587101472221,2.3554936066864944,0.2176175081826647,1.5,0.09759000729485333,0.818177202735276,True,21.408501742581194,27.461845594667043,1,3072,6,8,9,384.0,1.0,True,1
phi4,hidden,NExTVideo_0020_9209893989,Geometric,4,0.4933613069097061,4,0.44586801680689736,0.8848346976896339,0,False,0.08052319835827446,17.395477416210078,4,-0.3067715595699244,0.38860407560377896,True,0,False,0.7,1,2.0565626950898657,2.621513964138618,0.3683024499470859,2.5,-0.14638501094227999,0.7294239249593866,False,1.4051950203190098,1.7758357619305767,0,3072,6,7,9,438.85714285714283,0.9999999999999998,True,1
phi4,vision,NExTVideo_0028_3085751774,Semantic,4,0.6205814405732594,4,0.2908093217091916,6.993765028647422,0,False,3.2789465582037662,899.3251753067055,1,-0.32517785314411984,0.3592376707147828,False,0,False,0.5,0,2.011167432587346,2.196936453688845,0.11248006010407517,3.5,0.09759000729485333,0.818177202735276,False,9.516249568600916,11.774477858404643,0,2304,7,8,9,288.0,1.0,True,1
phi4,projector,NExTVideo_0028_3085751774,Semantic,4,0.06104642712200389,4,0.21690973873343794,9.890962172114563,0,False,5.61058059794541,129.81202432900363,8,-0.24541724765593956,0.49433232632782054,False,0,False,0.6,1,2.1046609290376725,2.3156358230660063,0.13754765543824177,3.5,0.3903600291794133,0.3390301832455655,False,16.770224101539903,20.16191986942086,0,3072,8,8,9,384.0,1.0,True,1
phi4,hidden,NExTVideo_0028_3085751774,Semantic,4,0.2701278036260494,4,0.6109681922684582,9.91471715776067,0,False,8.658928252308064,151.15969491477782,6,-0.018406293574195463,0.9597498710616379,False,0,False,0.5,0,2.1894926509052297,2.577728270257082,0.4352550429262817,2.5,-0.5855400437691199,0.12724658986372073,False,19.384743203014878,26.34330534127318,1,3072,5,7,9,438.85714285714283,1.0,True,1
phi4,vision,NExTVideo_0031_4006742735,Geometric,4,0.7839528793691886,3,0.4420467534191407,8.440634657819427,0,False,6.844562893576972,399.0812591589494,7,-0.0490834495311879,0.8928882547542834,False,0,True,1.0,1,1.8057910989263957,1.9133820803336596,0.08073286298162397,2.5,0.2439750182371333,0.560375584963329,False,7.618055887863106,9.270733826067952,0,2304,6,8,9,288.0,1.0000000000000002,True,1
phi4,projector,NExTVideo_0031_4006742735,Geometric,4,0.43735866455970623,3,0.3288557656565627,11.748445610503797,0,False,9.979915779918853,178.49371638665002,8,0.31904242195272137,0.3688997595619156,False,0,True,1.0,1,1.7827474353855028,1.9365679423483235,0.0945307817345138,3.5,0.29277002188455997,0.48161781431215467,False,14.244314359580379,20.843709778878786,0,3072,6,8,9,384.0,1.0,True,1
phi4,hidden,NExTVideo_0031_4006742735,Geometric,4,0.7746129337160234,4,0.38184861208261134,2.504206506244615,0,False,0.9585194253090534,37.6551600928497,8,0.28222983480433045,0.4294929705980839,False,0,False,0.6,1,2.052430562519996,2.433488804203798,0.24488842466705943,3.5,0.5367450401216933,0.17018920126883436,False,4.107416785199396,6.488729693429148,0,3072,6,7,9,438.85714285714283,1.0,True,1
phi4,vision,NExTVideo_0031_4805511103,Semantic,4,0.6845281134378305,4,0.4638897773874826,8.19019236338963,0,False,5.502987315081913,1261.9663946730639,4,-0.6442202750968412,0.044381366311308,True,1,True,1.0,1,1.8949235820798593,2.195701287158934,0.16700446072423175,0.5,-0.14638501094227999,0.7294239249593866,True,7.648792742619415,11.871455729822328,1,2304,6,7,9,329.14285714285717,0.9999999999999999,True,1
phi4,projector,NExTVideo_0031_4805511103,Semantic,4,0.7413475954661634,3,0.47425700863354736,12.599782208018485,0,False,14.892938451157239,203.40492397322205,4,-0.5705951008000594,0.08497172598894799,True,1,True,1.0,1,1.873472952851428,2.1704107102522947,0.12648888598199767,0.5,0.09759000729485333,0.818177202735276,True,11.877348567911934,19.127431077193826,1,3072,6,7,9,438.85714285714283,1.0,True,1
phi4,hidden,NExTVideo_0031_4805511103,Semantic,4,0.9892190063190427,2,0.5487827327422067,1.251520440441982,0,False,0.10892534550188378,6.493502925637371,6,-0.6061796721101458,0.06320565239402053,False,0,False,0.8,1,1.685518240796873,2.2577142520398734,0.4394527210542407,1.5,-0.6831300510639733,0.06183472987214335,True,0.6790438855933791,0.892842394249391,1,3072,5,6,8,512.0,1.0,True,1
phi4,vision,NExTVideo_0031_5516830700,Semantic,4,0.48566311111459953,4,0.3986139117194442,6.2377995210851385,0,False,2.747323162072578,25.799645065029488,8,-0.2024692293161501,0.5748125526418609,False,0,False,0.5,0,1.9351229229389366,2.0707072945971534,0.11312621779354079,2.5,0.29277002188455997,0.48161781431215467,False,7.577681816184725,8.630981264930007,0,2304,7,8,9,288.0,1.0,True,1
phi4,projector,NExTVideo_0031_5516830700,Semantic,4,0.5089145802503479,4,0.4538328018882783,12.187816640141344,0,False,11.833951481036168,91.21901042975985,7,-0.2945006971871274,0.4088058416972339,False,0,False,0.7,1,1.8943981831793273,2.2414723554687614,0.20925098844869597,2.5,0.14638501094227999,0.7294239249593866,False,14.273101457959642,15.723783204392351,0,3072,7,8,9,384.0,0.9999999999999998,True,1
phi4,hidden,NExTVideo_0031_5516830700,Semantic,4,0.9529476389320234,3,0.7358207524545127,48.6407407338599,0,False,262.2138428926035,126.56110102465473,8,-0.3558550091011123,0.3128784013353107,False,0,False,0.7,1,1.8517547972429629,2.2718096319820202,0.32969203326711066,3.5,0.048795003647426664,0.9086544876553411,False,24.945456922807185,30.203837321414888,0,3072,4,6,8,512.0,0.9999999999999999,True,1
phi4,vision,NExTVideo_0033_2834146886,Geometric,4,0.8662648625566984,3,0.5595469691075158,13.52388385864916,0,False,21.550495953741585,1446.326348229773,1,-0.12270862382796978,0.7355802870269528,False,0,False,0.9,1,1.8936479783650018,2.6080287854669693,0.3157190229695876,1.5,0.048795003647426664,0.9086544876553411,True,13.124755022198215,20.253488178273805,1,2304,5,7,9,329.14285714285717,1.0,True,1
phi4,projector,NExTVideo_0033_2834146886,Geometric,4,0.8179365111574697,2,0.38297857627467574,18.632937103392013,0,False,29.77834105002425,284.7012811915133,7,-0.28222983480433045,0.4294929705980839,False,0,False,0.8,1,1.9514293486448853,2.3611212424189816,0.1868915797900653,1.5,0.4879500364742666,0.2199438192418187,True,21.29422901478551,28.534363955765386,1,3072,6,8,9,384.0,1.0,True,1
phi4,hidden,NExTVideo_0033_2834146886,Geometric,4,0.7888398537126831,4,0.4931413715312269,0.9885147865614915,0,False,0.15547948467452033,1.7891783087115471,1,-0.22087552289034557,0.5397245232079747,False,0,False,0.5,0,2.164691489190137,2.622425014035979,0.38139958394712953,3.5,0.4879500364742666,0.2199438192418187,False,1.703538162365795,2.7121406108142474,0,3072,5,7,9,438.85714285714283,1.0000000000000002,True,1
phi4,vision,NExTVideo_0033_3105754589,Semantic,4,0.2079691120003538,4,0.2673535812621958,11.476790375136313,0,False,9.977282295741642,769.4319642021893,6,-0.6503557062882397,0.04174882166639041,False,0,False,0.6,1,1.920477942680164,2.3606968765877134,0.23273537277777173,1.5,-0.7319250547113999,0.03899827398782236,True,14.49220477549768,19.743649399326937,1,2304,6,8,9,288.0,0.9999999999999998,True,1
phi4,projector,NExTVideo_0033_3105754589,Semantic,4,0.45999738249339084,3,0.33769685329833515,19.55616809921802,0,False,29.729086071296262,318.85598688209444,6,-0.7607934677334125,0.010608274380412912,False,0,False,0.8,1,1.943011668593826,2.2748902193144476,0.21411514239792687,1.5,-0.6831300510639733,0.06183472987214335,True,25.46971421175819,33.33760832427718,1,3072,6,7,9,438.85714285714283,1.0,True,1
phi4,hidden,NExTVideo_0033_3105754589,Semantic,4,0.33309312085518017,4,0.3616884339182351,29.239473637064673,0,False,71.29029478771355,314.60119567689947,6,-0.6246419971490333,0.05351930069537074,False,0,False,0.6,1,1.9976206035337971,2.475648492049393,0.26727684791930734,1.5,-0.6343350474165467,0.09116266392027382,True,44.17968699877364,79.989495369761,1,3072,6,7,9,438.85714285714283,1.0,True,1
phi4,vision,NExTVideo_0034_5296671076,Semantic,4,0.7725932261258222,3,0.45506637588967186,10.95140556887131,0,False,9.918619591100068,810.0195952929107,6,-0.07362517429678185,0.8398151212437741,False,0,False,0.5,0,1.9031692225357073,2.1759046849231307,0.18314847249811636,1.5,0.5367450401216933,0.17018920126883436,True,10.024029145749177,15.491804754315499,1,2304,6,7,8,329.14285714285717,1.0,True,1
phi4,projector,NExTVideo_0034_5296671076,Semantic,4,0.6402114417902813,3,0.4635609379742978,15.217007070831784,0,False,25.413326427231265,100.44025712250053,6,-0.07362517429678185,0.8398151212437741,False,0,False,0.8,1,1.9502272694751457,2.194719528803162,0.17753085082910328,1.5,0.0,1.0,True,19.02678805511384,31.96023841988778,1,3072,6,7,8,438.85714285714283,1.0,True,1
phi4,hidden,NExTVideo_0034_5296671076,Semantic,4,0.9100845893245575,2,0.5388198760190058,45.97912699622679,0,False,303.2067690299835,463.39201490967935,6,-0.4294801833978941,0.2154674316166876,False,0,False,0.8,1,1.9407274199952957,2.351944543196654,0.25655565310958395,3.5,0.6831300510639733,0.06183472987214335,False,42.46913861257257,57.64665384157834,0,3072,5,7,9,438.85714285714283,0.9999999999999998,True,1
phi4,vision,NExTVideo_0039_5351925965,Semantic,4,0.7107912012668127,3,0.4215961225735221,9.45479312028988,0,False,6.8005396345081435,1064.6333648333127,4,-0.9141792475183746,0.00021374925624336453,True,1,False,0.7,1,1.8759648415843935,1.990823735958773,0.15019084667859095,2.5,0.0,1.0,False,7.584020866459365,10.32517159306813,0,2304,6,7,9,329.14285714285717,1.0,True,1
phi4,projector,NExTVideo_0039_5351925965,Semantic,4,0.8161209593414507,3,0.5620258417744158,13.442286125184916,0,False,19.42712353467191,37.71039209450472,2,-0.8031111391916144,0.005145010715330344,False,0,False,0.5,0,1.8677359282843988,2.034207391152456,0.1384055616049641,3.5,0.0,1.0,False,10.799580159936554,16.017683530124348,0,3072,6,7,9,438.85714285714283,1.0,True,1
phi4,hidden,NExTVideo_0039_5351925965,Semantic,4,0.8994332159113445,2,0.3777547839549976,7.071465185844937,0,False,3.914139731050324,28.70912061697849,1,-0.1963337981247516,0.586695595731755,False,0,False,0.5,0,2.013610324964947,2.580892586498245,0.2909877583339588,3.5,0.048795003647426664,0.9086544876553411,False,6.897677902781458,9.426465021196774,0,3072,6,7,9,438.85714285714283,1.0000000000000002,True,1
pixtral,vision,NExTVideo_0089_3066966990,Compositional,7,0.7601226363065742,3,0.3336942857138215,11.251312858108282,0,False,10.54845373694994,89.48120928385458,4,-0.19512557866211333,0.58904630489656,False,0,False,0.6,1,1.9621839370158314,2.324213194283964,0.23380178553760403,6.5,-0.05988131309566295,0.8879906501125185,False,13.515281374906106,17.7708780185837,0,1024,7,8,9,128.0,1.0,True,1
pixtral,projector,NExTVideo_0089_3066966990,Compositional,7,0.4569862409708778,4,0.642965012251906,4.335295235095975,0,False,2.39280099531393,310.2273120028332,5,-0.15853953266296708,0.6617809752445742,False,0,False,0.7,1,1.8797836445531646,2.3767835920190516,0.367526411775275,1.5,-0.14371515142959107,0.7342214747617433,True,5.865700353615939,8.080765506605413,1,5120,5,6,8,853.3333333333334,1.0000000000000002,True,1
pixtral,hidden,NExTVideo_0089_3066966990,Compositional,7,0.9143298756452575,4,0.6635471995034152,0.8321775168078736,0,False,0.08746637428389913,0.10125782000839807,4,0.16463720699615814,0.6494602227242312,False,0,False,0.4,0,1.9586348383560197,2.1993113560880464,0.1808298069560923,4.5,0.0,1.0,False,0.6475630950452561,0.9038897745309902,0,5120,4,6,9,853.3333333333334,0.9999999999999999,True,1
pixtral,vision,NExTVideo_0089_6868234420,Semantic,4,0.7011188311476133,4,0.7364895842965349,9.05666123209985,0,False,18.70223529268381,150.38561541003781,2,-0.5215116512688716,0.12211083031892074,False,0,False,0.5,0,1.9151875599544654,2.658714460953003,0.48108584109987507,3.5,0.4879500364742666,0.2199438192418187,False,11.225559924298667,17.288631959865782,0,1024,4,6,9,170.66666666666666,1.0,True,1
pixtral,projector,NExTVideo_0089_6868234420,Semantic,4,0.8999231433992915,4,0.968658946510542,4.955527302704368,0,False,31.782549267999748,589.1444937226199,2,-0.3006361283785259,0.398643511478881,False,0,False,0.6,1,1.7770119827151842,2.9661170114452573,1.0438500123412355,3.5,0.5855400437691199,0.12724658986372073,False,8.109256353896914,17.29633313101527,0,5120,1,1,5,5120.0,1.0000000000000002,True,1
pixtral,hidden,NExTVideo_0089_6868234420,Semantic,4,0.9044375896739423,2,0.5557168637607527,4.6994211466773885,0,False,1.9313267981133606,13.285296293649143,5,-0.754658036542014,0.01164487250461738,True,1,False,0.5,0,1.7197924024014508,2.332272977024831,0.3816330494494485,2.5,-0.19518001458970666,0.6432255386372303,False,3.2957458488382443,4.230266135066193,0,5120,5,7,9,731.4285714285714,0.9999999999999998,True,1
pixtral,vision,NExTVideo_0090_5329653093,Semantic,5,0.8839774353935496,3,0.4458899733468345,14.440827621206209,0,False,21.200136770942503,2113.1871875273305,4,-0.23928181646454103,0.5055248490013543,True,0,False,0.8,1,2.0846483087847947,2.490334939372659,0.24969430393018685,1.5,0.5091750772173156,0.19747302644349035,True,16.09186321176857,21.30733595944974,1,1024,6,8,9,128.0,1.0,True,1
pixtral,projector,NExTVideo_0090_5329653093,Semantic,5,0.6435313568001058,4,0.43866364598889473,4.325138488575244,0,False,2.0493487605970704,122.26342605438633,2,-0.06135431191398489,0.8662915258616978,False,0,False,0.7,1,2.029653387832193,2.4187066257491927,0.3616040394689346,1.5,0.1454785934906616,0.7310518414346707,True,5.969583268267088,8.47418819858164,1,5120,6,7,9,731.4285714285714,1.0,True,1
pixtral,hidden,NExTVideo_0090_5329653093,Semantic,5,0.948520388176339,4,0.5150601980096859,8.814773874014742,0,False,7.104875119806637,7.960748501472253,1,0.0646181376361069,0.8592365632561159,False,0,False,0.7,1,2.074509973565934,2.3484536233477837,0.3061092378718241,1.5,0.60616080621109,0.1111631317899513,True,7.31476042148512,13.385074481631403,1,5120,4,6,8,853.3333333333334,1.0,True,1
pixtral,vision,NExTVideo_0090_7001183247,Compositional,3,0.10737262858518029,3,0.47199137253577855,11.958778710960603,0,False,12.245981263677498,153.70300954592648,3,-0.2263092183870852,0.5295334397348499,True,0,False,0.8,1,1.7594053453636058,2.0996119499463637,0.2251487191482844,0.5,-0.5940375900868682,0.12047034306891172,True,15.298198729183612,20.93489285843235,1,1024,5,7,9,146.28571428571428,1.0,True,1
pixtral,projector,NExTVideo_0090_7001183247,Compositional,3,0.2636955183584956,4,0.7931045372398385,4.356289507259838,0,False,3.173322510377257,26.83171088191485,3,0.2607411032322766,0.4668498684907213,True,0,False,0.9,1,1.6811522379230714,2.5657122531097913,0.6482286981185413,0.5,-0.5091750772173156,0.19747302644349035,True,8.169888155734084,13.888359654387989,1,5120,3,5,8,1024.0,1.0000000000000002,True,1
pixtral,hidden,NExTVideo_0090_7001183247,Compositional,3,0.7646001855376096,4,0.3441506326065469,2.5817844034361412,0,False,0.5369196010107409,2.048716708008318,3,-0.4631989010361619,0.17759181940650928,True,0,False,0.5,0,1.9796132967171511,2.2709506686931697,0.23593704627416281,4.5,0.060616080621109,0.8866229447346792,False,2.9873411456687906,3.6573533624166994,0,5120,7,8,9,640.0,1.0,True,1
pixtral,vision,NExTVideo_1009_4738042036,Semantic,5,0.8890380717865312,4,0.5002651490380534,11.631850479483502,0,False,12.180414572885592,42.603931219600376,8,-0.20860466050754858,0.5630215067923303,False,0,False,0.7,1,1.9178395724824788,2.2080050936424294,0.1834161719250021,2.5,-0.1454785934906616,0.7310518414346707,False,10.03032083153896,15.458986186609568,0,1024,6,7,9,146.28571428571428,1.0,True,1
pixtral,projector,NExTVideo_1009_4738042036,Semantic,5,0.9939314846147512,4,0.9017307899987664,12.706217168989244,0,False,15.93128105818703,560.7679492180667,8,0.21474009169894706,0.5513247480759309,False,0,False,0.7,1,1.9663585745787031,2.7662330101754735,0.5852111415486007,2.5,0.13335537736643982,0.7529072847094918,False,6.435224366197881,15.475980073265855,0,5120,1,3,7,1706.6666666666667,1.0,True,1
pixtral,hidden,NExTVideo_1009_4738042036,Semantic,5,0.9232930164748393,0,0.5867544433363799,5.898266104226391,1,False,4.149459766518873,14.463972049330298,8,-0.6135431191398488,0.059214812600234645,False,0,False,0.8,1,1.9991104765329188,2.3286086411643816,0.17045795263623548,2.5,0.181848241863327,0.6664768494099012,False,4.778849561381724,5.9535493752329565,0,5120,5,7,9,731.4285714285714,1.0,True,1
pixtral,vision,NExTVideo_1203_3339687949,Geometric,5,0.32649932426256656,4,0.3547100643453479,9.563064959612584,0,False,5.830602351698611,47.524732358250716,3,0.12884405501936821,0.7227860826113411,False,0,False,0.5,0,1.9496325832867685,2.441070605325017,0.33910418637906947,1.5,-0.5697911578384246,0.14035632687295957,True,10.137909401374177,14.188680399281248,1,1024,7,8,9,128.0,1.0000000000000002,True,1
pixtral,projector,NExTVideo_1203_3339687949,Geometric,5,0.9385509816273296,4,0.5535046438600847,4.955874078760374,0,False,2.305257502829617,1016.8325696915379,6,-0.39693998833608524,0.2560567602162016,True,0,False,0.4,0,1.8437682287031116,2.584965188029139,0.5313933907762514,0.5,-0.7880090480744169,0.020191038671215092,True,3.8902178112455146,5.8454527093922355,1,5120,5,7,9,731.4285714285714,0.9999999999999999,True,1
pixtral,hidden,NExTVideo_1203_3339687949,Geometric,5,0.9153189344619537,3,0.44829704885119087,60.14765592262173,0,False,295.0318474533795,43269.50827702046,8,-0.10430233025377429,0.774304654354067,False,0,False,0.6,1,2.032370049922214,2.443571871926789,0.29621592383347994,4.5,0.44855899659620657,0.264957651788981,False,59.64221595757149,88.44399927256144,0,5120,6,8,9,640.0,1.0,True,1
pixtral,vision,NExTVideo_1203_3798468368,Semantic,4,0.34401771476538345,4,0.5540261010850769,7.725894437400028,0,False,6.224395745486907,65.01278424732658,2,0.24541724765593956,0.49433232632782054,False,0,False,0.3,0,1.8527643918090846,2.310579264385469,0.31144670706562705,2.5,0.2439750182371333,0.560375584963329,False,11.865079715785239,14.158887882642876,0,1024,5,7,9,146.28571428571428,1.0000000000000002,True,1
pixtral,projector,NExTVideo_1203_3798468368,Semantic,4,0.801392557042568,4,0.8232722658081942,5.4740203393115445,0,False,9.420388292393207,361.04074513727187,8,0.6380848439054427,0.04712282692050087,False,0,False,0.4,0,1.7294196814504197,2.184194150494164,0.46096460201960576,2.5,-0.048795003647426664,0.9086544876553411,False,5.473090584729941,9.194045094321801,0,5120,3,4,8,1280.0,0.9999999999999997,True,1
pixtral,hidden,NExTVideo_1203_3798468368,Semantic,4,0.33444060621935645,4,0.46434780499158596,10.226402009896374,0,False,9.69697492789245,57.26128479072524,7,-0.1963337981247516,0.586695595731755,False,0,False,0.7,1,2.1037118818668743,2.3220798688136886,0.24165224838626395,3.5,0.5367450401216933,0.17018920126883436,False,16.942865606183382,23.198941979436828,0,5120,6,7,9,731.4285714285714,1.0,True,1
pixtral,vision,NExTVideo_1203_4039610385,Compositional,5,0.1188692435967223,4,0.40914691713587925,8.155684398191067,0,False,5.4894319696352225,347.5366158847129,7,-0.6061796721101458,0.06320565239402053,False,0,False,0.6,1,1.907192285907057,2.374881764916143,0.3655449809247787,1.5,0.181848241863327,0.6664768494099012,True,16.30836396442203,22.86140418800434,1,1024,6,8,9,128.0,1.0,True,1
pixtral,projector,NExTVideo_1203_4039610385,Compositional,5,0.8831616508320508,4,0.8152347647305823,4.98727229104132,0,False,9.886574118550062,214.41082758988546,7,-0.779199761307608,0.007888892938635234,False,0,False,0.5,0,1.7785006976625453,2.7949797149880076,0.8655802581025365,1.5,-0.1697250257391052,0.6878242591661421,True,9.171718210116145,16.99823946015547,1,5120,3,5,8,1024.0,1.0,True,1
pixtral,hidden,NExTVideo_1203_4039610385,Compositional,5,0.6367931589005396,4,0.2918409586259495,0.023293403766130226,0,False,4.248295911666534e-05,0.09530259212427518,2,-0.2945006971871274,0.4088058416972339,False,0,False,0.6,1,1.985239841295712,2.3558667068383086,0.23390382995160114,3.5,0.3152036192297668,0.44697209677347505,False,0.036521237216445686,0.04778926817681091,0,5120,7,8,9,640.0,1.0,True,1
pixtral,vision,NExTVideo_1009_5996570774,Geometric,5,0.520648817064606,4,0.33905011852150924,6.785547821219994,0,False,5.363788400050256,36.2840251713953,3,-0.4662927705462851,0.17433032100794135,False,0,False,0.8,1,1.9483052035888886,2.419345047985505,0.21052354385652144,2.5,0.121232161242218,0.7749070997119826,False,12.372662511572369,18.508356444084935,0,1024,6,7,9,146.28571428571428,1.0,True,1
pixtral,projector,NExTVideo_1009_5996570774,Geometric,5,0.2153700078353546,4,0.6310039388439715,2.6069518279164066,0,False,0.8891688504183456,6.857350654978785,2,0.0490834495311879,0.8928882547542834,False,0,False,0.8,1,1.8398880004709457,2.504632318959169,0.5717056408512298,3.5,-0.0363696483726654,0.9318670204387731,False,5.571489272327382,8.13106236405264,0,5120,4,6,8,853.3333333333334,0.9999999999999998,True,1
pixtral,hidden,NExTVideo_1009_5996570774,Geometric,5,0.7091421205679412,4,0.281444121691316,0.021298492144932145,0,False,3.762727157534928e-05,0.044211546379138905,3,-0.6503557062882397,0.04174882166639041,False,0,False,0.7,1,2.016829487080116,2.527043034812756,0.27019078712328176,2.5,-0.0363696483726654,0.9318670204387731,False,0.03093448550729866,0.04673089910157871,0,5120,6,8,9,640.0,1.0,True,1
pixtral,vision,NExTVideo_1009_6118838509,Semantic,4,0.2528185035384821,4,0.425690313716974,11.58838417050561,0,False,9.55565970512546,593.6601592092868,1,-0.12270862382796978,0.7355802870269528,False,0,False,0.5,0,1.9096731967773364,2.4438673711457493,0.327299844293785,2.5,0.09759000729485333,0.818177202735276,False,15.384991403278953,25.27332089616538,0,1024,5,6,9,170.66666666666666,1.0,True,1
pixtral,projector,NExTVideo_1009_6118838509,Semantic,4,0.060958349788905714,4,0.7161641997923215,4.241234775958304,0,False,1.1437934536330556,15.684504850744318,1,0.236933171332392,0.5098372699205551,False,0,False,0.3,0,1.7052885826590036,2.7587587467904426,0.5426031502139077,2.5,-0.09759000729485333,0.818177202735276,False,6.890430826548553,11.544140339365384,0,5120,3,5,7,1024.0,0.9999999999999998,True,1
pixtral,hidden,NExTVideo_1009_6118838509,Semantic,4,0.011683233137348606,4,0.48512493239805554,5.666594646674619,0,False,2.150884736113743,12.529442206841415,1,-0.47078928849163604,0.16965413019201445,False,0,False,0.5,0,2.004874096146833,2.7335375079780797,0.40764263752558755,3.5,-0.14638501094227999,0.7294239249593866,False,8.214900860798831,17.64759621174815,0,5120,6,7,9,731.4285714285714,0.9999999999999998,True,1
pixtral,vision,NExTVideo_1009_6416652333,Semantic,5,0.8074192841854405,4,0.5530473512025634,17.1468683833653,0,False,35.31925754424554,1142.9227338939554,2,-0.5399179448430669,0.10718505398102066,False,0,True,1.0,1,1.8458028498073782,2.116297260316791,0.12457097115114243,3.5,-0.0848625128695526,0.841645075117969,False,14.869391685364622,17.532555885821527,0,1024,5,7,9,146.28571428571428,1.0,True,1
pixtral,projector,NExTVideo_1009_6416652333,Semantic,5,0.39602302607876433,4,0.6448331905455612,4.5693047103940625,0,False,3.0012282320030104,74.68517909877754,3,-0.576730531991458,0.08091856646299929,False,0,False,0.6,1,1.946076350250077,2.6557479200256475,0.5848670612740113,2.5,0.024246432248443597,0.9545557541696634,False,6.757489813199055,10.360146829311768,0,5120,3,5,8,1024.0,1.0,True,1
pixtral,hidden,NExTVideo_1009_6416652333,Semantic,5,0.8500266577288523,2,0.4627507021064717,17.635817100427804,0,False,23.549510920917378,148.2635416765462,1,-0.5507926969934827,0.09893453074899376,False,0,False,0.6,1,1.7623247185830972,1.9349659452031762,0.10670397302863621,1.5,-0.012123216124221799,0.9772711968911272,True,12.800652376237746,15.517699239079,1,5120,6,7,9,731.4285714285714,1.0000000000000002,True,1
pixtral,vision,NExTVideo_1009_6420147083,Semantic,5,0.7456246401539853,3,0.46580086274242843,11.367345780102303,0,False,12.135177160952706,707.2194264481933,8,-0.21474009169894706,0.5513247480759309,False,0,False,0.8,1,1.843570881694653,2.1371896823905643,0.24100343061360674,1.5,0.47280542884465016,0.23674621695900244,True,10.386799634588519,12.765515919296092,1,1024,6,7,9,146.28571428571428,1.0000000000000002,True,1
pixtral,projector,NExTVideo_1009_6420147083,Semantic,5,0.5281165060141731,4,0.8052581411217573,4.000972017287717,0,False,3.8108583299843004,149.9303089347982,8,0.5446385886471867,0.10355222967418372,False,0,False,0.3,0,1.916960512562232,2.5617483851636527,0.4728953394389993,3.5,0.6425304545837554,0.08576991370796118,False,5.321019009928923,8.92938986181606,0,5120,3,5,8,1024.0,0.9999999999999998,True,1
pixtral,hidden,NExTVideo_1009_6420147083,Semantic,5,0.9078712137159252,4,0.38908827588175016,12.652875563852412,0,False,12.06670297377318,87.99398276172485,7,-0.41720932101509717,0.23030967966390767,False,0,False,0.9,1,1.8941090746306624,2.108517906126471,0.1655424700537585,0.5,-0.5091750772173156,0.19747302644349035,True,11.762322900229384,16.871885352909228,1,5120,6,8,9,640.0,1.0,True,1
pixtral,vision,NExTVideo_1009_6663748603,Semantic,4,0.8980335955146488,3,0.36516825315701273,7.483050180997281,0,False,4.673982568332952,1486.2790330763034,7,-0.6748974310538336,0.03226860511926249,False,0,False,0.9,1,1.90406384919963,2.149499539519995,0.14298223950027003,0.5,-0.34156502553198664,0.4076337385331202,True,7.073266301139228,8.322558883587115,1,1024,6,7,9,146.28571428571428,1.0,True,1
pixtral,projector,NExTVideo_1009_6663748603,Semantic,4,0.8470462101365663,3,0.4952178311558223,3.4780340385576185,0,False,1.1796305552687385,955.3913762567205,4,-0.5521888072258639,0.09790549661733505,True,1,False,0.5,0,1.790805993547738,2.237601961899196,0.27093929516829657,2.5,-0.09759000729485333,0.818177202735276,False,3.1413972232062566,5.000955555319308,0,5120,5,7,9,731.4285714285714,1.0000000000000002,True,1
pixtral,hidden,NExTVideo_1009_6663748603,Semantic,4,0.7822450621434793,4,0.4722968595450712,5.713739944999017,0,False,4.213055080312363,18.713024981684136,6,-0.32517785314411984,0.3592376707147828,False,0,False,0.8,1,1.9573899597310933,2.27674764290099,0.2336522881783279,2.5,0.0,1.0,False,6.987387102064344,9.000111623185168,0,5120,6,7,9,731.4285714285714,0.9999999999999998,True,1
pixtral,vision,NExTVideo_1009_8612900766,Geometric,6,0.6479112724908235,4,0.3717019007412562,9.834897489123078,0,False,10.09279312691768,285.4486363247719,4,-0.6911605858848819,0.026865783149450432,False,0,False,0.7,1,2.015970026310254,2.3904424566690037,0.24696360847397925,0.5,-0.6626987024788349,0.07330582330837652,True,13.063729396612153,16.77775695834284,1,1024,6,7,9,146.28571428571428,1.0,True,1
pixtral,projector,NExTVideo_1009_8612900766,Geometric,6,0.8859050334979767,4,0.8783706750417245,5.053636768933279,0,False,10.177746449168215,289.5909124708684,5,-0.6116465361813115,0.060226375317604885,True,1,False,0.6,1,1.699852256395499,2.8042694184960264,0.54699224398284,1.5,0.36147201953390995,0.3789640738097752,True,5.736932170074899,10.280062431782609,1,5120,2,3,7,1706.6666666666667,1.0,True,1
pixtral,hidden,NExTVideo_1009_8612900766,Geometric,6,0.6304392729493635,3,0.4326837443082436,0.31008448987520143,0,False,0.01243383552551858,0.10759818195441266,6,-0.5076666250304884,0.13414641808205818,True,1,False,0.5,0,1.8578415994550945,2.2376791184031095,0.24504405631102666,5.5,0.19278507708475195,0.6473844523388663,False,0.4580143669587714,0.588468293122391,0,5120,6,7,9,731.4285714285714,1.0,True,1
pixtral,vision,NExTVideo_0101_3122394310,Geometric,6,0.6321033409777275,4,0.474625768326931,7.8690949929676295,0,False,6.455598406809138,854.8817429055174,6,-0.6116465361813115,0.060226375317604885,True,1,False,0.8,1,1.8949818273730241,2.2123225088938265,0.2441428926815506,0.5,0.06024533658898499,0.8873130218901896,True,9.348012356972522,12.144487011470423,1,1024,6,8,9,128.0,1.0000000000000002,True,1
pixtral,projector,NExTVideo_0101_3122394310,Geometric,6,0.5656334259514262,4,0.40883393576616095,2.2248239862091936,0,False,0.5062151241035296,129.44391354274393,4,-0.690197037967791,0.02716724629606369,False,0,False,0.5,0,1.8464875471543483,2.3182780537897134,0.2994256539797196,4.5,0.554257096618662,0.1539883457589951,False,3.2077756739821104,3.7942459604159673,0,5120,6,8,9,640.0,1.0000000000000002,True,1
pixtral,hidden,NExTVideo_0101_3122394310,Geometric,6,0.9106116841015941,2,0.49459272409763005,4.83631039568466,0,False,2.1605520327219443,3.8817484064967402,6,-0.8868874774629015,0.0006234748354840958,True,1,False,0.9,1,1.8811836813106453,2.320849549710398,0.20612232644699555,0.5,-0.39761922148730094,0.32931690299077665,True,3.854380558019506,6.867947613565371,1,5120,5,6,8,853.3333333333334,0.9999999999999999,True,1
pixtral,vision,NExTVideo_0101_3404210548,Semantic,4,0.8260500765783205,3,0.5267364081440367,11.778381621620957,0,False,19.368631703475046,1773.2092325112244,8,-0.12270862382796978,0.7355802870269528,False,0,False,0.6,1,2.1043561426054214,2.4047168701166557,0.21327161941904507,3.5,0.3903600291794133,0.3390301832455655,False,14.72342055104211,20.667159927740478,0,1024,6,7,9,146.28571428571428,1.0,True,1
pixtral,projector,NExTVideo_0101_3404210548,Semantic,4,0.9789650642822632,3,0.8431374502069876,8.38940950209892,0,False,9.89650111559823,358.376287900078,1,-0.3374487155269168,0.34030016731737633,False,0,False,0.6,1,2.1368648928620586,2.685502788428501,0.29233073235858786,1.5,-0.4879500364742666,0.2199438192418187,True,6.008713773746255,11.254349163080397,1,5120,3,5,8,1024.0,1.0,True,1
pixtral,hidden,NExTVideo_0101_3404210548,Semantic,4,0.8260828259203252,3,0.5033824896847153,58.140145253323965,0,False,394.7960713049764,7248.259577927635,4,-0.6933037246280291,0.026203489677142103,True,1,False,0.8,1,1.9687686457532179,2.443368078923661,0.23842350844151944,3.5,0.7807200583588266,0.022214514665634247,False,62.520037920683436,88.84372970076423,0,5120,6,7,9,731.4285714285714,1.0,True,1
pixtral,vision,NExTVideo_0101_4740074365,Geometric,5,0.7311457257427771,4,0.772988370623043,13.996492315308705,0,False,39.43693857156617,1179.9101694082779,6,-0.9019083851355777,0.00035929045438835643,True,1,False,0.7,1,1.7501440012743141,2.079875687974844,0.3402916850969161,2.5,0.3515732676024321,0.39310560992530386,False,13.240257245469644,21.52126267599862,0,1024,3,5,8,204.8,1.0,True,1
pixtral,projector,NExTVideo_0101_4740074365,Geometric,5,0.9569840459062684,4,0.954484300996596,9.900298309405208,0,False,51.06491136212106,640.2543328641983,6,-0.803741486073202,0.005083577988395172,True,1,False,0.5,0,1.6963050472914287,2.697361869079544,0.8021004825362664,2.5,0.3152036192297668,0.44697209677347505,False,9.476814783850745,16.80085546376427,0,5120,1,1,5,5120.0,1.0000000000000004,True,1
pixtral,hidden,NExTVideo_0101_4740074365,Geometric,5,0.8555103564868858,3,0.35848202711616384,6.323394843632844,0,False,3.1531570796615784,29.245778512827474,8,-0.19019836693335312,0.5986683040717657,False,0,False,0.7,1,2.0420615542385683,2.490400870601782,0.2783328842308061,2.5,0.41218934822354114,0.3102218639193789,False,7.188503804973715,9.190610899688936,0,5120,7,8,9,640.0,1.0000000000000002,True,1
pixtral,vision,NExTVideo_1000_2594144360,Semantic,4,0.10445355275015702,3,0.3230784177870719,6.631693177323062,0,False,2.9513629615535404,18.333292577668338,4,-0.576730531991458,0.08091856646299929,True,1,False,0.6,1,1.8402313782941255,2.247756715700454,0.1701732311640684,0.5,-0.09759000729485333,0.818177202735276,True,7.840887061562575,11.276935492620929,1,1024,6,7,9,146.28571428571428,0.9999999999999999,True,1
pixtral,projector,NExTVideo_1000_2594144360,Semantic,4,0.9826847531100975,4,0.7960857412933913,6.744664351111027,0,False,4.476827098833051,493.15713140403466,3,-0.21474009169894706,0.5513247480759309,True,0,False,0.6,1,2.15023063505539,2.6438508733614983,0.3822538383976961,1.5,-0.09759000729485333,0.818177202735276,True,5.047610926268785,7.6499062676632485,1,5120,3,5,8,1024.0,1.0000000000000002,True,1
pixtral,hidden,NExTVideo_1000_2594144360,Semantic,4,0.32876685344272105,4,0.4970638812352221,8.453158811910038,0,False,5.771481818871915,52.78520235951724,3,-0.3926675962495032,0.2616781862729173,True,0,False,0.6,1,1.925907379773649,2.4570691736723353,0.3401290015936628,1.5,0.14638501094227999,0.7294239249593866,True,13.936597871648305,24.49851287075334,1,5120,6,7,9,731.4285714285714,1.0,True,1
pixtral,vision,NExTVideo_1000_2623063774,Semantic,4,0.028973907028761403,4,0.3964397158434306,7.963993341902292,0,False,5.395617341672188,956.4921554815403,4,-0.8650957979871867,0.0012273924762891603,True,1,False,0.6,1,2.0134218025542427,2.5366607336310225,0.3536657321608051,1.5,-0.048795003647426664,0.9086544876553411,True,10.000556985492612,13.469526091653288,1,1024,5,7,9,146.28571428571428,1.0,True,1
pixtral,projector,NExTVideo_1000_2623063774,Semantic,4,0.046104506946754574,3,0.6568423174992175,2.5329061391267764,0,False,0.6437299269363288,28.159646227955115,5,-0.5521888072258639,0.09790549661733505,True,1,False,0.7,1,2.2684489312407186,2.844013083808822,0.5701605868963081,1.5,-0.2439750182371333,0.560375584963329,True,5.819329582662171,10.224360291029175,1,5120,4,5,8,1024.0,1.0,True,1
pixtral,hidden,NExTVideo_1000_2623063774,Semantic,4,0.9659142102102749,2,0.5160134361016135,5.018812679401009,0,False,2.2853053275476984,2.474299740825749,2,-0.09203146787097732,0.8003776447383397,False,0,False,0.7,1,1.8929769071353237,2.465906205327492,0.39050839337765786,2.5,-0.34156502553198664,0.4076337385331202,False,3.6634033882735797,5.4870524724370116,1,5120,4,6,9,853.3333333333334,1.0,True,1
pixtral,vision,NExTVideo_1000_3273928480,Geometric,5,0.7341232095391013,4,0.48616602278540677,13.604628748501911,0,False,15.430631582101777,3340.2797914825883,6,-0.5215116512688716,0.12211083031892074,True,1,False,0.7,1,1.8227588276147682,2.432024567838693,0.3915269373469833,0.5,-0.3515732676024321,0.39310560992530386,True,12.93804437274812,20.876758643054263,1,1024,6,7,9,146.28571428571428,1.0,True,1
pixtral,projector,NExTVideo_1000_3273928480,Geometric,5,0.6646156581941844,4,0.8285481148912288,4.152983468406484,0,False,5.224860411636135,369.2265232582175,6,-0.3681258714839093,0.2952659657377438,True,0,False,0.5,0,1.5966249836487487,2.832894014573246,0.8263859180708473,1.5,0.012123216124221799,0.9772711968911272,True,6.200615035510629,11.644544317601786,1,5120,3,5,8,1024.0,1.0,True,1
pixtral,hidden,NExTVideo_1000_3273928480,Geometric,5,0.9393612301931409,2,0.6815583385352155,65.55355231309107,0,False,518.4668989136178,329.06042112851054,6,0.009231162519443843,0.9798085526486568,True,0,True,1.0,1,1.7046774217786225,2.2868093196702723,0.31979070451418273,0.5,-0.3152036192297668,0.44697209677347505,True,34.473499640279016,64.81156969057703,1,5120,3,4,8,1280.0,1.0,True,1
pixtral,vision,NExTVideo_1000_3297776560,Geometric,6,0.3159938788305748,4,0.3954122771179606,7.3564733165349745,0,False,5.352290330674154,37.63767175676599,1,-0.09786344578900982,0.7879622206552681,False,0,False,0.6,1,1.8651308664548039,2.2981525120382353,0.3315405654363641,5.5,-0.04819626927118799,0.909771840305317,False,9.812526279512078,15.218769559553625,0,1024,6,8,9,128.0,1.0,True,1
pixtral,projector,NExTVideo_1000_3297776560,Geometric,6,0.5741813846478537,3,0.6652208727725367,3.252443802119224,0,False,1.7169567533626384,283.1175207716371,7,-0.4403855060505442,0.2027505555110427,True,0,False,0.6,1,1.947648294443879,2.581039628532863,0.5375470754158507,2.5,-0.39761922148730094,0.32931690299077665,False,5.13800440170645,7.520792981900528,1,5120,5,6,9,853.3333333333334,1.0,True,1
pixtral,hidden,NExTVideo_1000_3297776560,Geometric,6,0.691950953592046,4,0.35684950414460087,62.90674048167328,0,False,661.925546793818,3871.216578239172,5,-0.28747387200521635,0.42059360717835337,True,0,False,0.5,0,2.0059118503587006,2.593977212057223,0.5040669118636927,1.5,-0.08434347122457898,0.842604396293089,True,125.48067404154449,207.73648260391607,1,5120,5,7,9,731.4285714285714,1.0,True,1
pixtral,vision,NExTVideo_1000_3298675598,Geometric,4,0.7350566829199918,3,0.5471954466491624,9.454676254973016,0,False,12.584185341520753,29.483267634403624,3,-0.576730531991458,0.08091856646299929,True,1,False,0.6,1,1.961948693866733,2.45363100340949,0.2500185326658855,2.5,0.4879500364742666,0.2199438192418187,False,11.88498436054887,16.283573336042895,0,1024,6,7,9,146.28571428571428,1.0,True,1
pixtral,projector,NExTVideo_1000_3298675598,Geometric,4,0.8987201516687774,4,0.8765300463714076,6.197561270153319,0,False,10.988435327700559,1209.0493900763136,7,-0.4356156145892926,0.20825788700156508,False,0,False,0.7,1,1.8319667533652626,2.3765053072383093,0.3849378203904289,3.5,0.5367450401216933,0.17018920126883436,False,4.582917183227672,5.9951072448186915,0,5120,2,4,8,1280.0,1.0000000000000002,True,1
pixtral,hidden,NExTVideo_1000_3298675598,Geometric,4,0.3127141358059463,3,0.2266034063851094,1.0828516139809843,0,False,0.06995788214544718,0.5554588211459922,3,-0.5890013943742548,0.07319160667714436,True,1,False,0.7,1,2.112740586146549,2.333713786129831,0.17682329806621114,1.5,-0.6343350474165467,0.09116266392027382,True,1.7534121514442407,2.053774840583083,1,5120,7,8,9,640.0,1.0,True,1
pixtral,vision,NExTVideo_1000_3380344744,Semantic,5,0.7988127080784478,4,0.49741187474934867,11.526481515323969,0,False,12.375647938830241,100.2263893021005,7,-0.7354159473823595,0.015355147269213927,False,0,False,0.9,1,1.8226710245514104,2.0967084320567357,0.21890182060480953,1.5,0.0,1.0,True,9.691963140184964,15.421966408743623,1,1024,5,7,9,146.28571428571428,1.0,True,1
pixtral,projector,NExTVideo_1000_3380344744,Semantic,5,0.8691839746683196,2,0.6191491779416726,6.451706201812606,0,False,3.7334030551278667,336.1355134415963,4,-0.6564911374796382,0.03922326475029201,True,1,False,0.8,1,1.8776954859470054,2.5866685134258454,0.5550385082472967,1.5,-0.6425304545837554,0.08576991370796118,True,5.12984216750343,8.158243459755145,1,5120,4,5,8,1024.0,1.0,True,1
pixtral,hidden,NExTVideo_1000_3380344744,Semantic,5,0.9179675266946583,3,0.3660644578592096,0.0315435220808087,0,False,6.756051106500859e-05,0.0036924546617373563,8,-0.7055745870108261,0.022625592848361013,False,0,False,0.6,1,2.0793443544795545,2.3469874736951013,0.15932563060937022,4.5,0.545544725589981,0.16193822846628397,False,0.0317022829897532,0.038711072238776324,0,5120,6,8,9,640.0,1.0000000000000002,True,1
pixtral,vision,NExTVideo_1000_3388598772,Semantic,4,0.8179007349898928,4,0.5458883215065248,10.191434879104857,0,False,9.357745264388365,907.0414902759097,1,0.3006361283785259,0.398643511478881,False,0,False,0.6,1,1.7625558612104721,2.0287340789465698,0.2144122854074778,0.5,-0.43915503282683993,0.2763268401337456,True,7.014860088917256,10.409017444691298,1,1024,5,7,9,146.28571428571428,1.0,True,1
pixtral,projector,NExTVideo_1000_3388598772,Semantic,4,0.8531171553247201,4,0.7059928247557796,4.962272937493613,0,False,3.4323822728901163,675.3595178832616,1,0.2984742547953509,0.40221035425642837,False,0,False,0.5,0,1.629002788986322,2.218571907990037,0.47065937006065517,3.5,0.29277002188455997,0.48161781431215467,False,3.7895715180992537,6.655419237915388,0,5120,4,6,8,853.3333333333334,1.0000000000000002,True,1
pixtral,hidden,NExTVideo_1000_3388598772,Semantic,4,0.5160422215273297,4,0.34700088461558887,0.024897119712326745,0,False,3.84862185244496e-05,0.00753797881183615,1,-0.3006361283785259,0.398643511478881,False,0,False,0.7,1,2.005790366448558,2.1760905726553204,0.2209104404918152,0.5,-0.29277002188455997,0.48161781431215467,True,0.027446135358627763,0.03280447450202364,1,5120,7,8,9,640.0,1.0,True,1
pixtral,vision,NExTVideo_1000_3664990087,Geometric,4,0.9200656060889122,2,0.3701190420033698,11.082322539171242,0,False,11.184884213483674,100.21599275434421,3,-0.6380848439054427,0.04712282692050087,True,1,False,0.9,1,1.9522396469307082,2.368482363056071,0.2772766091692844,1.5,-0.19518001458970666,0.6432255386372303,True,11.27148295073265,15.47855662889049,1,1024,6,7,9,146.28571428571428,0.9999999999999999,True,1
pixtral,projector,NExTVideo_1000_3664990087,Geometric,4,0.3576903824113298,4,0.6776623068853727,3.904052553770908,0,False,1.8767887838310187,221.494555997395,5,-0.5890013943742548,0.07319160667714436,True,1,False,0.8,1,1.8985220471572621,2.747207504918296,0.7403375648540105,1.5,0.14638501094227999,0.7294239249593866,True,5.427194265431325,9.176542267446473,1,5120,3,5,8,1024.0,1.0,True,1
pixtral,hidden,NExTVideo_1000_3664990087,Geometric,4,0.5386321917146698,4,0.6758873321965957,12.14929716886959,0,False,35.858995190604084,118.99579174211881,4,-0.21231673794720837,0.5559332873754241,True,0,False,0.6,1,2.010094612885008,2.756505090049211,0.4548061820946336,1.5,-0.3903600291794133,0.3390301832455655,True,24.47079480723156,36.25079138682129,1,5120,4,6,8,853.3333333333334,1.0000000000000002,True,1
pixtral,vision,NExTVideo_1000_3669067230,Compositional,3,0.889999202095386,3,0.5063664922696877,15.228732357846859,0,False,16.59632405781556,117.72083648658425,2,-0.11009637651263605,0.7620622290487753,True,0,False,0.5,0,1.7898115671869856,2.3900863601325897,0.3538425666807697,1.5,0.26671075473287964,0.5231267001703013,True,9.652658463527334,12.793206319463149,1,1024,5,7,9,146.28571428571428,1.0,True,1
pixtral,projector,NExTVideo_1000_3669067230,Compositional,3,0.9807212475567988,2,0.8575159381203468,12.381889059286499,0,False,14.236505842912507,1060.2134776801747,2,-0.44479364669035415,0.19773687029351097,True,0,False,0.5,0,1.7299006835124748,2.7654505755082956,0.5877274976330568,1.5,-0.21821789023599236,0.6036450565101363,True,4.686614136539721,10.535748884714728,1,5120,2,4,7,1280.0,0.9999999999999999,True,1
pixtral,hidden,NExTVideo_1000_3669067230,Compositional,3,0.970899801593287,4,0.6933609400241587,1.202916926278752,0,False,0.16060154091112333,0.10089812265584008,7,-0.3098217814877639,0.38365917964144935,False,0,False,0.8,1,2.034066498850647,2.8725649187299123,0.4614903039600289,3.5,0.44855899659620657,0.264957651788981,False,1.1001240229620213,1.9869007710894717,0,5120,4,6,8,853.3333333333334,0.9999999999999998,True,1
pixtral,vision,NExTVideo_1000_3824469712,Geometric,6,0.71359430944903,4,0.3059458030633724,10.182170037960244,0,False,6.916951951804276,325.23789705556766,7,-0.28528144236002023,0.42430369460587125,True,0,False,0.7,1,1.8994254728273934,2.3029070496965423,0.2704435872466348,0.5,-0.4578645580762859,0.2539413413452635,True,11.365534885808351,15.199472967436597,1,1024,7,8,9,128.0,1.0,True,1
pixtral,projector,NExTVideo_1000_3824469712,Geometric,6,0.9557008050143281,4,0.6100416847867892,5.521281543819309,0,False,3.095704404860796,405.9367502377063,3,-0.28747387200521635,0.42059360717835337,False,0,False,0.6,1,1.942823006179046,2.663071495442211,0.3875017014308744,3.5,0.012049067317796997,0.9774101852887366,False,4.976631985805256,8.53551539407018,0,5120,5,7,9,731.4285714285714,1.0000000000000002,True,1
pixtral,hidden,NExTVideo_1000_3824469712,Geometric,6,0.6465459574722656,4,0.413198043123046,30.126886753159337,0,False,58.40111474286955,168.0441846227338,8,-0.19939025541291736,0.5807645246183608,False,0,False,0.5,0,1.9512578445428699,2.400106576902494,0.25418506733633395,0.5,-0.5060608273474739,0.20069069612724155,True,29.639025477051646,40.031986745570315,1,5120,5,7,9,731.4285714285714,1.0000000000000002,True,1
pixtral,vision,NExTVideo_1000_4116558765,Geometric,6,0.8627919353563446,3,0.565362979983794,13.384240412659128,0,False,21.553060205615328,146.384258880343,7,-0.6361123976285639,0.04802761081450256,True,1,False,0.7,1,2.0222498814498993,2.338386472352915,0.22053258424338454,3.5,0.21688321172034594,0.6059163036901004,False,12.604823464022846,18.443975435327115,0,1024,5,7,9,146.28571428571428,1.0,True,1
pixtral,projector,NExTVideo_1000_4116558765,Geometric,6,0.7627359996284053,3,0.39303142985210415,4.930757843882333,0,False,2.513387929628781,20.32643904031145,3,-0.6605782590758164,0.03759926615332362,False,0,False,0.6,1,2.0278095237471323,2.424950089641301,0.24753801592675181,3.5,0.10844160586017297,0.7982604003862407,False,6.603219923017059,8.88776701677756,0,5120,5,7,9,731.4285714285714,0.9999999999999999,True,1
pixtral,hidden,NExTVideo_1000_4116558765,Geometric,6,0.9648644027845783,3,0.39859135139249263,0.6072376540596973,0,False,0.022770567577120298,0.27155292746762416,7,-0.14067870332170163,0.698283582238183,True,0,False,0.6,1,1.8874739665242495,2.1921836023515633,0.22254880806961738,1.5,-0.25303041367373696,0.545429170794945,True,0.47417071557009327,0.5878851358546493,1,5120,6,7,9,731.4285714285714,1.0,True,1
pixtral,vision,NExTVideo_1000_4227464140,Semantic,4,0.510501616227216,4,0.39449411681832214,5.336566991641189,0,True,1.962651257930922,320.23851454608166,6,0.26995897242153344,0.4506524757014977,False,0,False,0.8,1,1.8405620602160895,2.072599141436073,0.18773699636606064,1.5,-0.09759000729485333,0.818177202735276,True,4.751347530170692,6.095245694869315,1,1024,5,7,9,146.28571428571428,1.0000000000000002,True,1
pixtral,projector,NExTVideo_1000_4227464140,Semantic,4,0.3225110530933417,4,0.4471599917120393,2.0234069462314515,0,False,0.35922086145054266,60.21193742723011,5,-0.503105357694676,0.1382652831590591,True,1,False,0.9,1,2.1299509548527484,2.597634786123564,0.39066449491987115,1.5,-0.34156502553198664,0.4076337385331202,True,2.961564381013237,4.318691026437825,1,5120,5,6,8,853.3333333333334,1.0000000000000002,True,1
pixtral,hidden,NExTVideo_1000_4227464140,Semantic,4,0.5929065709238355,3,0.520380962219428,0.28204215661320475,0,False,0.006726836480424284,0.019256226210402138,6,0.6442202750968412,0.044381366311308,False,0,False,0.8,1,1.903562753765542,2.218353042791184,0.16801017187359202,1.5,0.5367450401216933,0.17018920126883436,True,0.25600371870263855,0.33213625231387117,1,5120,5,7,9,731.4285714285714,0.9999999999999999,True,1
pixtral,vision,NExTVideo_1000_4405872555,Geometric,5,0.040255216384302295,4,0.2616452366938543,9.867308439293046,0,False,5.964428304883021,67.27242562028236,5,-0.6442202750968412,0.044381366311308,True,1,False,0.7,1,2.080795272751071,2.387267997941844,0.2271928929092322,1.5,-0.60616080621109,0.1111631317899513,True,13.17619340478507,18.6985807599269,1,1024,7,8,9,128.0,1.0000000000000002,True,1
pixtral,projector,NExTVideo_1000_4405872555,Geometric,5,0.9606182176853091,3,0.7850266882094445,8.749306736646343,0,False,8.733357369356051,624.259775031124,5,-0.717845449393623,0.01939928907360013,True,1,False,0.5,0,2.1798963625934054,2.8033096725653435,0.5001498175341689,0.5,-0.7880090480744169,0.020191038671215092,True,8.278837549426168,16.27293340334451,1,5120,3,4,8,1280.0,0.9999999999999999,True,1
pixtral,hidden,NExTVideo_1000_4405872555,Geometric,5,0.8992440541171522,2,0.5103466079160356,25.07442033565819,0,False,66.14209733109308,98.5639767190124,6,-0.6135431191398488,0.059214812600234645,True,1,False,0.8,1,1.9040848261324606,2.3019263155570164,0.22875083355633663,2.5,0.6910233190806425,0.05770985908877332,False,20.68516278930406,23.960389309177508,0,5120,6,7,9,731.4285714285714,1.0,True,1
pixtral,vision,NExTVideo_1000_4550392934,Semantic,5,0.43904529775269974,4,0.4419479328891888,7.573607646776294,0,False,7.387398408894836,1379.3791757671436,2,-0.25768811003873643,0.4722704966281396,False,0,False,0.5,0,1.8290517740215333,2.0142545066448556,0.2081797183670971,1.5,0.1697250257391052,0.6878242591661421,True,13.211990889264712,19.20549820617742,1,1024,6,7,9,146.28571428571428,0.9999999999999999,True,1
pixtral,projector,NExTVideo_1000_4550392934,Semantic,5,0.475621633852418,4,0.3921413386285255,3.180819551646231,0,False,0.8908248936339707,305.12381979422446,2,-0.11385100440647407,0.7541540858158435,False,0,False,0.4,0,1.8061486920260172,2.1221802752205186,0.2714992315380902,2.5,-0.0363696483726654,0.9318670204387731,False,3.956243734233039,5.757585548831636,0,5120,5,6,8,853.3333333333334,1.0,True,1
pixtral,hidden,NExTVideo_1000_4550392934,Semantic,5,0.9124977118658175,4,0.44810824720185904,0.2859477535748871,0,False,0.008248031643205145,0.39857781472077336,1,-0.19019836693335312,0.5986683040717657,False,0,False,0.4,0,1.8208725489134907,1.940691668209388,0.09846605369520138,2.5,-0.23034110636021415,0.5831437849827301,False,0.2575021843421208,0.4012588638518089,0,5120,5,7,9,731.4285714285714,1.0,True,1
pixtral,vision,NExTVideo_1000_4638541063,Geometric,5,0.7153168317600096,4,0.4089238125185667,9.028540118540251,0,False,10.251989006064168,394.2527605031687,4,-0.3558550091011123,0.3128784013353107,True,0,False,0.7,1,1.9018892007089523,2.265044783063457,0.2619138276457109,1.5,-0.024246432248443597,0.9545557541696634,True,11.55896033385315,18.598442859919146,1,1024,6,7,9,146.28571428571428,1.0,True,1
pixtral,projector,NExTVideo_1000_4638541063,Geometric,5,0.9286090373383724,3,0.6921078976811144,5.169191393791945,0,False,5.0321438508297485,685.7507637793047,4,-0.288365265995729,0.4190895266730382,True,0,False,0.7,1,2.011356475903894,2.6674058464294563,0.5063641703848066,2.5,0.363696483726654,0.37581778408044225,False,5.347810416484622,9.885950634676155,0,5120,4,5,8,1024.0,1.0000000000000002,True,1
pixtral,hidden,NExTVideo_1000_4638541063,Geometric,5,0.9371553616918062,3,0.45965674505557064,3.0733457244005407,0,False,1.2603441231794217,3.7062721150102256,8,-0.288365265995729,0.4190895266730382,False,0,False,0.6,1,2.0059765554595477,2.6456517494209195,0.45409792884056827,2.5,0.424312564347763,0.2947483403858767,False,3.5963528136619276,4.4272817123706645,0,5120,5,6,8,853.3333333333334,0.9999999999999999,True,1
pixtral,vision,NExTVideo_1001_3098102850,Geometric,5,0.8077747697452738,4,0.4911456893524679,12.030323142733486,0,False,16.871027782179258,904.1716793052132,4,-0.37426130267530777,0.2866631890735267,True,0,False,0.7,1,1.904190104586026,2.4441115354419427,0.38997234947643367,2.5,0.024246432248443597,0.9545557541696634,False,13.344963309493245,20.235079051526508,0,1024,5,7,9,146.28571428571428,0.9999999999999999,True,1
pixtral,projector,NExTVideo_1001_3098102850,Geometric,5,0.696680023261157,4,0.7355742398584775,4.632238065630607,0,False,5.582268596764299,200.396397136999,4,0.02454172476559395,0.9463472996802752,True,0,False,0.9,1,2.025908557878601,2.7809838930451214,0.5317081595785204,2.5,0.3758196998508757,0.35887779967800476,False,8.268048282260116,13.145902623279051,0,5120,4,5,8,1024.0,1.0000000000000002,True,1
pixtral,hidden,NExTVideo_1001_3098102850,Geometric,5,0.5386085697575279,4,0.7493611281418454,0.8546731338975853,0,False,0.2786622427618221,2.6901530170090218,4,-0.22087552289034557,0.5397245232079747,True,0,False,0.3,0,1.6492180480287537,2.331240716291262,0.4180076120545916,2.5,0.2909571869813232,0.4844624488127287,False,1.409481636494855,1.7598111203812228,0,5120,3,5,8,1024.0,0.9999999999999999,True,1
pixtral,vision,NExTVideo_1001_3249160519,Semantic,5,0.2582953636578076,4,0.28908874108861365,8.716767687700845,0,False,5.170330956682124,42.17590539589027,3,-0.4846990641204805,0.15566725143921836,False,0,False,0.5,0,1.776531462807059,2.0427663574085355,0.24282214823161885,4.5,0.44855899659620657,0.264957651788981,False,12.19938915684239,14.974886741499388,0,1024,6,7,9,146.28571428571428,0.9999999999999999,True,1
pixtral,projector,NExTVideo_1001_3249160519,Semantic,5,0.4717816957072116,4,0.7115684565624846,3.361456160395714,0,False,2.2663487195765204,305.79864736524286,7,0.07976060548818034,0.8266294205655288,False,0,False,0.3,0,1.7880464050620792,2.526205249802978,0.6821180369977558,0.5,0.060616080621109,0.8866229447346792,True,6.181150531863905,9.56072639663049,1,5120,5,6,8,853.3333333333334,1.0,True,1
pixtral,hidden,NExTVideo_1001_3249160519,Semantic,5,0.5665058541872325,4,0.2463240944256489,0.02455648952623868,0,False,4.160649064140238e-05,0.024038799237468357,1,0.26995897242153344,0.4506524757014977,False,0,False,0.6,1,2.0209363737087145,2.3972289803380127,0.2176785940694237,0.5,-0.121232161242218,0.7749070997119826,True,0.03323289564697249,0.04552470262089147,1,5120,7,8,9,640.0,0.9999999999999998,True,1
pixtral,vision,NExTVideo_1101_2574374895,Semantic,5,0.8476396382022711,4,0.45573723638436947,17.935498559501468,0,False,41.84427742629256,82.36064778624889,8,0.1472503485935637,0.6847836760627853,False,0,False,0.8,1,1.9806727364717847,2.456086877995979,0.34007542667825713,0.5,0.21821789023599236,0.6036450565101363,True,20.475077293075522,33.90093585309412,1,1024,5,6,9,170.66666666666666,0.9999999999999998,True,1
pixtral,projector,NExTVideo_1101_2574374895,Semantic,5,0.9750513406201922,4,0.8689174825790058,14.6414735217434,0,False,44.40794768024273,513.634572270869,8,0.42334475220649564,0.2228181042830319,False,0,False,0.7,1,1.9694282131843208,2.597489965858455,0.6950424390843506,4.5,0.3394500514782104,0.41073304297161684,False,11.065061841185479,22.57665337436001,0,5120,2,3,7,1706.6666666666667,0.9999999999999996,True,1
pixtral,hidden,NExTVideo_1101_2574374895,Semantic,5,0.484016288750969,4,0.39108453392293524,0.03264220590909874,0,False,8.93201310519653e-05,0.08083524505163217,3,-0.0981668990623758,0.7873173648718517,False,0,False,0.5,0,1.9446033570463594,2.2628385424258544,0.22706781735359993,1.5,-0.41218934822354114,0.3102218639193789,True,0.04536584762230116,0.05403233203814477,1,5120,6,8,9,640.0,0.9999999999999998,True,1
pixtral,vision,NExTVideo_1101_3483300439,Semantic,3,0.9825528616250174,1,0.7265697809277106,19.67414146770949,1,False,38.37790427605929,78.3789188221808,6,-0.1773774954925803,0.6239659715480919,False,0,True,1.0,1,1.7050086861191476,2.2006420342146846,0.3949304508847292,0.5,-0.3515732676024321,0.39310560992530386,True,9.066224741515061,11.809201360391175,1,1024,3,6,8,170.66666666666666,1.0,True,1
pixtral,projector,NExTVideo_1101_3483300439,Semantic,3,0.9938672148291043,3,0.9366294087809953,16.33495400613766,0,False,30.9844888130595,1242.4342731738052,8,-0.042815257532691796,0.9065131248935338,False,0,False,0.8,1,1.707298199474108,2.620653928383832,0.5753480002596714,2.5,-0.0727392967453308,0.8640941349883787,False,5.346234965670992,9.539188884817662,0,5120,1,2,6,2560.0,1.0000000000000002,True,1
pixtral,hidden,NExTVideo_1101_3483300439,Semantic,3,0.7748839849503404,4,0.3558875152205697,0.23305115696630657,0,False,0.00450094243603175,0.14134348810480604,8,-0.23242568374889835,0.5181563175215664,False,0,False,0.6,1,1.9354892986296424,2.2965622468819733,0.2638222295929597,0.5,-0.3152036192297668,0.44697209677347505,True,0.2877235713324081,0.37078421157456487,1,5120,6,8,9,640.0,1.0000000000000002,True,1
pixtral,vision,NExTVideo_1101_3812429626,Compositional,4,0.5171157080944565,3,0.40709973187867365,12.955026453879876,0,False,16.127252412473148,420.64911380678734,8,0.4540219081634881,0.18747727864654318,False,0,False,0.8,1,1.9023705002685618,2.166809888997631,0.225226243953276,3.5,0.8783100656536799,0.004103933720031569,False,14.258063770751004,21.16856175290298,0,1024,5,7,9,146.28571428571428,1.0,True,1
pixtral,projector,NExTVideo_1101_3812429626,Compositional,4,0.7364572025573867,4,0.8476474870438169,5.097914711863221,0,False,11.595184200526838,235.50647926656,3,0.22087552289034557,0.5397245232079747,True,0,False,0.7,1,2.160958917027833,2.809243915644944,0.5671818257021733,3.5,0.7319250547113999,0.03899827398782236,False,9.786281187847543,16.45121928252193,0,5120,2,3,7,1706.6666666666667,0.9999999999999999,True,1
pixtral,hidden,NExTVideo_1101_3812429626,Compositional,4,0.9103690108371225,3,0.5807530509368243,7.026939014809229,0,False,8.253722239485063,13.643560952183744,8,-0.4540219081634881,0.18747727864654318,False,0,False,0.8,1,2.024855046475942,2.4415425514029634,0.3073669706415612,3.5,0.14638501094227999,0.7294239249593866,False,7.266246650626847,9.290164761931301,0,5120,5,6,8,853.3333333333334,1.0,True,1
pixtral,vision,NExTVideo_1101_4542514917,Semantic,4,0.9463264430132291,4,0.4324892882246625,8.762537697840331,0,False,5.830596854945938,317.61266098187366,2,-0.22087552289034557,0.5397245232079747,False,0,False,0.6,1,1.7193054305825466,2.163856909155316,0.31321164137234175,0.5,-0.5855400437691199,0.12724658986372073,True,5.789245419608266,7.501275948645216,1,1024,5,6,8,170.66666666666666,1.0,True,1
pixtral,projector,NExTVideo_1101_4542514917,Semantic,4,0.9368182194285912,3,0.7144673460399756,5.9947971062420145,0,False,3.7548259715772607,361.30403056048607,2,-0.5446385886471867,0.10355222967418372,False,0,False,0.7,1,1.70244772712792,2.31783979844646,0.5233596143709294,3.5,0.0,1.0,False,3.6799056919995885,6.520994287072422,0,5120,3,4,7,1280.0,1.0,True,1
pixtral,hidden,NExTVideo_1101_4542514917,Semantic,4,0.9402957778230627,2,0.5901929783503549,4.983631652416368,0,False,2.372042283919569,19.73723399547226,8,-0.47856363292908205,0.1617476342499189,False,0,False,0.8,1,1.892109534695119,2.0997791351437702,0.12950878360017273,0.5,-0.43915503282683993,0.2763268401337456,True,3.418607829070355,4.117104498308265,1,5120,6,7,9,731.4285714285714,1.0000000000000002,True,1
pixtral,vision,NExTVideo_1103_2831643292,Geometric,4,0.9109749642431318,4,0.38194463112941507,12.568694754539381,0,False,15.107488730762565,1673.1909920074297,1,-0.5153762200774729,0.12735809092369935,False,0,False,0.5,0,1.924679351492613,2.3951519672656194,0.25295720085215506,3.5,0.2439750182371333,0.560375584963329,False,13.202405649408917,18.422487951983264,0,1024,6,8,9,128.0,0.9999999999999999,True,1
pixtral,projector,NExTVideo_1103_2831643292,Geometric,4,0.5128358560086094,4,0.7247787828981643,3.4733994454908617,0,False,3.1339691792525453,29.4196264587901,8,-0.25768811003873643,0.4722704966281396,False,0,False,0.6,1,1.9338622943096944,2.712166311513384,0.6808710462822934,3.5,0.43915503282683993,0.2763268401337456,False,7.634178474941203,10.87060890841202,0,5120,4,6,9,853.3333333333334,1.0,True,1
pixtral,hidden,NExTVideo_1103_2831643292,Geometric,4,0.9625124365690358,4,0.7544754409932596,9.668840150694106,0,False,16.223890946875287,10.066700809324875,4,-0.6687619998624351,0.0344851886232837,True,1,False,0.8,1,1.8651687102076315,2.2423892450408864,0.2567361495533005,3.5,0.5855400437691199,0.12724658986372073,False,5.8736560290121895,8.686832094666718,0,5120,3,5,8,1024.0,1.0,True,1
pixtral,vision,NExTVideo_1103_3441428429,Compositional,3,0.21925149452698403,4,0.41369527121834326,12.955396121060732,0,False,15.544469224260368,2098.469420650298,3,-0.27524094128159016,0.4414873725629288,True,0,False,0.8,1,2.0475430082410178,2.6461538115165175,0.37087525735608745,0.5,0.10910894511799618,0.7970385741881917,True,18.653128680193554,29.201702265181428,1,1024,6,7,9,146.28571428571428,1.0000000000000004,True,1
pixtral,projector,NExTVideo_1103_3441428429,Compositional,3,0.9521432060454735,3,0.542389260502317,5.8527596443046965,0,False,4.643467299513488,770.7892879633188,7,-0.0030675423909679598,0.9932898141616114,False,0,False,0.7,1,1.971316168297486,2.603173410221349,0.4338849589000008,0.5,0.0727392967453308,0.8640941349883787,True,6.538270630317655,8.815538206564131,1,5120,4,6,9,853.3333333333334,1.0,True,1
pixtral,hidden,NExTVideo_1103_3441428429,Compositional,3,0.6033387562277576,4,0.32900656110060306,0.02151463536428211,0,False,4.971771760624807e-05,0.0524150277259019,8,-0.17126103013076718,0.6361626038523782,False,0,False,0.8,1,1.9988529699137345,2.413151558421714,0.1786717452779422,4.5,0.181848241863327,0.6664768494099012,False,0.03647229662490431,0.055227398674146215,0,5120,7,8,9,640.0,1.0000000000000002,True,1
pixtral,vision,NExTVideo_1103_3650010049,Geometric,4,0.9780355665547872,4,0.5234007146234098,22.457717448151882,0,False,38.79942275064748,3633.8078374869265,2,-0.44175104578069113,0.2011896293949472,False,0,False,0.6,1,1.8885144252512955,2.2047416272793097,0.23182472126471246,2.5,0.0,1.0,False,15.921154761434918,21.073218417081353,0,1024,6,7,9,146.28571428571428,1.0,True,1
pixtral,projector,NExTVideo_1103_3650010049,Geometric,4,0.7094374681182842,4,0.7227757041434736,4.146457516800165,0,False,3.8958280371860616,48.456505486882705,3,-0.23928181646454103,0.5055248490013543,True,0,False,0.5,0,1.9260373609322783,2.6384404071587233,0.5766502202895771,0.5,0.19518001458970666,0.6432255386372303,True,7.073922326558519,9.432803305438737,1,5120,4,6,9,853.3333333333334,1.0,True,1
pixtral,hidden,NExTVideo_1103_3650010049,Geometric,4,0.20361909885866447,4,0.4663871299283309,10.220610850410814,0,False,7.780906179241913,43.69848013049534,3,-0.28222983480433045,0.4294929705980839,True,0,False,0.4,0,2.107956020391269,2.5520817427597926,0.2734930162251534,2.5,0.29277002188455997,0.48161781431215467,False,15.757776058009787,19.88310632320859,0,5120,6,7,9,731.4285714285714,1.0,True,1
pixtral,vision,NExTVideo_1104_4760431362,Geometric,4,0.13249111224011262,3,0.422789772764017,5.592250703149379,0,False,3.009741027462691,611.466003703166,4,-0.38039673386670625,0.27819714502827286,True,0,False,0.5,0,2.017732092189461,2.199145188152632,0.1709831531506421,0.5,0.048795003647426664,0.9086544876553411,True,11.134631668963058,12.871667472878586,1,1024,6,8,9,128.0,1.0,True,1
pixtral,projector,NExTVideo_1104_4760431362,Geometric,4,0.5918624413648739,3,0.7622914226328629,2.069219111823559,0,False,2.210836547983503,95.00034970031871,4,0.0490834495311879,0.8928882547542834,True,0,False,0.6,1,2.180282240583113,2.7037748889781303,0.6410534496672129,1.5,-0.2439750182371333,0.560375584963329,True,7.248865965738261,10.238140680593048,1,5120,4,6,8,853.3333333333334,0.9999999999999998,True,1
pixtral,hidden,NExTVideo_1104_4760431362,Geometric,4,0.30325501331279564,4,0.2752418212039955,0.014490185117062368,0,False,1.605550722033946e-05,0.021886138198488066,8,-0.15952121097636068,0.6597923976289205,False,0,False,0.7,1,1.9942088335409827,2.3096043736227134,0.21031674504850653,3.5,0.6831300510639733,0.06183472987214335,False,0.030954269451742393,0.03701620420763055,0,5120,7,8,9,640.0,1.0000000000000002,True,1
pixtral,vision,NExTVideo_1104_4839268164,Semantic,4,0.8695184291931004,3,0.49932197922311383,15.617056444084502,0,False,18.97438679512626,3340.7437082942815,6,-0.1533857797849622,0.67225190847117,False,0,False,0.6,1,1.806691597046124,2.1834250743602595,0.27640651719879306,3.5,0.8783100656536799,0.004103933720031569,False,10.868009358466733,15.320932469441813,0,1024,5,6,8,170.66666666666666,1.0000000000000002,True,1
pixtral,projector,NExTVideo_1104_4839268164,Semantic,4,0.8675072895581858,3,0.6503008379757585,6.002661178037246,0,False,4.611721155628914,1014.7684265621954,6,-0.4049384586323002,0.24571430610689962,False,0,False,0.7,1,1.6232516831985215,2.4922489462958133,0.6808924581990339,3.5,0.09759000729485333,0.818177202735276,False,4.185952362254605,7.118057554251218,0,5120,3,5,7,1024.0,1.0,True,1
pixtral,hidden,NExTVideo_1104_4839268164,Semantic,4,0.5588271398883486,4,0.3720497777733196,4.6505457034680395,0,False,1.9904605081590063,14.376074844217907,7,0.05521888072258639,0.8795763328505938,False,0,False,0.6,1,1.996879331797056,2.3292927394069105,0.2622497030311549,2.5,0.43915503282683993,0.2763268401337456,False,6.126663149935397,9.284467240315779,0,5120,5,7,8,731.4285714285714,1.0000000000000002,True,1
pixtral,vision,NExTVideo_1104_5508995205,Compositional,4,0.8409974559767213,4,0.46881084551209506,9.542361948287034,0,False,17.819522667967867,1193.7991773323208,8,-0.5153762200774729,0.12735809092369935,False,0,False,0.7,1,1.8957095299076991,2.2610376345319234,0.2511303349388476,1.5,0.0,1.0,True,13.95382845424996,18.140580240864377,1,1024,6,7,9,146.28571428571428,1.0,True,1
pixtral,projector,NExTVideo_1104_5508995205,Compositional,4,0.04095539042117262,4,0.6052770980603733,2.9382132411439508,0,False,1.3061990310294156,41.12720293887022,8,0.3681258714839093,0.2952659657377438,False,0,False,0.8,1,1.9278866727118722,2.56668333555487,0.5092226482456078,2.5,-0.14638501094227999,0.7294239249593866,False,5.637508420524512,8.411524874999385,0,5120,4,6,9,853.3333333333334,1.0000000000000002,True,1
pixtral,hidden,NExTVideo_1104_5508995205,Compositional,4,0.5702469806444886,3,0.3654539614088349,3.754367976004983,0,False,1.5445467707210185,7.38887134930364,5,-0.26382354123013496,0.4614050713614083,True,0,False,0.8,1,1.9630318227679309,2.380045812912591,0.3021667115261513,0.5,-0.6831300510639733,0.06183472987214335,True,6.174765095570723,8.625428569019496,1,5120,6,7,9,731.4285714285714,1.0000000000000002,True,1
pixtral,vision,NExTVideo_1105_2623764605,Geometric,3,0.5724456134332503,2,0.5474500485392365,21.397817097788682,0,False,37.838918504960986,2079.530268050131,4,-0.7217429126939475,0.018445170682728874,True,1,False,0.5,0,1.8972352795521756,2.4469357034683674,0.29526596933174415,4.5,0.5212982933415374,0.18520893016509607,False,20.323119489318124,26.255121324262703,0,1024,5,7,9,146.28571428571428,1.0000000000000002,True,1
pixtral,projector,NExTVideo_1105_2623764605,Geometric,3,0.03753334638055374,4,0.8615452792397513,5.072102062631323,0,False,2.049219127665792,70.57215951387198,3,-0.6116465361813115,0.060226375317604885,True,1,False,0.5,0,1.5772116120196213,2.4541597762612213,0.5555486528500403,3.5,0.3515732676024321,0.39310560992530386,False,8.634390226590643,12.302425308693913,0,5120,2,4,7,1280.0,1.0000000000000002,True,1
pixtral,hidden,NExTVideo_1105_2623764605,Geometric,3,0.8928930917884019,4,0.46614642400012424,6.980494533358646,0,False,5.046069189972234,9.124044928994017,6,-0.4587349021359835,0.18236095630411098,False,0,False,0.7,1,1.957522037222298,2.57684085169104,0.3608051423812966,2.5,0.4606822127204283,0.25065193511929695,False,7.660613571744548,10.35377191394954,0,5120,5,7,9,731.4285714285714,1.0,True,1
pixtral,vision,NExTVideo_1105_4375052499,Compositional,4,0.8415389057526473,4,0.3053924006981401,9.84150933009427,0,False,7.320941531464561,377.4586379321859,5,-0.6810328622452322,0.03015088403187696,True,1,False,0.5,0,1.8763055509673738,2.264257280083224,0.2542652471417521,2.5,-0.14638501094227999,0.7294239249593866,False,11.252214710040612,15.411302464432978,0,1024,7,8,9,128.0,1.0,True,1
pixtral,projector,NExTVideo_1105_4375052499,Compositional,4,0.9717906018396454,4,0.7820895334043912,7.594222365941058,0,False,6.888140475055332,559.9335287446082,2,-0.20616262960091247,0.5677034227871087,False,0,False,0.7,1,2.207264944272314,2.8090631767580176,0.4410353281303097,2.5,-0.4879500364742666,0.2199438192418187,False,7.315799326947953,13.212536524973515,1,5120,4,6,8,853.3333333333334,1.0,True,1
pixtral,hidden,NExTVideo_1105_4375052499,Compositional,4,0.18384995969067447,4,0.3204454439190994,1.5238633212604873,0,False,0.13832927284081076,0.8287042456914051,5,-0.6748974310538336,0.03226860511926249,True,1,False,0.4,0,1.9290213362562607,2.189083947802932,0.18497615609605228,2.5,0.3903600291794133,0.3390301832455655,False,1.8706143800094681,2.3292498681283718,0,5120,7,8,9,640.0,0.9999999999999999,True,1
pixtral,vision,NExTVideo_1105_6253141636,Geometric,4,0.22700631052777975,4,0.65944107061615,11.155167279372451,0,False,13.548897749405535,959.3557142416754,1,-0.5507926969934827,0.09893453074899376,False,0,False,0.5,0,1.7447051055562093,2.4010728983575165,0.3790539370516541,3.5,-0.29277002188455997,0.48161781431215467,False,18.227477599353158,29.460378933672246,0,1024,4,6,8,170.66666666666666,1.0000000000000002,True,1
pixtral,projector,NExTVideo_1105_6253141636,Geometric,4,0.572256372718287,4,0.7736521904912982,4.068423137133659,0,False,6.898194482178539,338.50498619697635,3,-0.20616262960091247,0.5677034227871087,True,0,False,0.5,0,1.754351654286912,2.81254027519788,0.6597951872432243,1.5,0.048795003647426664,0.9086544876553411,True,8.79244069552696,21.97479183554283,1,5120,3,4,7,1280.0,1.0000000000000002,True,1
pixtral,hidden,NExTVideo_1105_6253141636,Geometric,4,0.1001132512323685,4,0.4027376335766084,0.0241777131923055,0,False,4.3263668156506376e-05,0.004351757425010343,1,-0.18406293574195465,0.6107283046711561,False,0,False,0.3,0,1.9442168284096488,2.146185961619365,0.1646549579416006,0.5,-0.43915503282683993,0.2763268401337456,True,0.04248241482689499,0.05009308410288412,1,5120,6,8,9,640.0,1.0000000000000002,True,1
pixtral,vision,NExTVideo_1105_6709738709,Semantic,4,0.7137090649809206,3,0.5364962156329378,11.132145001057909,0,False,12.434879894876458,3417.517030327156,1,0.6196785503312472,0.05601931349899569,False,0,False,0.3,0,1.9378275778720782,2.1616490883716644,0.1823471479533502,3.5,0.29277002188455997,0.48161781431215467,False,11.189637442894492,22.866479955916674,0,1024,6,7,9,146.28571428571428,1.0000000000000002,True,1
pixtral,projector,NExTVideo_1105_6709738709,Semantic,4,0.9139834648485361,2,0.8707460327039369,6.4878178965255335,0,False,14.734175921141752,795.6888377003454,1,0.7730643301162096,0.008732706886994769,False,0,False,0.5,0,1.919065560920105,2.680828791104254,0.3496801774606516,3.5,0.3903600291794133,0.3390301832455655,False,6.423148239596054,20.598324930631676,0,5120,2,4,7,1280.0,1.0,True,1
pixtral,hidden,NExTVideo_1105_6709738709,Semantic,4,0.7526425423442638,3,0.4777903829281676,0.3530970182938671,0,False,0.014950022752350878,0.24212086622286022,7,0.030677155956992445,0.9329568385993042,False,0,False,0.7,1,2.0137755935087736,2.289718550703742,0.20364546791363655,1.5,0.0,1.0,True,0.4193191269899039,0.6566363399191997,1,5120,5,7,9,731.4285714285714,1.0000000000000002,True,1
pixtral,vision,NExTVideo_1106_2797596111,Compositional,4,0.6318113521121074,4,0.3447963012289981,11.319545452102133,0,False,9.597191757656347,1470.9037431217503,5,0.3006361283785259,0.398643511478881,True,0,False,0.6,1,1.969457236970126,2.3841377766198457,0.24191372613205925,0.5,-0.09759000729485333,0.818177202735276,True,12.704344124786154,16.834412116557264,1,1024,6,7,9,146.28571428571428,1.0,True,1
pixtral,projector,NExTVideo_1106_2797596111,Compositional,4,0.5166813670584677,4,0.6995095191637996,3.5766257580584795,0,False,1.7729730854184063,498.53158593225237,8,0.7485226053506155,0.012750568372177716,False,0,False,0.6,1,2.014582333271365,2.668874628212454,0.4973431698663673,3.5,-0.14638501094227999,0.7294239249593866,False,5.418420438316614,11.16046578589012,0,5120,4,6,9,853.3333333333334,1.0000000000000002,True,1
pixtral,hidden,NExTVideo_1106_2797596111,Compositional,4,0.30517788227968307,3,0.5026698999264309,6.320125915264571,0,False,2.5881331830336323,57.29834829015772,6,-0.5276470824602699,0.11700013173767009,False,0,False,0.7,1,1.8952323120350756,2.34697276573554,0.289944765311919,1.5,0.19518001458970666,0.6432255386372303,True,7.222808447675565,10.481624077031242,1,5120,6,7,9,731.4285714285714,1.0,True,1
pixtral,vision,NExTVideo_1106_3459862895,Semantic,4,0.7465114759299942,3,0.3624865315033953,14.532197167340243,0,False,17.383422241685185,1047.5934394725234,3,-0.21474009169894706,0.5513247480759309,True,0,False,0.7,1,1.8610620470615928,2.099945821748709,0.19659481943305734,1.5,0.048795003647426664,0.9086544876553411,True,14.12418608773621,18.28214397822846,1,1024,5,7,9,146.28571428571428,1.0,True,1
pixtral,projector,NExTVideo_1106_3459862895,Semantic,4,0.059440641880465585,4,0.5828311995028468,4.59108998609942,0,False,2.902424772434384,12.811211936197626,7,0.12615922109906585,0.7283773485618479,False,0,False,0.6,1,1.9669847644438558,2.7490088691866985,0.6582414463915195,3.5,0.2439750182371333,0.560375584963329,False,8.484375261556414,11.965128601969578,0,5120,4,5,8,1024.0,1.0,True,1
pixtral,hidden,NExTVideo_1106_3459862895,Semantic,4,0.8064726115069126,2,0.3690800734815047,0.027860728469934534,0,False,7.651186308749243e-05,0.03877859549770989,1,-0.5815632387249622,0.07781542473579885,False,0,False,0.6,1,1.9113191462406143,2.2284549968778617,0.23203950104893828,1.5,0.3903600291794133,0.3390301832455655,True,0.03277643309821436,0.04026911992075225,1,5120,6,7,9,731.4285714285714,1.0,True,1
pixtral,vision,NExTVideo_1106_4229009987,Semantic,3,0.9403844422041308,3,0.6610196399959691,20.021907527131635,0,False,42.82147018245147,527.4419098238094,8,-0.324172664176095,0.36081187818154487,False,0,False,0.6,1,1.7908268050144058,2.228275148607512,0.2770463016707467,4.5,-0.024246432248443597,0.9545557541696634,False,11.872317873646876,19.991094728500983,0,1024,4,6,9,170.66666666666666,1.0000000000000002,True,1
pixtral,projector,NExTVideo_1106_4229009987,Semantic,3,0.9829270885364256,4,0.9181682209152481,14.18793185426534,0,False,27.80475622419191,347.76853543370385,1,-0.1380394075935582,0.7037271450967266,False,0,False,0.7,1,1.5171244761853118,2.081042119980749,0.44065415074611985,0.5,0.27883397085710143,0.5036528556919295,True,4.746116628342431,10.098897805440917,1,5120,1,3,7,1706.6666666666667,1.0,True,1
pixtral,hidden,NExTVideo_1106_4229009987,Semantic,3,0.9517984391124683,3,0.42849436991796575,0.041299111589201874,0,False,0.00011982967329422756,0.00018186987151189686,7,0.006116465361813114,0.9866207325622852,False,0,False,0.9,1,1.9417978645119214,2.205109554359342,0.13983107589943863,4.5,0.44855899659620657,0.264957651788981,False,0.03462888105707921,0.05365927611342587,0,5120,6,8,9,640.0,1.0,True,1
pixtral,vision,NExTVideo_1106_6016405951,Compositional,4,0.8062141579816601,4,0.6765341949828511,15.042448016699717,0,False,35.76808786092435,40.32618589188674,2,-0.47856363292908205,0.1617476342499189,False,0,False,0.7,1,2.1391213389844808,2.6880158251055724,0.3754738199300609,1.5,-0.34156502553198664,0.4076337385331202,True,18.2472025441455,26.546245462903823,1,1024,5,7,8,146.28571428571428,1.0,True,1
pixtral,projector,NExTVideo_1106_6016405951,Compositional,4,0.9555223860712159,3,0.9319313356703184,10.940985761517027,0,False,45.55374623259625,504.1279379021242,7,-0.4294801833978941,0.2154674316166876,False,0,False,0.6,1,2.2502368997134323,3.0157704322996146,0.6448684105883837,1.5,-0.5855400437691199,0.12724658986372073,True,15.398381861399866,28.406700666539013,1,5120,1,2,6,2560.0,1.0000000000000002,True,1
pixtral,hidden,NExTVideo_1106_6016405951,Compositional,4,0.7007848272635034,3,0.47347550233295255,0.03474245913630285,0,False,0.00010787122622403854,0.0015837364122782169,2,-0.17792750455055614,0.6228731846521808,False,0,False,0.6,1,2.0106853402482656,2.3652385296985265,0.22922394321689668,1.5,-0.09759000729485333,0.818177202735276,True,0.03800239756404553,0.04717546478740268,1,5120,6,8,9,640.0,1.0,True,1
pixtral,vision,NExTVideo_1106_7828681900,Geometric,4,0.10059048058430463,4,0.35484944335860824,7.325292592385656,0,False,2.9184810604171583,153.98045414808902,1,-0.6380848439054427,0.04712282692050087,False,0,False,0.5,0,2.083546471594376,2.5041333631615887,0.22624068523944418,3.5,-0.14638501094227999,0.7294239249593866,False,12.443410686918515,19.87497974539898,0,1024,7,8,9,128.0,1.0,True,1
pixtral,projector,NExTVideo_1106_7828681900,Geometric,4,0.8623483017280976,4,0.6219488701802993,3.975604744902014,0,False,2.9792642611895745,254.88871499217558,1,-0.4356156145892926,0.20825788700156508,False,0,False,0.4,0,2.2756635349097283,2.7081597626104847,0.5306801257091439,3.5,-0.14638501094227999,0.7294239249593866,False,6.675161187051767,10.46022418229215,0,5120,5,6,9,853.3333333333334,1.0,True,1
pixtral,hidden,NExTVideo_1106_7828681900,Geometric,4,0.5175860856218881,4,0.2990958315024417,0.021600985242393667,0,False,3.4543726618323904e-05,0.15313265560730574,8,-0.34971957790971375,0.3218862439374824,False,0,False,0.5,0,2.0537292253373187,2.556055516416324,0.3077032522275093,3.5,-0.09759000729485333,0.818177202735276,False,0.03445203559951164,0.050866715005233716,0,5120,7,8,9,640.0,1.0,True,1
pixtral,vision,NExTVideo_0051_2400074985,Geometric,6,0.7451898778637258,4,0.5237574339712733,9.485020341763931,0,False,9.56699291262477,486.49097000089466,4,-0.5076666250304884,0.13414641808205818,False,0,False,0.9,1,1.9637159575358425,2.246676301321446,0.22254902665776283,2.5,0.554257096618662,0.1539883457589951,False,9.273150462946335,13.701825145603806,0,1024,6,7,9,146.28571428571428,1.0,True,1
pixtral,projector,NExTVideo_0051_2400074985,Geometric,6,0.3820611747505037,4,0.7333179848505377,2.554149694290965,0,False,0.9567492325547647,79.93215148163458,6,-0.6361123976285639,0.04802761081450256,True,1,False,0.6,1,1.9351046197987676,2.7016738773265816,0.5438401404445155,3.5,0.21688321172034594,0.6059163036901004,False,4.774823729490539,9.099564055642782,0,5120,3,5,8,1024.0,1.0,True,1
pixtral,hidden,NExTVideo_0051_2400074985,Geometric,6,0.772533285614207,4,0.5329768368089679,2.5169540529720096,0,False,0.578911696126902,7.320695992729279,2,-0.3119397334524688,0.3802438191056744,False,0,False,0.7,1,1.9765965568850712,2.2842947446963695,0.20941022950999286,1.5,-0.4217173561228949,0.2980286979370498,True,2.293892497735099,2.9700256676795926,1,5120,6,7,9,731.4285714285714,1.0,True,1
pixtral,vision,NExTVideo_0051_3702633786,Geometric,5,0.8063938982898802,3,0.6900837864662354,17.43485128755617,0,False,44.78719140336311,439.9501000871804,5,-0.7914706236904049,0.006377084187056622,True,1,False,0.9,1,1.8919282071843488,2.231628624096137,0.17411618838146872,1.5,-0.5576679417142029,0.15093552952297815,True,14.89459777164841,25.165608075359863,1,1024,5,6,9,170.66666666666666,1.0,True,1
pixtral,projector,NExTVideo_0051_3702633786,Geometric,5,0.8643824761000276,4,0.9291237198084037,7.970575643436623,0,False,32.28663670868899,455.2671358376113,2,-0.251552678847338,0.48324688687389394,False,0,False,0.8,1,1.918766299477653,2.7824569764958493,0.6796774276981945,3.5,-0.3758196998508757,0.35887779967800476,False,9.298309339619713,19.322768601871672,1,5120,1,2,7,2560.0,1.0000000000000002,True,1
pixtral,hidden,NExTVideo_0051_3702633786,Geometric,5,0.6373581369787451,4,0.3379331411728057,2.9972114995157435,0,False,0.7305599203831035,9.079579568949747,3,-0.38039673386670625,0.27819714502827286,False,0,False,0.8,1,1.9948242360748059,2.495276439877062,0.2277872146269605,2.5,0.3515732676024321,0.39310560992530386,False,3.751955747582664,5.535078685556284,0,5120,6,8,9,640.0,1.0,True,1
pixtral,vision,NExTVideo_0051_6783561967,Geometric,3,0.9095247553091992,4,0.4572898484257422,13.673997424311962,0,False,17.285347473040282,1094.8278605622431,8,0.5198995557541147,0.12347629827805466,False,0,False,0.8,1,2.0976846621249274,2.548317540480009,0.3517980323803347,2.5,0.44855899659620657,0.264957651788981,False,14.154027870216012,22.913748275747377,0,1024,5,6,9,170.66666666666666,1.0,True,1
pixtral,projector,NExTVideo_0051_6783561967,Geometric,3,0.9288670831639023,4,0.7246246726198492,6.735617058449563,0,False,5.8676897596014275,73.09987101846433,8,0.18961042621620655,0.5998202354260891,False,0,False,0.8,1,2.0169835897483774,2.613576664872048,0.4360844040156004,4.5,0.44855899659620657,0.264957651788981,False,5.758708419843636,16.66161837218228,0,5120,4,5,8,1024.0,1.0000000000000002,True,1
pixtral,hidden,NExTVideo_0051_6783561967,Geometric,3,0.8448966889114139,3,0.3688822142760887,0.03383578232118459,0,False,8.662105134079325e-05,0.07891914474432478,8,-0.04893172289450491,0.8932177710786016,False,0,False,0.8,1,2.035031087595862,2.259884768324007,0.2019968552157971,4.5,0.7031465352048643,0.05170246022163792,False,0.035034909989835175,0.05087568387837102,0,5120,6,7,9,731.4285714285714,1.0,True,1
pixtral,vision,NExTVideo_0051_8697708107,Geometric,5,0.8985008376279333,3,0.5149649983061164,18.6998169244156,0,False,42.06896916460647,56.93550423801147,7,-0.5077139385694114,0.13410409423580502,False,0,False,0.8,1,1.9334439830693313,2.38769120195998,0.3225375045530414,1.5,0.4000661320993194,0.3260725127433412,True,16.781214478956706,30.40825045379123,1,1024,5,6,8,170.66666666666666,0.9999999999999999,True,1
pixtral,projector,NExTVideo_0051_8697708107,Geometric,5,0.5218820234397614,4,0.5620987613825483,5.905436298043682,0,False,4.718587777990218,31.28510587239483,8,-0.44175104578069113,0.2011896293949472,False,0,False,0.8,1,2.1929744750584073,2.6512013148182403,0.42743288777642724,1.5,-0.0363696483726654,0.9318670204387731,True,9.059652120728781,17.710983859586456,1,5120,4,5,8,1024.0,1.0,True,1
pixtral,hidden,NExTVideo_0051_8697708107,Geometric,5,0.819509524220715,4,0.6265154104147375,0.040922485841592714,0,False,0.00023926551452304283,0.0036318997277645657,7,-0.288365265995729,0.4190895266730382,False,0,False,0.9,1,1.7523399047122201,2.190007622730494,0.26331931939801045,4.5,0.49705186109309374,0.21015282962943616,False,0.03047156339023953,0.03923212470190788,0,5120,5,6,8,853.3333333333334,1.0000000000000002,True,1
pixtral,vision,NExTVideo_0051_11585666326,Geometric,5,0.5861891556601744,4,0.5250337473724397,8.547115431691578,0,False,11.65330907231803,1419.2248738042902,4,-0.3988030274409017,0.25362657589473037,True,0,False,0.5,0,1.8811925119599722,2.0989478879037042,0.28239020238612844,2.5,-0.363696483726654,0.37581778408044225,False,11.193679262450548,14.897073970768758,1,1024,5,7,9,146.28571428571428,1.0,True,1
pixtral,projector,NExTVideo_0051_11585666326,Geometric,5,0.9604795114875876,4,0.9398518760442595,6.054054213123132,0,False,19.538562742513314,482.4237568476792,2,-0.3313132843355183,0.3497040574525709,False,0,False,0.7,1,1.9117146811968586,2.683104723308113,0.6364998670358388,1.5,-0.1576018096148834,0.7093533525147797,True,5.956544935976078,9.579898627262502,1,5120,1,2,6,2560.0,1.0,True,1
pixtral,hidden,NExTVideo_0051_11585666326,Geometric,5,0.05178543498019179,4,0.3122609983633728,0.018436445351361398,0,False,2.1355309919919038e-05,0.007396415444911547,5,-0.49696992650327754,0.14392654659800444,True,0,False,0.7,1,2.0116600698158487,2.3093541274365714,0.1786377929399718,1.5,0.0727392967453308,0.8640941349883787,True,0.03447990173636811,0.04193193841241437,1,5120,7,8,9,640.0,1.0,True,1
pixtral,vision,NExTVideo_0052_5455648195,Semantic,4,0.5107179898237315,4,0.34740659192245826,12.26087423311227,0,False,10.641826199505484,133.9136913752725,1,-0.1963337981247516,0.586695595731755,False,0,False,0.4,0,1.7625381306452745,1.992730201353395,0.16035013895160305,3.5,0.6343350474165467,0.09116266392027382,False,10.277067145469353,17.191645192439932,0,1024,6,7,9,146.28571428571428,1.0,True,1
pixtral,projector,NExTVideo_0052_5455648195,Semantic,4,0.13672878401858143,3,0.5592532295968675,3.885353161798432,0,False,1.1115152498598913,21.404138946622357,2,-0.12884405501936821,0.7227860826113411,False,0,False,0.5,0,1.7698465964213503,2.272781715793491,0.3955522228260984,0.5,-0.19518001458970666,0.6432255386372303,True,4.560692203523629,6.630430387134219,1,5120,5,6,8,853.3333333333334,1.0,True,1
pixtral,hidden,NExTVideo_0052_5455648195,Semantic,4,0.7520274638448325,4,0.3723256560628581,2.783338945460472,0,False,0.4173808119817603,0.9568317820906966,1,0.44175104578069113,0.2011896293949472,False,0,False,0.6,1,1.9442236301805245,2.4803361272184494,0.2662398289624424,2.5,0.29277002188455997,0.48161781431215467,False,2.257438995274811,2.9711881833668037,0,5120,6,7,9,731.4285714285714,1.0,True,1
pixtral,vision,NExTVideo_0052_10041199716,Semantic,6,0.502955300436027,4,0.5949315603770435,7.81724945656751,0,False,7.022794972868846,730.8346214618039,4,-0.06728111897994425,0.8534869800138071,False,0,False,0.7,1,1.8828969144040562,2.2484726637864045,0.3419773313023776,3.5,0.5663061639364588,0.1433540530104835,False,9.628100939804142,11.652974496512417,0,1024,6,7,9,146.28571428571428,1.0000000000000002,True,1
pixtral,projector,NExTVideo_0052_10041199716,Semantic,6,0.8410137047471361,2,0.7598684851929867,4.737810081396637,0,False,4.049714329834959,956.4033045998096,4,-0.08563051506538359,0.8140507320149991,False,0,False,0.5,0,2.104653774323562,2.721228696971632,0.5753233055866347,3.5,0.626551500525444,0.09646118602901278,False,5.757523524395918,8.599482970370419,0,5120,4,6,9,853.3333333333334,0.9999999999999998,True,1
pixtral,hidden,NExTVideo_0052_10041199716,Semantic,6,0.7914777838451594,3,0.4252022327542004,7.62621246778347,0,False,4.487533041391611,15.151251068154721,4,0.2630080105579639,0.4628428579637711,False,0,False,0.6,1,2.090373544510244,2.5076652593557087,0.2694522316705466,3.5,0.4217173561228949,0.2980286979370498,False,7.60638436482969,9.927866228951261,0,5120,6,7,9,731.4285714285714,1.0000000000000002,True,1
pixtral,vision,NExTVideo_0053_3701610241,Semantic,5,0.9465231764610061,2,0.6118098401787391,21.603037723465842,0,False,43.96017703155151,1991.2721419731376,5,-0.28222983480433045,0.4294929705980839,True,0,False,0.8,1,1.6568582893590709,2.1475114123806827,0.3199489271547721,0.5,-0.3152036192297668,0.44697209677347505,True,11.693291738955235,13.317262509813615,1,1024,4,6,9,170.66666666666666,0.9999999999999999,True,1
pixtral,projector,NExTVideo_0053_3701610241,Semantic,5,0.5725065010942956,3,0.6633443810550753,9.44272086737312,0,False,9.889598411271297,48.298632063620786,5,-0.11657319263657127,0.748433303989289,True,0,False,0.8,1,1.7442095575233776,2.5925501718019603,0.6365046638000815,0.5,-0.10910894511799618,0.7970385741881917,True,7.489496775814532,10.561010381442832,1,5120,2,3,7,1706.6666666666667,1.0000000000000002,True,1
pixtral,hidden,NExTVideo_0053_3701610241,Semantic,5,0.9658171687369954,2,0.530193745403978,0.06261873672847229,0,False,0.0002842335372303278,0.030151862671085695,8,0.0981668990623758,0.7873173648718517,False,0,False,0.7,1,1.9420237908610296,2.3307471195139713,0.25501967617669796,0.5,-0.7880090480744169,0.020191038671215092,True,0.04138347261739962,0.05741082923355577,1,5120,6,7,9,731.4285714285714,1.0,True,1
pixtral,vision,NExTVideo_0053_5599511471,Semantic,6,0.268175837546482,4,0.35379441895548885,8.434431941378849,0,False,5.2885062318467915,604.3634286722079,2,-0.3364055948997212,0.341889773309019,False,0,False,0.6,1,1.8341832689131263,2.1375768134382844,0.16607831721134753,1.5,-0.132539740495767,0.7543830198574714,True,10.69894912747555,13.436155437691713,1,1024,6,8,9,128.0,1.0,True,1
pixtral,projector,NExTVideo_0053_5599511471,Semantic,6,0.8329392217691051,4,0.7740091246224123,5.68356042018498,0,False,5.972380006472591,173.13547005911067,2,-0.4220361099651049,0.22440418931413877,False,0,False,0.5,0,1.7297692245612741,2.5826805669377753,0.6309335046424474,4.5,-0.313275750262722,0.44990820732344394,False,5.286662339821282,8.587571173690538,1,5120,3,5,8,1024.0,1.0000000000000002,True,1
pixtral,hidden,NExTVideo_0053_5599511471,Semantic,6,0.9020044199289403,4,0.4152158257678978,3.5503471215828815,0,False,1.0447752164380444,2.6476566079946835,7,-0.6789276551612556,0.030866513001298584,True,1,False,0.8,1,2.028787332698781,2.2228902318945796,0.1717440654793487,1.5,0.12049067317796998,0.7762570690924104,True,3.521189677050563,4.574615396628077,1,5120,6,7,9,731.4285714285714,1.0,True,1
pixtral,vision,NExTVideo_0054_2971876369,Compositional,4,0.2779888968814269,3,0.39452149481331567,12.540218140846665,0,False,20.986904584066064,131.67152843763455,6,-0.6442202750968412,0.044381366311308,False,0,False,0.6,1,1.9292279975100306,2.661568730533296,0.4135794405270043,3.5,0.34156502553198664,0.4076337385331202,False,17.044253325918277,28.457478846364396,0,1024,4,6,8,170.66666666666666,1.0,True,1
pixtral,projector,NExTVideo_0054_2971876369,Compositional,4,0.22877043188877969,3,0.7448944885921976,5.18751406869614,0,False,3.864160266644967,28.008114876147157,6,0.0769263543286987,0.8327158723836902,False,0,False,0.6,1,2.112059794732043,2.8710534836627053,0.4298185675544823,1.5,0.3903600291794133,0.3390301832455655,True,11.219870356117948,24.746749829169392,1,5120,3,4,7,1280.0,1.0000000000000002,True,1
pixtral,hidden,NExTVideo_0054_2971876369,Compositional,4,0.75626714784086,4,0.41636933569182394,0.02870786498737377,0,False,9.885089912498993e-05,0.0021365697208024117,5,-0.717845449393623,0.01939928907360013,True,1,False,0.8,1,2.0339204853794475,2.3491723326297307,0.2422407487099956,2.5,0.4879500364742666,0.2199438192418187,False,0.03706970335749772,0.05637825593589,0,5120,6,7,9,731.4285714285714,1.0000000000000002,True,1
pixtral,vision,NExTVideo_0054_11276956514,Compositional,6,0.18306569253959792,4,0.29483642728161485,10.221299822071954,0,False,8.194706519513993,898.6958912509014,8,0.012232930723626228,0.973244468102433,False,0,False,0.4,0,2.089786338948939,2.5373617140094025,0.23954360086469428,1.5,-0.024098134635593994,0.9548334873494593,True,13.36305144657593,19.479648263667993,1,1024,6,8,9,128.0,1.0,True,1
pixtral,projector,NExTVideo_0054_11276956514,Compositional,6,0.6012217685008929,4,0.4963775124442534,3.7210785027103923,0,False,1.4411748371322566,573.485209460867,6,-0.4220361099651049,0.22440418931413877,True,0,False,0.6,1,1.9268254880559819,2.2736004821317497,0.31834663634798926,1.5,-0.4699136253940829,0.24002662706354738,True,4.477397611201896,7.331555001107077,1,5120,5,7,9,731.4285714285714,1.0000000000000002,True,1
pixtral,hidden,NExTVideo_0054_11276956514,Compositional,6,0.9105858060658145,4,0.439598769592472,3.405095878533859,0,False,0.8953332551675631,1.4904159880679884,3,-0.16871483150323777,0.6412633894663221,False,0,False,0.7,1,2.060320105407999,2.4287556812600224,0.2319380402883051,3.5,-0.22893227903814295,0.5855140871254392,False,2.9489934855951954,4.86572258979254,0,5120,5,7,9,731.4285714285714,1.0,True,1
pixtral,vision,NExTVideo_0055_3446247254,Semantic,5,0.8930942069796644,4,0.6157133576437438,13.502819636942924,0,False,26.79581148505152,1120.3804161410185,2,-0.22701095408174404,0.5282230346638654,False,0,False,0.4,0,1.9606135040112658,2.371772967843781,0.2694881849901079,0.5,-0.23034110636021415,0.5831437849827301,True,12.791675388624228,17.942736970232524,1,1024,4,6,9,170.66666666666666,1.0,True,1
pixtral,projector,NExTVideo_0055_3446247254,Semantic,5,0.9447373971258253,4,0.8603443833825528,5.953263807167216,0,False,10.185088030324794,983.9196263565525,2,-0.19019836693335312,0.5986683040717657,False,0,False,0.7,1,2.0786634330682636,2.4843077551417427,0.4608777321238399,0.5,-0.484928644968872,0.2232451255701965,True,6.0572620481646,9.510119286649799,1,5120,2,3,7,1706.6666666666667,1.0000000000000002,True,1
pixtral,hidden,NExTVideo_0055_3446247254,Semantic,5,0.869900423789329,3,0.5452942884122122,0.3553144785525565,0,False,0.013540690606107358,0.04010018672061451,4,-0.3067715595699244,0.38860407560377896,True,0,False,0.6,1,1.875229788142758,2.010299408817353,0.13948422909247937,2.5,0.1576018096148834,0.7093533525147797,False,0.301431405201002,0.4114023196726599,0,5120,6,7,9,731.4285714285714,1.0,True,1
pixtral,vision,NExTVideo_0055_8727084602,Geometric,4,0.22967546587200344,3,0.41430121505352385,10.251216538731143,0,False,7.926103529664532,601.656743171545,5,-0.3006361283785259,0.398643511478881,True,0,False,0.5,0,1.9082073877555668,2.260350142914582,0.2029767439195711,1.5,-0.19518001458970666,0.6432255386372303,True,16.00685356642987,19.084695525721774,1,1024,6,7,9,146.28571428571428,0.9999999999999999,True,1
pixtral,projector,NExTVideo_0055_8727084602,Geometric,4,0.91751535331919,3,0.6533096705434688,7.224236985246336,0,False,10.075736997178023,597.9172581365926,3,-0.44175104578069113,0.2011896293949472,True,0,False,0.8,1,1.9418930519667412,2.5771974340616337,0.3185415496717115,1.5,-0.09759000729485333,0.818177202735276,True,7.86509476336064,13.591919343579585,1,5120,5,6,8,853.3333333333334,0.9999999999999997,True,1
pixtral,hidden,NExTVideo_0055_8727084602,Geometric,4,0.8469123704359265,2,0.5981135181052272,84.10570752366858,0,False,1104.4573200746258,44257.44770048566,8,0.5215116512688716,0.12211083031892074,False,0,False,0.8,1,1.959738320136379,2.588902732991823,0.39373056017544383,1.5,-0.5367450401216933,0.17018920126883436,True,78.96671944768657,110.53891663089367,1,5120,5,6,8,853.3333333333334,1.0000000000000002,True,1
pixtral,vision,NExTVideo_0056_3336398510,Semantic,3,0.8053485059553587,2,0.34693235476610124,14.218802981367583,0,False,14.465510646909667,189.26745390833375,7,-0.1748499162851737,0.6289963652840815,False,0,False,0.8,1,1.9484858404685603,2.1500921572741754,0.17279361707006827,0.5,-0.4000661320993194,0.3260725127433412,True,13.012496208115333,15.248388310282714,1,1024,6,7,9,146.28571428571428,1.0000000000000002,True,1
pixtral,projector,NExTVideo_0056_3336398510,Semantic,3,0.9862982421425558,2,0.7679612265892137,10.932687093271735,0,False,10.484234642451355,1042.7230945472234,4,-0.3975702485178524,0.2552331994668004,True,0,False,0.5,0,1.8902702226268318,2.5983338983856954,0.4603154535021694,4.5,0.2545875386086578,0.54287360327434,False,5.425457724169604,8.606968924754856,0,5120,3,5,8,1024.0,1.0000000000000002,True,1
pixtral,hidden,NExTVideo_0056_3336398510,Semantic,3,0.3074762160527046,4,0.3111460132620247,0.22202523089473572,0,False,0.0032044458578634966,0.1882859741832598,8,0.1773774954925803,0.6239659715480919,False,0,False,0.6,1,1.9822005558341211,2.292531844037154,0.19200414353864423,1.5,-0.4000661320993194,0.3260725127433412,True,0.3450326172704765,0.42374723141452353,1,5120,6,8,9,640.0,1.0,True,1
pixtral,vision,NExTVideo_0057_3381752581,Semantic,5,0.8502513252648591,4,0.4850500075911104,12.221124205172677,0,False,15.084425035014377,1762.8973590633027,3,-0.25768811003873643,0.4722704966281396,False,0,False,0.6,1,1.8785102717461641,2.2899701647096795,0.28115674390166334,2.5,0.3394500514782104,0.41073304297161684,False,11.784404713939024,17.238866709340833,0,1024,5,7,9,146.28571428571428,1.0,True,1
pixtral,projector,NExTVideo_0057_3381752581,Semantic,5,0.8855134224974517,4,0.8155848328306811,5.626916067785228,0,False,8.925292143957675,439.9252285607754,3,0.26995897242153344,0.4506524757014977,False,0,False,0.5,0,1.7954551306741542,2.6824438292795962,0.7164463965931885,2.5,-0.09698572899377439,0.8192888780417207,False,6.312857715628803,11.667720148362063,0,5120,3,4,7,1280.0,1.0,True,1
pixtral,hidden,NExTVideo_0057_3381752581,Semantic,5,0.32936398141764645,3,0.37412526031680726,8.544431825483159,0,False,5.58816906963969,87.07454443693777,2,-0.21231673794720837,0.5559332873754241,False,0,False,0.7,1,1.9579592818164921,2.217801529428859,0.22698883344499401,1.5,-0.3515732676024321,0.39310560992530386,True,11.167326441391277,15.858550389039545,1,5120,6,8,9,640.0,1.0000000000000002,True,1
pixtral,vision,NExTVideo_0057_7001078933,Semantic,6,0.4590226801155494,4,0.4684127177361215,12.796318647894367,0,False,15.045120266206004,874.0389482588956,1,0.37310438707059995,0.2882749181002641,False,0,False,0.7,1,1.7816910080874178,2.321105701936424,0.35851001495299845,3.5,0.6867968371144288,0.05989745556707231,False,14.430125535231479,21.11258343915273,0,1024,5,7,9,146.28571428571428,0.9999999999999999,True,1
pixtral,projector,NExTVideo_0057_7001078933,Semantic,6,0.7304378790820983,4,0.9232591534266749,5.113659163008648,0,False,20.40863566468998,254.86637684216635,1,0.3119397334524688,0.3802438191056744,False,0,False,0.8,1,1.7355834329694422,2.9548110515154904,0.8325049486392737,5.5,0.614502433207647,0.10500463789515228,False,8.234110549064361,25.20792620453123,0,5120,1,2,6,2560.0,1.0,True,1
pixtral,hidden,NExTVideo_0057_7001078933,Semantic,6,0.8156058115883207,4,0.31170936599006105,1.4075157078078417,0,False,0.16142334791178795,0.4906557923272268,2,0.5552251727652007,0.09569102132877232,False,0,False,0.5,0,1.9414148629927463,2.3589935924203016,0.2643582213112306,0.5,-0.4096682888050979,0.3134872142827114,True,1.58662138136319,2.3560614522690235,1,5120,6,7,9,731.4285714285714,1.0000000000000002,True,1
pixtral,vision,NExTVideo_0059_2400084970,Geometric,6,0.8723454479536557,3,0.7351498213515689,13.877387710228215,0,False,43.35741014520602,813.6055390194831,7,-0.3547549909851606,0.3144835743992483,True,0,False,0.6,1,2.1535883232859123,2.4687322770407243,0.20887916652422983,3.5,0.20483414440254896,0.6265435481779082,False,15.86897201163533,20.946167160788217,0,1024,4,6,9,170.66666666666666,1.0000000000000002,True,1
pixtral,projector,NExTVideo_0059_2400084970,Geometric,6,0.9737498296101118,4,0.9677196887879012,9.80251155035871,0,False,52.706895489429336,512.6637244018301,5,-0.5198995557541147,0.12347629827805466,True,1,False,0.6,1,2.4885119981721076,2.9149436800711364,0.6943947255168347,0.5,-0.36147201953390995,0.3789640738097752,True,15.183966709045459,25.37784933672558,1,5120,1,1,4,5120.0,0.9999999999999998,True,1
pixtral,hidden,NExTVideo_0059_2400084970,Geometric,6,0.9172275504173784,4,0.4814338880750229,7.661183325799747,0,False,5.603066580364839,18.392759114280416,6,-0.4587349021359835,0.18236095630411098,True,0,False,0.6,1,2.0121009931479614,2.6187283574394256,0.3002479009721519,0.5,-0.554257096618662,0.1539883457589951,True,7.5062148301784415,9.102533353312177,1,5120,5,7,9,731.4285714285714,1.0,True,1
pixtral,vision,NExTVideo_0060_5856167780,Semantic,5,0.6935782782959121,2,0.28828398697186575,7.737782716414727,0,False,4.492217706159741,69.92572742804798,8,-0.37426130267530777,0.2866631890735267,False,0,False,0.9,1,1.8512924477234995,2.2454174349037612,0.22415404849986176,2.5,0.5940375900868682,0.12047034306891172,False,9.046505133615263,11.596721071856152,0,1024,6,8,9,128.0,1.0,True,1
pixtral,projector,NExTVideo_0060_5856167780,Semantic,5,0.18584629936707078,3,0.6719029715770812,2.135901863121934,0,False,0.4663102317200482,29.27037581255508,8,-0.38039673386670625,0.27819714502827286,False,0,False,0.5,0,2.0278331149123128,2.791212138520671,0.35133672193545096,2.5,-0.3515732676024321,0.39310560992530386,False,4.852917021371989,9.881256833445367,1,5120,5,7,9,731.4285714285714,0.9999999999999999,True,1
pixtral,hidden,NExTVideo_0060_5856167780,Semantic,5,0.7690249943544163,3,0.4774236856533655,2.044687831672692,0,False,0.47056297849185436,4.56869649315538,0,0.9632626970495626,7.62309597899516e-06,False,0,False,0.4,0,1.9046284229683426,2.1554321443578135,0.23242238342248717,1.5,-0.4000661320993194,0.3260725127433412,True,1.8844946140719148,2.6383329937786963,1,5120,5,7,9,731.4285714285714,1.0,True,1
pixtral,vision,NExTVideo_0061_3530395394,Semantic,4,0.9627422033369654,3,0.7839799178944545,24.566259259506204,0,False,113.52919447374904,3427.685043402649,2,-0.47856363292908205,0.1617476342499189,False,0,False,0.7,1,1.7784608621304006,2.1367641497616168,0.31980299324462785,1.5,0.6343350474165467,0.09116266392027382,True,15.84272757027189,21.232557025207115,1,1024,3,5,8,204.8,1.0,True,1
pixtral,projector,NExTVideo_0061_3530395394,Semantic,4,0.9752723835048609,3,0.8594146232818868,11.825310641169146,0,False,26.356639024019024,537.13253007897,2,-0.41107388982369863,0.23794186616753052,False,0,False,0.5,0,1.6964033890406052,2.6372162883455665,0.69520889448619,3.5,0.7319250547113999,0.03899827398782236,False,7.583845226134555,13.251052234910455,0,5120,2,3,6,1706.6666666666667,1.0,True,1
pixtral,hidden,NExTVideo_0061_3530395394,Semantic,4,0.754305781584043,4,0.4478562406387729,0.04093305865142478,0,False,0.00020327203421590718,0.015869097633743785,1,-0.5153762200774729,0.12735809092369935,False,0,False,0.6,1,2.0327724715784776,2.544214754438591,0.2849782868623417,3.5,0.09759000729485333,0.818177202735276,False,0.052214020785653556,0.08488782424095558,0,5120,6,7,9,731.4285714285714,1.0,True,1
pixtral,vision,NExTVideo_0000_5650793185,Semantic,4,0.5074496521228041,4,0.33939291604030103,10.950988285074692,0,False,7.87729652400151,109.18245561867775,1,-0.576730531991458,0.08091856646299929,False,0,False,0.8,1,1.9372287741714556,2.292478764945892,0.24764051824257996,1.5,0.09759000729485333,0.818177202735276,True,13.770763824097838,18.446863781491942,1,1024,6,8,9,128.0,1.0,True,1
pixtral,projector,NExTVideo_0000_5650793185,Semantic,4,0.6370108614989174,4,0.586540110918831,3.8006996909278348,0,False,2.0646881778425046,130.98259166869354,6,-0.42334475220649564,0.2228181042830319,False,0,False,0.6,1,2.3299110904258926,2.628193316573392,0.2052955054999604,1.5,-0.2439750182371333,0.560375584963329,True,7.42775453362689,12.085423405347145,1,5120,5,6,9,853.3333333333334,1.0000000000000004,True,1
pixtral,hidden,NExTVideo_0000_5650793185,Semantic,4,0.4718690626781757,3,0.32633430633298094,2.9585977091216473,0,False,0.5761763501668319,5.573662971600597,2,-0.4461728551064524,0.1961831917982929,False,0,False,0.6,1,2.1179150492089343,2.4437559386059564,0.1493905724681236,2.5,0.6343350474165467,0.09116266392027382,False,4.480301019026346,6.238045422766422,0,5120,7,8,9,640.0,0.9999999999999998,True,1
pixtral,vision,NExTVideo_0002_10192494165,Geometric,4,0.1316789892335119,4,0.3545595199389051,11.03550561580945,0,False,11.62787516616699,34.06926732724141,2,-0.3374487155269168,0.34030016731737633,False,0,False,0.6,1,1.9181710025921732,2.183487288112441,0.2677076667942037,2.5,0.048795003647426664,0.9086544876553411,False,12.246284977613728,14.401482596939363,0,1024,6,8,9,128.0,0.9999999999999999,True,1
pixtral,projector,NExTVideo_0002_10192494165,Geometric,4,0.4616774127387586,4,0.7892593074031329,5.222529824101653,0,False,4.462654974924491,57.78647129710096,2,-0.08308046267499458,0.8195107265691646,False,0,False,0.5,0,1.6881155089568969,2.578187737663475,0.6946870744282791,2.5,0.14638501094227999,0.7294239249593866,False,5.734750491539155,9.15245629731187,0,5120,2,4,8,1280.0,1.0,True,1
pixtral,hidden,NExTVideo_0002_10192494165,Geometric,4,0.6897027866879027,4,0.5131344866303179,6.365074834997976,0,False,5.052448298175934,29.797363694872388,8,-0.22087552289034557,0.5397245232079747,False,0,False,0.9,1,1.8880841594587152,2.2677231517045384,0.22478174956599037,3.5,0.29277002188455997,0.48161781431215467,False,7.473560237176421,10.556279879922227,0,5120,6,8,9,640.0,1.0,True,1
pixtral,vision,NExTVideo_0003_5251212639,Geometric,4,0.16036008508834615,4,0.323584013144257,5.949830602876924,0,False,2.5120227404584816,91.55707968686023,1,-0.1963337981247516,0.586695595731755,False,0,False,0.6,1,2.1051049021459733,2.3048936709561962,0.17497897495779186,3.5,0.3903600291794133,0.3390301832455655,False,10.423497311469525,12.85580321366597,0,1024,7,8,9,128.0,1.0,True,1
pixtral,projector,NExTVideo_0003_5251212639,Geometric,4,0.770549106945164,4,0.6534900460474543,3.694491933722033,0,False,2.2045694286136692,321.39368813141675,4,-0.5276470824602699,0.11700013173767009,True,1,False,0.5,0,1.9263588862251848,2.4899566191087548,0.37682290401163615,3.5,0.29277002188455997,0.48161781431215467,False,4.263159397595534,6.356344174922199,0,5120,5,6,9,853.3333333333334,0.9999999999999998,True,1
pixtral,hidden,NExTVideo_0003_5251212639,Geometric,4,0.5115073321259409,3,0.3399080547268437,2.1983978704101195,0,False,0.30106595229382366,11.730201873366196,8,0.7239808805850216,0.01791227048755384,False,0,False,0.6,1,2.024400383651521,2.239661741214831,0.18227937751513673,1.5,-0.2439750182371333,0.560375584963329,True,2.230933539087001,3.24645708892581,1,5120,7,8,9,640.0,1.0000000000000002,True,1
pixtral,vision,NExTVideo_0004_9525696229,Geometric,4,0.9632611704136586,4,0.7539159794889794,19.90465138343426,0,False,67.1087499622303,714.0518656351321,6,-0.31904242195272137,0.3688997595619156,False,0,False,0.5,0,1.983934980495829,2.660760559158551,0.37063135536009095,0.5,-0.7807200583588266,0.022214514665634247,True,15.705058208819322,21.304946466024752,1,1024,3,5,8,204.8,1.0,True,1
pixtral,projector,NExTVideo_0004_9525696229,Geometric,4,0.9960556999643332,3,0.976572604893042,18.68988929194112,0,False,59.69316646171135,1092.762378791884,1,0.021539379212035633,0.9529044617609775,False,0,False,0.8,1,1.6388509544414949,2.5222829803710765,0.6029401332205484,0.5,-0.4879500364742666,0.2199438192418187,True,6.367520493019348,14.958697281225842,1,5120,1,1,4,5120.0,1.0,True,1
pixtral,hidden,NExTVideo_0004_9525696229,Geometric,4,0.8650270488162122,3,0.3277532041007098,1.271772682213524,0,False,0.12319262109983113,1.0272844884384482,1,-0.11385100440647407,0.7541540858158435,False,0,False,0.5,0,2.120901629371807,2.412998715940958,0.18402908764498385,3.5,0.43915503282683993,0.2763268401337456,False,1.5678454422447516,2.5489260480290237,0,5120,6,8,9,640.0,0.9999999999999998,True,1
pixtral,vision,NExTVideo_0004_11566980553,Geometric,4,0.6633618664942869,4,0.5412996685256877,17.206297821126785,0,False,42.60318756210881,826.2037684087329,6,-0.12270862382796978,0.7355802870269528,False,0,False,0.6,1,2.0905467813488623,2.5691690340866127,0.37647296646063155,1.5,0.14638501094227999,0.7294239249593866,True,30.514830775710205,50.749991129956975,1,1024,6,7,9,146.28571428571428,1.0000000000000002,True,1
pixtral,projector,NExTVideo_0004_11566980553,Geometric,4,0.7809669042684738,4,0.9080870559125401,7.802111465915466,0,False,44.196803401888005,604.5411611543007,6,0.05846402928981101,0.8725461738756757,False,0,False,0.6,1,2.008186413651912,2.9502420059744043,1.0115196362059673,1.5,0.0,1.0,True,22.120896588201692,41.438062380446446,1,5120,1,3,7,1706.6666666666667,1.0,True,1
pixtral,hidden,NExTVideo_0004_11566980553,Geometric,4,0.5600584121119587,3,0.5407204082933342,7.180154684518017,0,False,4.58222761043486,14.161353467722867,6,0.1533857797849622,0.67225190847117,False,0,False,0.8,1,1.9580750745744055,2.2378522115185673,0.21024873970116675,3.5,0.7319250547113999,0.03899827398782236,False,7.405168465693569,10.074681300732923,0,5120,6,7,9,731.4285714285714,1.0000000000000002,True,1
pixtral,vision,NExTVideo_0005_3250020598,Semantic,4,0.46311093845066514,4,0.3616838525605056,13.561805201373804,0,False,20.50127345489141,220.39679997311296,4,0.3129069907613229,0.37868901667234744,True,0,False,0.7,1,2.118280069297362,2.59755455536807,0.3701379657523142,3.5,0.43915503282683993,0.2763268401337456,False,21.29004957962548,36.60571509106159,0,1024,6,7,9,146.28571428571428,0.9999999999999998,True,1
pixtral,projector,NExTVideo_0005_3250020598,Semantic,4,0.9591811321700632,4,0.8408420754157291,11.430147730673445,0,False,25.26631156179607,452.60856476361795,4,-0.26382354123013496,0.4614050713614083,True,0,False,0.6,1,2.22589605180373,2.8188238487142554,0.717134311382632,3.5,0.7807200583588266,0.022214514665634247,False,13.818790342880781,26.95803893792049,0,5120,3,4,8,1280.0,1.0000000000000002,True,1
pixtral,hidden,NExTVideo_0005_3250020598,Semantic,4,0.3915777623517066,4,0.3772302655923939,0.02259052234778924,0,False,4.233394972031089e-05,0.016709491795022503,8,0.26995897242153344,0.4506524757014977,False,0,False,0.8,1,2.008991374435821,2.52344112424648,0.24762307505684622,3.5,-0.09759000729485333,0.818177202735276,False,0.03969784124994434,0.07453622360344438,0,5120,7,8,9,640.0,1.0,True,1
pixtral,vision,NExTVideo_0006_2478396375,Geometric,4,0.7121163751657689,3,0.4646620442821585,18.34030223893733,0,False,40.579382349372,1098.227420025007,3,-0.37426130267530777,0.2866631890735267,True,0,False,0.5,0,1.959034048119821,2.279284906687116,0.15524097834208192,3.5,0.19518001458970666,0.6432255386372303,False,23.27337482551978,26.2503235189999,0,1024,6,7,9,146.28571428571428,1.0000000000000002,True,1
pixtral,projector,NExTVideo_0006_2478396375,Geometric,4,0.3145528872739355,4,0.6692062711244664,4.564347198511086,0,False,3.3370468073376287,173.524987622328,3,0.26382354123013496,0.4614050713614083,True,0,False,0.5,0,1.9587419377354771,2.677507720461059,0.6437494345529735,3.5,-0.19518001458970666,0.6432255386372303,False,11.033328663984406,17.08818439032372,0,5120,4,6,8,853.3333333333334,1.0,True,1
pixtral,hidden,NExTVideo_0006_2478396375,Geometric,4,0.5334240068783682,3,0.664599634765811,20.45363453765115,0,False,52.957980858822076,193.49411435584207,3,-0.38039673386670625,0.27819714502827286,True,0,False,0.8,1,1.7626359047997782,2.443660936127087,0.4034598569124877,1.5,0.34156502553198664,0.4076337385331202,True,18.732410720634384,22.207436433325082,1,5120,4,6,8,853.3333333333334,1.0000000000000002,True,1
pixtral,vision,NExTVideo_0008_2744507539,Semantic,4,0.8098402822202804,4,0.32393019184046073,15.921756079730812,0,False,16.68066028301822,924.3783988481877,8,0.5384844803008908,0.10830386153753631,False,0,False,0.6,1,1.8058419831031438,2.2150569780432647,0.24569681985686134,3.5,0.5855400437691199,0.12724658986372073,False,13.956083011118322,24.071439153321663,0,1024,6,7,9,146.28571428571428,1.0,True,1
pixtral,projector,NExTVideo_0008_2744507539,Semantic,4,0.44301896400300533,4,0.6661584164219001,4.71180060534503,0,False,2.408454357553552,117.66511968786388,2,0.41720932101509717,0.23030967966390767,False,0,False,0.7,1,1.974217785884337,2.75698539609547,0.6801599066787636,2.5,0.2439750182371333,0.560375584963329,False,7.509250583894888,13.261477521180709,0,5120,4,6,8,853.3333333333334,0.9999999999999999,True,1
pixtral,hidden,NExTVideo_0008_2744507539,Semantic,4,0.8275019970628474,1,0.4011185348218691,4.498055152847149,0,False,1.457662996063766,3.1336916290275925,8,0.32924479652683036,0.3529037678987084,False,0,True,1.0,1,1.736059405627262,1.9398883190639984,0.1137001127678216,1.5,0.14638501094227999,0.7294239249593866,True,3.3391700154007635,4.261846268954221,1,5120,6,7,9,731.4285714285714,1.0,True,1
pixtral,vision,NExTVideo_0008_6320611157,Semantic,4,0.8693906665197684,4,0.5447331386077473,17.7647054466397,0,False,35.807396409919235,2857.282457783228,5,-0.6933037246280291,0.026203489677142103,True,1,False,0.5,0,2.25666601469002,2.648895175011551,0.19004232104369168,0.5,-0.5367450401216933,0.17018920126883436,True,22.698846212394322,37.57920831876742,1,1024,5,7,9,146.28571428571428,0.9999999999999999,True,1
pixtral,projector,NExTVideo_0008_6320611157,Semantic,4,0.951902800577501,4,0.8347502148769813,10.035089010811483,0,False,17.226646490692918,747.3064865585084,7,-0.6442202750968412,0.044381366311308,False,0,False,0.6,1,2.5998384776157932,2.8676533803710553,0.1976994030200944,0.5,-0.3903600291794133,0.3390301832455655,True,12.7874693774685,20.6958966707205,1,5120,3,5,8,1024.0,0.9999999999999999,True,1
pixtral,hidden,NExTVideo_0008_6320611157,Semantic,4,0.866975449089825,3,0.47068675357356404,7.126962386580201,0,False,4.051329956985061,19.54518728389056,4,-0.6258139815226458,0.0529399859378366,True,1,False,0.5,0,2.283292267758586,2.576936438856859,0.22624199836345124,0.5,-0.4879500364742666,0.2199438192418187,True,8.517634119989081,10.782822041851425,1,5120,6,8,9,640.0,1.0,True,1
pixtral,vision,NExTVideo_0015_4609514164,Semantic,4,0.9959625323295314,3,0.32243252854139776,16.275575646305168,0,False,13.479529245056849,228.7479078388606,2,-0.0490834495311879,0.8928882547542834,False,0,False,0.4,0,1.836092017901202,2.358090886158303,0.3084858253297992,2.5,-0.19518001458970666,0.6432255386372303,False,11.532645068936922,18.17491929855053,0,1024,6,7,9,146.28571428571428,1.0,True,1
pixtral,projector,NExTVideo_0015_4609514164,Semantic,4,0.929842420476831,2,0.567190499153508,7.579299235417901,0,False,4.098372269242268,484.76679471611106,2,-0.37847766329719756,0.28083045431443016,False,0,False,0.7,1,1.8708294046330707,2.661166748690791,0.48764036085006607,2.5,-0.43915503282683993,0.2763268401337456,False,5.428445834802682,10.553515439526224,1,5120,5,6,8,853.3333333333334,0.9999999999999998,True,1
pixtral,hidden,NExTVideo_0015_4609514164,Semantic,4,0.6093185567200705,4,0.5993517376741592,0.3043064176130657,0,False,0.015836457456281493,0.09080794388625109,3,-0.7169536223434718,0.019622318370497296,True,1,False,0.4,0,1.9716304339444681,2.4225230481696847,0.22520795361829196,2.5,-0.09759000729485333,0.818177202735276,False,0.5174533969047774,0.646509315416875,0,5120,6,7,9,731.4285714285714,1.0,True,1
pixtral,vision,NExTVideo_0020_2454242177,Semantic,4,0.6960021095444655,3,0.47223828333435736,15.647798961190036,0,False,24.164640122716854,117.77140137267047,8,-0.07362517429678185,0.8398151212437741,False,0,False,0.8,1,2.0298016451734506,2.2673051299773244,0.1605373418750607,3.5,0.19518001458970666,0.6432255386372303,False,17.809260996933755,20.58366784413865,0,1024,6,7,9,146.28571428571428,1.0000000000000002,True,1
pixtral,projector,NExTVideo_0020_2454242177,Semantic,4,0.783969864941864,4,0.45175333059493383,6.312057677688835,0,False,5.138629918022273,322.95807786887997,4,-0.25768811003873643,0.4722704966281396,True,0,False,0.7,1,2.0604482360578684,2.619128897149457,0.33535606136387514,0.5,0.29277002188455997,0.48161781431215467,True,8.81340174863357,13.150383261326951,1,5120,5,6,8,853.3333333333334,1.0000000000000004,True,1
pixtral,hidden,NExTVideo_0020_2454242177,Semantic,4,0.7327120741749944,3,0.44394221806437273,4.053890390681593,0,False,1.5893389535522455,17.24235051184297,8,-0.5200221552620031,0.12337212317007402,False,0,False,0.7,1,2.164900357578299,2.59360317875564,0.3388946326394171,3.5,-0.14638501094227999,0.7294239249593866,False,5.146116002106956,8.70959598225074,0,5120,5,7,9,731.4285714285714,1.0,True,1
pixtral,vision,NExTVideo_0020_9209893989,Geometric,4,0.7836765102663377,2,0.36138425934087026,15.74401552794902,0,False,18.51337146444444,1691.9999916489771,6,-0.46015733935488656,0.18083317091172585,False,0,False,0.7,1,1.9977018825670214,2.5387208213415304,0.2800325760932195,1.5,0.09759000729485333,0.818177202735276,True,16.517894286908977,23.388307560797493,1,1024,6,7,9,146.28571428571428,1.0000000000000002,True,1
pixtral,projector,NExTVideo_0020_9209893989,Geometric,4,0.033462014317484176,4,0.7262213845769878,3.7488652122208457,0,False,1.0000831003688027,131.18101402534026,6,-0.13846743779165765,0.7028434996391896,False,0,False,0.7,1,2.2019729872406058,2.730843202898141,0.5506341326199963,1.5,-0.09759000729485333,0.818177202735276,True,9.56474245107049,18.05191976169285,1,5120,4,6,8,853.3333333333334,1.0000000000000002,True,1
pixtral,hidden,NExTVideo_0020_9209893989,Geometric,4,0.5799938422870761,4,0.28226863439838457,0.03217920239421049,0,False,7.438260912415653e-05,0.061322714240536355,2,-0.17792750455055614,0.6228731846521808,False,0,False,0.7,1,1.9653382669781339,2.2286136910128453,0.20014390475524474,2.5,-0.5855400437691199,0.12724658986372073,False,0.03961810026493007,0.05095165498844933,1,5120,6,8,9,640.0,1.0,True,1
pixtral,vision,NExTVideo_0028_3085751774,Semantic,4,0.4445147735787589,2,0.33850771850763955,6.835933211605515,0,False,4.159380333435903,544.3641949366282,1,-0.3067715595699244,0.38860407560377896,False,0,False,0.3,0,1.959200975724417,2.207567033270972,0.15078924381534067,2.5,0.19518001458970666,0.6432255386372303,False,12.840913460773095,17.54944250340068,0,1024,7,8,9,128.0,0.9999999999999998,True,1
pixtral,projector,NExTVideo_0028_3085751774,Semantic,4,0.6422126532760082,4,0.8130662338821699,3.1032466651596917,0,False,5.383717646606695,212.5088516970408,2,0.4049384586323002,0.24571430610689962,False,0,False,0.4,0,2.026683715135281,2.6658368716045646,0.6963712704586529,0.5,-0.6343350474165467,0.09116266392027382,True,8.234067897752041,11.766394001474797,1,5120,3,5,8,1024.0,1.0,True,1
pixtral,hidden,NExTVideo_0028_3085751774,Semantic,4,0.39587967041823513,4,0.40691554742774905,2.8928483098356437,0,False,0.5688115878447146,9.115489295928722,7,0.0,1.0,False,0,False,0.6,1,2.006802655822555,2.438810612459769,0.23842305370331818,2.5,0.29277002188455997,0.48161781431215467,False,3.8901189518278874,6.777159912805112,0,5120,6,8,9,640.0,1.0,True,1
pixtral,vision,NExTVideo_0031_4006742735,Geometric,4,0.7326209620434878,3,0.3091025667580873,13.733746593994955,0,False,10.416792939604216,28.99650866824872,7,0.4830975051842278,0.15724090588769601,False,0,False,0.8,1,2.003273169717496,2.519540420107329,0.30005781101976764,2.5,0.43915503282683993,0.2763268401337456,False,12.634528476964151,21.588215405286046,0,1024,6,7,9,146.28571428571428,1.0000000000000002,True,1
pixtral,projector,NExTVideo_0031_4006742735,Geometric,4,0.8640870922189812,4,0.7752803405543325,7.700730491697093,0,False,7.713153675906343,446.52783432551115,7,0.4724282017376836,0.1679685554116793,False,0,False,0.8,1,1.8465355736505145,2.657195417136811,0.6279595806570247,2.5,0.2439750182371333,0.560375584963329,False,5.434075784484742,9.083743430884269,0,5120,3,5,8,1024.0,1.0000000000000002,True,1
pixtral,hidden,NExTVideo_0031_4006742735,Geometric,4,0.9412356420293096,1,0.44567558883813285,0.3768465006661738,0,False,0.009786163464044522,0.14117149387397843,7,0.0707722459824028,0.8459588043767491,False,0,True,1.0,1,1.8060709901181213,2.153974213898755,0.22168332588568268,2.5,0.048795003647426664,0.9086544876553411,False,0.2585484045355205,0.38079411707285543,0,5120,6,7,9,731.4285714285714,0.9999999999999999,True,1
pixtral,vision,NExTVideo_0031_4805511103,Semantic,4,0.38213070257553783,4,0.5498233507471967,9.383209373314266,0,False,7.317111200716452,178.56040360417003,7,-0.3313132843355183,0.3497040574525709,False,0,False,0.6,1,1.9417514025246487,2.113924484520017,0.23372701974354868,0.5,-0.43915503282683993,0.2763268401337456,True,12.28598761905337,17.1006681984927,1,1024,6,7,9,146.28571428571428,1.0000000000000002,True,1
pixtral,projector,NExTVideo_0031_4805511103,Semantic,4,0.7128931814039214,4,0.9013677160773136,4.494321085838038,0,False,10.31324772341433,355.8361522523901,7,0.22701095408174404,0.5282230346638654,False,0,False,0.6,1,2.138901850192589,2.708559054264598,0.7246508615299935,1.5,-0.34156502553198664,0.4076337385331202,True,8.244383894879036,13.021575399038767,1,5120,1,3,7,1706.6666666666667,0.9999999999999999,True,1
pixtral,hidden,NExTVideo_0031_4805511103,Semantic,4,0.42304032337134767,3,0.3610353036791199,0.020888628983531294,0,False,3.073520138813735e-05,0.024263045591020382,8,-0.3374487155269168,0.34030016731737633,False,0,False,0.8,1,2.030640946731607,2.209514036581172,0.15730058117662382,1.5,-0.09759000729485333,0.818177202735276,True,0.02934932540589375,0.035315428521338475,1,5120,7,8,9,640.0,1.0000000000000002,True,1
pixtral,vision,NExTVideo_0031_5516830700,Semantic,4,0.1892257629162314,3,0.3606175637345708,6.714398900214909,0,False,3.3860769407463103,36.1285940485387,6,-0.20860466050754858,0.5630215067923303,False,0,False,0.8,1,1.9461271270803424,2.249191415304017,0.1774625175391072,0.5,-0.14638501094227999,0.7294239249593866,True,11.759912756137126,15.374609317458374,1,1024,6,8,9,128.0,1.0000000000000004,True,1
pixtral,projector,NExTVideo_0031_5516830700,Semantic,4,0.010959067013559209,4,0.7882707442179638,2.667333078131224,0,False,0.7521676643386692,25.522606211358994,6,0.22701095408174404,0.5282230346638654,False,0,False,0.5,0,1.995551064458065,2.5414866399737392,0.517959416198054,0.5,-0.2439750182371333,0.560375584963329,True,7.428786839971216,10.536492899956734,1,5120,3,5,8,1024.0,1.0000000000000002,True,1
pixtral,hidden,NExTVideo_0031_5516830700,Semantic,4,0.29126653513419987,3,0.3583719766230935,2.710389767878635,0,False,0.6111209819928475,3.020681821223751,8,0.009231162519443843,0.9798085526486568,False,0,False,0.7,1,2.0176978726963597,2.468997634690807,0.3174533099761574,0.5,-0.048795003647426664,0.9086544876553411,True,3.7827568434919714,5.002923667826842,1,5120,6,7,9,731.4285714285714,0.9999999999999998,True,1
pixtral,vision,NExTVideo_0033_2834146886,Geometric,4,0.9470773795963139,4,0.3763401488666646,24.906549417079265,0,False,46.55579067042778,4318.474887135338,2,-0.3681258714839093,0.2952659657377438,False,0,False,0.5,0,1.9560681611614386,2.531375275372739,0.33432562074161176,1.5,0.0,1.0,True,25.025421289517787,34.412960433695936,1,1024,5,7,9,146.28571428571428,1.0,True,1
pixtral,projector,NExTVideo_0033_2834146886,Geometric,4,0.1842170274654542,2,0.8552306715212684,5.2033850319715915,0,False,3.3411568773235274,46.00924513256388,2,-0.7301163117764201,0.016506245498100505,False,0,False,0.4,0,1.7786733389061113,2.675967331527932,0.6636605173570361,2.5,0.29277002188455997,0.48161781431215467,False,12.381929739558807,27.7704521359538,0,5120,2,4,7,1280.0,0.9999999999999999,True,1
pixtral,hidden,NExTVideo_0033_2834146886,Geometric,4,0.8327430432642384,4,0.5512352174114039,8.751051927011105,0,False,8.170883519170355,32.931804315587584,2,-0.3681258714839093,0.2952659657377438,False,0,False,0.8,1,2.023371126264541,2.677889980764884,0.3840021655516784,1.5,-0.14638501094227999,0.7294239249593866,True,9.703915361710193,15.582155839140851,1,5120,5,7,9,731.4285714285714,0.9999999999999999,True,1
pixtral,vision,NExTVideo_0033_3105754589,Semantic,4,0.23115427605968647,4,0.41713853734225825,13.99208242365783,0,False,17.977022591936777,777.3338300207786,7,-0.5384844803008908,0.10830386153753631,False,0,False,0.6,1,1.9571023287994094,2.372552845332221,0.27203179002838895,1.5,-0.29277002188455997,0.48161781431215467,True,22.54807012042473,33.428256451987565,1,1024,6,7,9,146.28571428571428,0.9999999999999998,True,1
pixtral,projector,NExTVideo_0033_3105754589,Semantic,4,0.6892821472691413,4,0.7154440128692432,7.249217265648634,0,False,13.391735861754384,479.18918311552716,3,-0.6748974310538336,0.03226860511926249,True,1,False,0.4,0,2.077973976992342,2.6522896649641554,0.5412013865007719,1.5,-0.14638501094227999,0.7294239249593866,True,11.449312427438262,18.31574955666019,1,5120,4,5,8,1024.0,1.0,True,1
pixtral,hidden,NExTVideo_0033_3105754589,Semantic,4,0.9435031476370428,4,0.28130480783342016,0.04387900402041652,0,False,0.00013362677367570913,0.07821108953280204,6,-0.576730531991458,0.08091856646299929,False,0,False,0.6,1,1.934749177368013,2.2393932367933123,0.19538291864819107,1.5,-0.19518001458970666,0.6432255386372303,True,0.046410212891412145,0.0656154040610515,1,5120,6,7,9,731.4285714285714,1.0000000000000004,True,1
pixtral,vision,NExTVideo_0034_5296671076,Semantic,4,0.8123119720590637,2,0.44793685136135886,12.943727942852394,0,False,18.45307700655703,318.4031881575569,6,-0.04000170425092332,0.9126361554690838,False,0,False,0.6,1,1.9752561892045348,2.421292491602958,0.25896202796252116,3.5,0.6831300510639733,0.06183472987214335,False,14.428979822088762,24.66385985932689,0,1024,5,6,8,170.66666666666666,1.0,True,1
pixtral,projector,NExTVideo_0034_5296671076,Semantic,4,0.9464274158794288,3,0.7539527992374627,7.311530368225963,0,False,11.508756884626749,244.74216152543727,6,-0.17179207335915767,0.6351004923795485,False,0,False,0.7,1,2.0887023179128006,2.7812320534243624,0.6028156800702664,2.5,0.43915503282683993,0.2763268401337456,False,9.113491894825808,20.85968238778966,0,5120,3,5,7,1024.0,1.0,True,1
pixtral,hidden,NExTVideo_0034_5296671076,Semantic,4,0.49987821580191444,4,0.5042184879467249,2.387266623166653,0,False,0.6416377200501284,3.0887200726236257,8,-0.0707722459824028,0.8459588043767491,False,0,False,0.7,1,1.9391049439571355,2.407205054059169,0.29693494347612104,3.5,0.29277002188455997,0.48161781431215467,False,3.447005273624394,5.522051783059684,0,5120,5,6,8,853.3333333333334,0.9999999999999999,True,1
pixtral,vision,NExTVideo_0039_5351925965,Semantic,4,0.6087856556926357,4,0.47084239354725843,12.345279610965399,0,False,12.405532848013515,2114.1968243798296,3,-0.6933037246280291,0.026203489677142103,True,1,False,0.7,1,1.932668807107944,2.138470554939045,0.14702477552932636,2.5,0.4879500364742666,0.2199438192418187,False,10.804551705859176,13.868474093467128,0,1024,6,7,9,146.28571428571428,1.0,True,1
pixtral,projector,NExTVideo_0039_5351925965,Semantic,4,0.8441868763845138,4,0.39045933366345664,3.499506666410691,0,False,1.3277624124409098,541.9643733489904,7,-0.34358414671831533,0.3310271874402453,False,0,False,0.4,0,1.965060329410465,2.605090081507065,0.2800090708771256,2.5,0.34156502553198664,0.4076337385331202,False,4.4550847047097335,6.794607209947202,0,5120,5,7,9,731.4285714285714,1.0,True,1
pixtral,hidden,NExTVideo_0039_5351925965,Semantic,4,0.5779333760963081,4,0.268620708043201,0.026411393328103078,0,False,4.703461268350313e-05,0.0020722124352360134,6,-0.44175104578069113,0.2011896293949472,False,0,False,0.4,0,2.0988587803807417,2.348493902373153,0.1539477909350364,1.5,0.14638501094227999,0.7294239249593866,True,0.0376413420817433,0.04192107342348417,1,5120,7,8,9,640.0,0.9999999999999999,True,1
qwen,vision,NExTVideo_0089_3066966990,Compositional,7,0.9989641752044259,4,0.998793258363092,641.9351183224721,0,False,224948.2637926784,21979605.4101998,4,-0.03048837166595521,0.9333686465687114,False,0,False,0.9,1,2.3066727483325566,3.1152531953972376,1.2916334221406267,4.5,0.19162020190612142,0.6494102011224532,False,919.4292799006239,1865.3906605997704,0,1280,1,1,1,1280.0,0.9999999999999998,True,1
qwen,projector,NExTVideo_0089_3066966990,Compositional,7,0.8077964779192266,2,0.3897261466874764,11.028876375338042,0,False,9.634525648943486,79.55345923747038,7,-0.5596356443853063,0.0925316096694495,True,1,False,0.9,1,1.9350027691603948,2.173911832597005,0.1524242229044801,3.5,0.407192929050508,0.31670918491612826,False,10.89250525327337,13.116979420254214,0,3584,7,8,9,448.0,1.0,True,1
qwen,hidden,NExTVideo_0089_3066966990,Compositional,7,0.9075626224949469,4,0.5190129456474024,102.67558983665131,0,False,1595.8541799318577,2344.9645726820363,1,0.146344183996585,0.6866405042968726,False,0,False,0.6,1,1.8238444989652352,2.494023470700628,0.35436233550867813,0.5,0.13173888881045848,0.7558326362593347,True,93.1869961722704,136.3606768978605,1,3584,4,6,8,597.3333333333334,1.0000000000000002,True,1
qwen,vision,NExTVideo_0089_6868234420,Semantic,4,0.9995985986476871,3,0.9965259797200291,859.3233584560405,0,False,70555.41420759064,19327919.493124325,5,-0.7362517429678186,0.015178866583822458,True,1,False,0.6,1,1.6217354078811126,3.0499120601774563,1.3637627183380368,2.5,-0.048795003647426664,0.9086544876553411,False,226.5756160569515,405.34272602910994,0,1280,1,1,1,1280.0,1.0000000000000002,True,1
qwen,projector,NExTVideo_0089_6868234420,Semantic,4,0.7090653489645387,4,0.2969507910866425,8.9005295836239,0,False,5.674353300238896,34.34810158478541,5,-0.8466895044129913,0.002000069990391186,True,1,False,0.6,1,1.9692578590621874,2.1994609923406845,0.17540854724210245,2.5,-0.14638501094227999,0.7294239249593866,False,10.330048311804855,14.123100443290008,0,3584,7,8,9,448.0,1.0000000000000002,True,1
qwen,hidden,NExTVideo_0089_6868234420,Semantic,4,0.794757115346253,3,0.39470470586296424,4.488793532374163,0,False,1.8442853389737657,81.32457473271339,4,-0.4049384586323002,0.24571430610689962,True,0,False,0.5,0,1.9241016946308716,2.417274747322724,0.42372751316553803,0.5,-0.5855400437691199,0.12724658986372073,True,5.17029308277587,7.679994137359498,1,3584,5,7,9,512.0,1.0,True,1
qwen,vision,NExTVideo_0090_5329653093,Semantic,5,0.9641011886101913,4,0.9891377249235365,153.68787212966822,0,False,38528.34335078737,18955015.308237173,1,0.251552678847338,0.48324688687389394,False,0,False,0.8,1,2.6302679057546525,3.0674427913609783,0.9298914686793017,2.5,0.242464322484436,0.5628829267771582,False,577.0014816861626,857.8742369681318,0,1280,1,1,2,1280.0,1.0,True,1
qwen,projector,NExTVideo_0090_5329653093,Semantic,5,0.8568978235485689,3,0.29488708248406675,10.626828892172604,0,False,8.055066372866335,28.580031041923423,1,-0.236933171332392,0.5098372699205551,False,0,False,0.7,1,2.0768299463883846,2.201429132852655,0.08970225824054434,4.5,0.44855899659620657,0.264957651788981,False,13.183348311624595,15.295827526885844,0,3584,7,8,9,448.0,1.0000000000000002,True,1
qwen,hidden,NExTVideo_0090_5329653093,Semantic,5,0.6812267716599185,2,0.42256813935994214,94.30341432077232,0,False,779.9380695323823,1936.3824018743853,5,-0.11043776144517278,0.7613423595548956,True,0,False,0.7,1,2.0165736967697137,2.444400687381648,0.38371423483114153,2.5,0.0727392967453308,0.8640941349883787,False,99.51808957645895,131.3089307359869,0,3584,5,7,9,512.0,0.9999999999999999,True,1
qwen,vision,NExTVideo_0090_7001183247,Compositional,3,0.9908826569724465,4,0.9728541439809913,239.3008399650156,0,False,20480.453088435886,18176301.06751444,7,-0.10397991115082295,0.7749872466410741,False,0,False,0.8,1,1.8288484196552495,3.039313843259336,1.0326523228261806,4.5,0.4000661320993194,0.3260725127433412,False,273.81518183968177,767.6407840744081,0,1280,1,1,4,1280.0,1.0,True,1
qwen,projector,NExTVideo_0090_7001183247,Compositional,3,0.7079504877133318,4,0.2920214636645857,9.796781748765238,0,False,8.79609957222384,50.95344923227866,3,-0.801256962397518,0.0053287859789657565,True,1,False,0.8,1,1.8471217315773711,2.0696402918342627,0.1887731160515625,0.5,-0.0363696483726654,0.9318670204387731,True,12.819112737647576,16.83172669109466,1,3584,7,8,9,448.0,0.9999999999999999,True,1
qwen,hidden,NExTVideo_0090_7001183247,Compositional,3,0.055102498871574604,4,0.4036093753202916,2.652877703124356,0,False,0.6568175872614019,18.066218122662676,5,-0.6911605858848819,0.026865783149450432,False,0,False,0.7,1,1.9584718534279997,2.539331585852126,0.36835065592384564,1.5,-0.10910894511799618,0.7970385741881917,True,4.022353075954926,6.521741626108192,1,3584,6,8,9,448.0,1.0,True,1
qwen,vision,NExTVideo_1009_4738042036,Semantic,5,0.9943246300384434,2,0.9964441661128759,292.3556332257623,0,False,60306.81059832357,14958048.43992669,7,-0.5951368255656533,0.06951501015301122,False,0,False,0.7,1,1.7225783196151383,3.075200870945859,1.3095873111507688,1.5,0.26671075473287964,0.5231267001703013,True,336.88793279838956,724.9616529115449,1,1280,1,1,1,1280.0,1.0,True,1
qwen,projector,NExTVideo_1009_4738042036,Semantic,5,0.8847485326303401,1,0.4602259443374891,9.924033319274509,0,False,8.676763115678892,14.061144427453073,2,-0.5938714554175539,0.07026318342864335,False,0,False,0.6,1,1.812721578953734,2.1180493290981537,0.16659225223417481,3.5,-0.0848625128695526,0.841645075117969,False,7.9647172207398205,10.216468859301306,0,3584,6,8,9,448.0,1.0,True,1
qwen,hidden,NExTVideo_1009_4738042036,Semantic,5,0.38589604365674485,3,0.3410538711646581,8.668039716493034,0,False,6.095313168783512,32.1277227406234,5,0.12884405501936821,0.7227860826113411,True,0,False,0.3,0,1.7704391732118185,2.213009201173311,0.21382617329943435,0.5,-0.7880090480744169,0.020191038671215092,True,9.175934325313944,12.893089245253359,1,3584,6,7,9,512.0,1.0,True,1
qwen,vision,NExTVideo_1203_3339687949,Geometric,5,0.8842073508402313,4,0.9985508441422091,49.931089022801814,0,False,78810.69086381962,17304463.631636586,3,0.17179207335915767,0.6351004923795485,False,0,False,0.6,1,2.7213786484149844,3.1168028644144234,0.9952625515046313,2.5,0.47280542884465016,0.23674621695900244,False,915.2542399014715,1465.3263340582353,0,1280,1,1,1,1280.0,0.9999999999999999,True,1
qwen,projector,NExTVideo_1203_3339687949,Geometric,5,0.9055987748183606,3,0.2681605258745837,7.482046594107205,0,False,3.7817058164047155,23.350669938441907,3,0.22087552289034557,0.5397245232079747,False,0,False,0.7,1,2.057596090132041,2.1821431290804743,0.10673306888914649,0.5,0.32732683535398854,0.4286915072353138,True,8.718408765189702,10.367135564752207,1,3584,7,8,9,448.0,1.0,True,1
qwen,hidden,NExTVideo_1203_3339687949,Geometric,5,0.9448234923491702,3,0.5240923069869677,26.213452176258574,0,False,56.468639861643986,580.838873193992,2,0.08308046267499458,0.8195107265691646,False,0,False,0.5,0,2.2046359236846995,2.5405288149003433,0.22154716253850054,1.5,0.363696483726654,0.37581778408044225,True,24.10392128621497,37.95239967090587,1,3584,5,7,9,512.0,1.0000000000000002,True,1
qwen,vision,NExTVideo_1203_3798468368,Semantic,4,0.23732267313476205,4,0.9706736005427742,25.068278477846732,0,False,459.1579123560552,718405.1442930081,3,0.09203146787097732,0.8003776447383397,True,0,False,0.6,1,1.3822391015307995,2.886953314799332,1.0237765518022306,1.5,-0.7807200583588266,0.022214514665634247,True,94.22462205624134,207.76402177294165,1,1280,1,1,5,1280.0,1.0,True,1
qwen,projector,NExTVideo_1203_3798468368,Semantic,4,0.6014969310858727,4,0.3166022009804914,7.786753831868577,0,True,4.307561114951071,40.66060433002092,5,-0.6012722567570518,0.06596104531283858,True,1,False,0.7,1,1.9772866469609058,2.1111511973447303,0.1024527112571279,2.5,-0.29277002188455997,0.48161781431215467,False,10.169058011165015,12.955223730362729,0,3584,7,8,9,448.0,1.0,True,1
qwen,hidden,NExTVideo_1203_3798468368,Semantic,4,0.4393364986096702,3,0.4449507931814375,63.161868737644575,0,False,1014.2084590795948,4549.168125595944,5,-0.754658036542014,0.01164487250461738,True,1,False,0.5,0,2.0289548773777746,2.7091400196528195,0.4245320331540888,0.5,-0.14638501094227999,0.7294239249593866,True,150.71103740214653,294.8907388513211,1,3584,5,6,9,597.3333333333334,1.0,True,1
qwen,vision,NExTVideo_1203_4039610385,Compositional,5,0.9998690896636193,4,0.9973572644931505,1197.3580973492967,0,False,128472.87180917877,25370027.630785804,6,-0.5092407888860745,0.13274267581496021,True,1,False,0.7,1,2.3202526685778118,3.083547037384891,1.124694534865869,0.5,-0.424312564347763,0.2947483403858767,True,670.5257879206669,1230.381914885149,1,1280,1,1,1,1280.0,1.0000000000000002,True,1
qwen,projector,NExTVideo_1203_4039610385,Compositional,5,0.5200527108723187,3,0.2498721942139612,9.202495189354508,0,False,5.428462768995184,89.26733912868644,1,-0.4356156145892926,0.20825788700156508,False,0,False,0.6,1,1.9935508152905248,2.4250865482709267,0.18990833827487394,4.5,0.2909571869813232,0.4844624488127287,False,12.468022077542658,16.263055532920173,0,3584,7,8,9,448.0,1.0000000000000002,True,1
qwen,hidden,NExTVideo_1203_4039610385,Compositional,5,0.30455409628107133,4,0.46460497536690365,16.632952307245862,0,False,24.7943012708622,240.08800453908162,8,-0.14111491740216522,0.6973850724458668,False,0,False,0.5,0,2.102224803013418,2.7067896394341657,0.3011946758633425,2.5,0.3758196998508757,0.35887779967800476,False,34.11705884177883,60.2084216751651,0,3584,6,7,9,512.0,1.0,True,1
qwen,vision,NExTVideo_1009_5996570774,Geometric,5,0.9986754309062473,4,0.9977649225919106,499.1570513975672,0,False,84573.99157423244,16228350.46435451,6,-0.7477241640749513,0.012899666255075094,True,1,False,0.7,1,1.9193784404881624,3.079220527741807,1.374386457886259,2.5,0.024246432248443597,0.9545557541696634,False,362.7195655789983,824.8097831905219,0,1280,1,1,1,1280.0,1.0,True,1
qwen,projector,NExTVideo_1009_5996570774,Geometric,5,0.8334284559946525,4,0.4522146716837183,9.957140666665069,0,False,10.116934441251965,47.113842473284706,5,-0.8221477796473973,0.003510628130454474,True,1,False,0.7,1,1.9364859356158788,2.0497127095615504,0.09601298368014462,0.5,-0.38794291597509756,0.34229353743162194,True,10.207242122839299,13.776346476506784,1,3584,6,7,9,512.0,0.9999999999999998,True,1
qwen,hidden,NExTVideo_1009_5996570774,Geometric,5,0.9738269148920911,3,0.49647372791380084,2.3348612385941796,0,False,0.428403468682555,8.913948609839888,2,0.18406293574195465,0.6107283046711561,False,0,False,0.7,1,1.966565739402898,2.2982324382116524,0.2883469998399335,0.5,0.012123216124221799,0.9772711968911272,True,1.7046942118007937,1.9815136112482705,1,3584,5,6,9,597.3333333333334,1.0000000000000002,True,1
qwen,vision,NExTVideo_1009_6118838509,Semantic,4,0.7651370562476179,4,0.995103466989111,54.90273297595058,0,False,47213.83702078498,5989301.355592147,1,-0.030677155956992445,0.9329568385993042,False,0,False,0.5,0,3.0347944595309158,3.1114423035095866,0.05032838097765473,3.5,-0.19518001458970666,0.6432255386372303,False,815.3388744029639,1548.1721036560689,0,1280,1,1,1,1280.0,1.0000000000000002,True,1
qwen,projector,NExTVideo_1009_6118838509,Semantic,4,0.24846300606931032,4,0.611056280799322,11.69924428371473,0,False,10.62301830024522,92.64266235565289,1,-0.26995897242153344,0.4506524757014977,False,0,False,0.7,1,1.975720014516036,2.7790221265957986,0.45826115881943585,3.5,-0.2439750182371333,0.560375584963329,False,21.36690224547599,38.91199362090137,0,3584,5,7,9,512.0,0.9999999999999999,True,1
qwen,hidden,NExTVideo_1009_6118838509,Semantic,4,0.8511312334263651,4,0.711915237230979,34.72073880825893,0,False,216.28820562616824,247.1780777035011,1,-0.37426130267530777,0.2866631890735267,False,0,False,0.5,0,2.131563278439041,2.786339552023015,0.399370879340117,2.5,0.7319250547113999,0.03899827398782236,False,50.875361670506585,75.7206715541078,0,3584,4,6,8,597.3333333333334,1.0,True,1
qwen,vision,NExTVideo_1009_6416652333,Semantic,5,0.9940286141737292,4,0.985278560403324,494.96233747174375,0,False,42899.30146666853,24866209.04023386,4,-0.6503557062882397,0.04174882166639041,True,1,False,0.7,1,1.6763374791144119,3.062866737955483,1.1581313541972151,1.5,0.1576018096148834,0.7093533525147797,True,414.1739246448773,934.9719765603327,1,1280,1,1,2,1280.0,1.0000000000000002,True,1
qwen,projector,NExTVideo_1009_6416652333,Semantic,5,0.7618938754182265,3,0.3599854976908793,13.329380907628254,0,False,13.147452340909684,37.22543064626805,8,-0.5938714554175539,0.07026318342864335,False,0,False,0.5,0,1.8485366812554926,2.250995800126094,0.2206078276359999,2.5,0.3515732676024321,0.39310560992530386,False,13.178819541813379,18.284713245294032,0,3584,6,8,9,448.0,0.9999999999999999,True,1
qwen,hidden,NExTVideo_1009_6416652333,Semantic,5,0.9037951291795259,4,0.5102421096204501,2.963918467805877,0,False,0.8011421363144298,51.99437922517031,7,-0.5890013943742548,0.07319160667714436,False,0,False,0.6,1,1.9064145865219022,2.410620407696726,0.45339749465011514,1.5,0.21821789023599236,0.6036450565101363,True,2.7333589812391885,5.0548043900489406,1,3584,4,5,8,716.8,1.0000000000000002,True,1
qwen,vision,NExTVideo_1009_6420147083,Semantic,5,0.998273919839578,4,0.9984078679412038,509.33626200798227,0,False,170722.88801334536,15101738.813573688,7,-0.0061354311913984876,0.9865792494806584,False,0,False,0.7,1,2.7144299554587024,3.1128902108060195,0.9939510693971577,1.5,0.44855899659620657,0.264957651788981,True,1111.3148341107735,1755.0446317230444,1,1280,1,1,1,1280.0,1.0000000000000002,True,1
qwen,projector,NExTVideo_1009_6420147083,Semantic,5,0.9077383278522716,2,0.315769205596791,10.136530865958381,0,False,6.951326262070052,23.844253216343578,2,-0.2945006971871274,0.4088058416972339,False,0,False,0.8,1,1.9725980561755332,2.242681240607727,0.16094114888995883,3.5,0.23034110636021415,0.5831437849827301,False,10.209092367698329,13.242584181261668,0,3584,7,8,9,448.0,1.0,True,1
qwen,hidden,NExTVideo_1009_6420147083,Semantic,5,0.49377252036599883,4,0.6314932822326109,85.55883965521035,0,False,1090.9134401787112,3906.719037206046,1,0.49696992650327754,0.14392654659800444,False,0,False,0.5,0,2.371628390129758,2.7542069901783965,0.3610085804618278,4.5,0.7395161835775297,0.03600320928483326,False,194.01349334418052,353.95134752379624,0,3584,4,5,8,716.8,1.0,True,1
qwen,vision,NExTVideo_1009_6663748603,Semantic,4,0.9984607032496524,4,0.9967656334612044,368.695284456888,0,False,60747.91960385138,14993003.669089098,5,0.18406293574195465,0.6107283046711561,True,0,False,0.8,1,2.614577261057785,3.1118850655319235,0.9634672072585202,0.5,-0.6343350474165467,0.09116266392027382,True,584.4470513497707,1320.853824420808,1,1280,1,1,1,1280.0,1.0,True,1
qwen,projector,NExTVideo_1009_6663748603,Semantic,4,0.029677979611942608,3,0.36990165370432876,5.890992917085882,0,False,2.4873949168738743,23.143830604096877,2,-0.3374487155269168,0.34030016731737633,False,0,False,0.8,1,2.0171482566106507,2.57400296799155,0.3071261758470256,2.5,0.09759000729485333,0.818177202735276,False,10.091315123207018,17.477498840866534,0,3584,6,7,9,512.0,1.0,True,1
qwen,hidden,NExTVideo_1009_6663748603,Semantic,4,0.26929216859693167,4,0.7636031230895995,3.3969546660606538,0,False,1.7320257485722486,107.42811675716413,2,-0.5337825136516684,0.11202516929143758,False,0,False,0.7,1,2.0987029054485062,2.8733973260921446,0.41665599157031635,2.5,-0.29277002188455997,0.48161781431215467,False,8.863478270705446,22.802107353689646,0,3584,3,4,7,896.0,0.9999999999999998,True,1
qwen,vision,NExTVideo_1009_8612900766,Geometric,6,0.9891706394707301,4,0.9842353647821345,235.81237492985971,0,False,37273.82329116382,22451446.18925496,2,-0.2079598223016459,0.5642563593940385,False,0,False,0.5,0,2.6176386852688824,3.063146784607382,0.9088742607601344,0.5,-0.759091241021211,0.028942810224944913,True,624.3289002219719,909.8991860387318,1,1280,1,1,2,1280.0,0.9999999999999999,True,1
qwen,projector,NExTVideo_1009_8612900766,Geometric,6,0.7986838402602124,4,0.517923966468761,10.319265829275789,0,False,13.567600874961608,24.811333817596047,1,-0.0153377119548398,0.9664566467611028,False,0,False,0.8,1,1.9100659267009783,2.3560790202191386,0.22306371521249052,5.5,0.3855701541695039,0.34551105853655584,False,10.877400042363131,14.705546764550595,0,3584,6,7,9,512.0,0.9999999999999999,True,1
qwen,hidden,NExTVideo_1009_8612900766,Geometric,6,0.795927560940649,4,0.7135087598446412,1.703258509006093,0,False,0.9454865572693519,2.2479946557779007,1,-0.19572689157801965,0.5878759582647307,False,0,False,0.8,1,2.059677148014765,2.718423470334837,0.2581394272984735,5.5,0.4096682888050979,0.3134872142827114,False,2.490624554833387,4.472007174304094,0,3584,4,6,8,597.3333333333334,0.9999999999999998,True,1
qwen,vision,NExTVideo_0101_3122394310,Geometric,6,0.9955938450041166,3,0.9979653168508977,289.3983716437168,0,False,122286.81474664489,28171411.373030744,4,-0.07951404970357048,0.8271585646135995,False,0,False,0.6,1,1.0023530008541697,2.931963893567142,0.9770119373995964,2.5,-0.4217173561228949,0.2980286979370498,False,377.73042555885934,730.0609764391354,1,1280,1,1,1,1280.0,1.0,True,1
qwen,projector,NExTVideo_0101_3122394310,Geometric,6,0.4211423320433536,4,0.2893402378318023,7.174593744186397,0,False,3.548034107431384,21.53807367836646,6,-0.7147373770955345,0.020184229377264662,True,1,False,0.4,0,1.9454070281865299,2.1228219951560505,0.13991185101770473,4.5,0.0,1.0,False,10.225202033548992,13.23749938743173,0,3584,7,8,9,448.0,1.0,True,1
qwen,hidden,NExTVideo_0101_3122394310,Geometric,6,0.9405350960919172,3,0.5006402424269503,2.6316974689583517,0,False,0.7223980298232743,33.02893260384354,2,-0.05504818825631803,0.8799463279714843,False,0,False,0.5,0,1.8949157705419915,2.5037640054317953,0.36598034922841277,2.5,-0.32532481758051895,0.43168838619534633,False,2.519190569997047,3.537615031043554,1,3584,6,7,9,512.0,0.9999999999999998,True,1
qwen,vision,NExTVideo_0101_3404210548,Semantic,4,0.9990695290714604,4,0.9952717102966099,685.4499161040916,0,False,89979.63346102914,25381274.938022524,7,-0.37426130267530777,0.2866631890735267,False,0,False,0.6,1,1.383538157775479,3.0502868162762975,1.2388515375858034,1.5,-0.14638501094227999,0.7294239249593866,True,360.9513738272578,665.4225683552794,1,1280,1,1,1,1280.0,1.0,True,1
qwen,projector,NExTVideo_0101_3404210548,Semantic,4,0.6900502683038124,3,0.4048931700313273,9.411699067667056,0,False,7.3922927603202115,28.034417559027474,2,-0.41720932101509717,0.23030967966390767,False,0,False,0.4,0,1.9078713322530523,2.215704282080926,0.18644850675707395,2.5,0.3903600291794133,0.3390301832455655,False,10.431870768361058,14.210659987160792,0,3584,7,8,9,448.0,1.0,True,1
qwen,hidden,NExTVideo_0101_3404210548,Semantic,4,0.8274832406576738,4,0.4050274314613963,42.661195592468836,0,False,208.8653019265018,473.29865244237226,2,0.5890013943742548,0.07319160667714436,False,0,False,0.7,1,1.9605783327040205,2.1752025427623893,0.1282382907804059,2.5,0.4879500364742666,0.2199438192418187,False,48.48560804993524,72.11365524132093,0,3584,5,7,9,512.0,1.0000000000000002,True,1
qwen,vision,NExTVideo_0101_4740074365,Geometric,5,0.9418464100675135,4,0.9936715790928378,110.81324279193136,0,False,59243.24894149669,18604462.40850284,6,-0.7730643301162096,0.008732706886994769,True,1,False,0.6,1,2.64030801189902,3.0612327896142784,0.8904730207523059,0.5,-0.23034110636021415,0.5831437849827301,True,567.2734148575508,1209.883094181618,1,1280,1,1,1,1280.0,0.9999999999999998,True,1
qwen,projector,NExTVideo_0101_4740074365,Geometric,5,0.7060232639547275,4,0.2876439599442329,10.293658125231753,0,False,7.058797848460371,35.79898735482805,6,-0.8098769172646004,0.00451267151370922,True,1,False,0.7,1,1.992794527682226,2.201728242614465,0.12784036627566717,2.5,0.27883397085710143,0.5036528556919295,False,12.046608565449073,13.958143216834934,0,3584,7,8,9,448.0,1.0,True,1
qwen,hidden,NExTVideo_0101_4740074365,Geometric,5,0.25238193987366203,2,0.3406519702597449,53.73788209970767,0,False,203.4387133988293,734.8412047086795,3,-0.20000852125461657,0.5795675083924976,False,0,False,0.6,1,1.933365537998528,2.3270403884612096,0.23322829671454792,2.5,-0.4000661320993194,0.3260725127433412,False,61.762643063963445,101.04007485470581,1,3584,6,7,9,512.0,1.0000000000000002,True,1
qwen,vision,NExTVideo_1000_2594144360,Semantic,4,0.9989943248841395,4,0.9965029485605225,448.58772564488766,0,False,46734.72420264767,20113422.93307425,3,-0.4908344953118791,0.1497270348644938,True,0,False,0.6,1,1.6715055337453504,3.0784162282625647,1.2019520386658609,3.5,-0.09759000729485333,0.818177202735276,False,332.3214885449554,736.7556297455931,0,1280,1,1,1,1280.0,1.0,True,1
qwen,projector,NExTVideo_1000_2594144360,Semantic,4,0.30230981836293014,4,0.3050678899342344,5.955507996055123,0,False,1.9522760661400398,14.98954185802808,8,-0.26995897242153344,0.4506524757014977,False,0,False,0.9,1,1.8906115989836916,2.1138283562705125,0.1344013051984745,3.5,0.29277002188455997,0.48161781431215467,False,7.162120030536259,9.388758861280252,0,3584,7,8,9,448.0,1.0,True,1
qwen,hidden,NExTVideo_1000_2594144360,Semantic,4,0.6726116963169664,3,0.44065032194375914,1.5267348872065825,0,False,0.22436934334768308,5.348753529283074,8,-0.2024692293161501,0.5748125526418609,False,0,False,0.7,1,2.010928210220662,2.5816577350549186,0.33387322701057437,3.5,0.7807200583588266,0.022214514665634247,False,1.9567593255534463,3.3645375770341257,0,3584,5,7,9,512.0,1.0,True,1
qwen,vision,NExTVideo_1000_2623063774,Semantic,4,0.9990612461188281,4,0.9971634953515314,456.8446918876507,0,False,54428.411400884084,23806043.79819272,4,-0.07976060548818034,0.8266294205655288,True,0,False,0.9,1,1.211137517952194,3.091855499360952,1.382341073008027,0.5,-0.14638501094227999,0.7294239249593866,True,246.91380180023,640.8492056153157,1,1280,1,1,1,1280.0,1.0,True,1
qwen,projector,NExTVideo_1000_2623063774,Semantic,4,0.9208844656863009,1,0.46164747350588264,8.43204589483212,0,True,6.7912030581361265,65.78442473382563,2,-0.7976060548818034,0.0057042491734851245,False,1,True,1.0,1,1.816142704163402,2.0124088555856843,0.18269948606752937,2.5,0.09759000729485333,0.818177202735276,False,6.767722881078579,8.395582172905156,0,3584,6,8,9,448.0,1.0,True,1
qwen,hidden,NExTVideo_1000_2623063774,Semantic,4,0.8295524800368016,3,0.5561094043274823,77.7022263706894,0,False,693.2830146514134,1555.739739656474,3,-0.42334475220649564,0.2228181042830319,True,0,False,0.9,1,1.6117823029069487,2.0014631251960076,0.2149439570246974,0.5,-0.29277002188455997,0.48161781431215467,True,51.622791778029026,74.59391472631513,1,3584,4,6,8,597.3333333333334,1.0,True,1
qwen,vision,NExTVideo_1000_3273928480,Geometric,5,0.9702780291685342,4,0.9976314435752699,131.97727057599002,0,False,126235.17862990363,25910437.972267482,2,-0.22087552289034557,0.5397245232079747,False,0,False,0.7,1,1.5969014450380459,3.101674106775234,1.4059571470392627,0.5,-0.303080403105545,0.465565587468576,True,714.7805708900466,1565.8679357604935,1,1280,1,1,1,1280.0,0.9999999999999998,True,1
qwen,projector,NExTVideo_1000_3273928480,Geometric,5,0.4321992402812427,4,0.32413192846180533,7.155668374747094,0,False,3.3840714223746295,22.582102155985314,8,-0.4846990641204805,0.15566725143921836,False,0,False,0.6,1,1.9617503413837463,2.292483141236973,0.15436852913407678,1.5,-0.3758196998508757,0.35887779967800476,True,9.989638466162466,12.3899707976495,1,3584,7,8,9,448.0,0.9999999999999999,True,1
qwen,hidden,NExTVideo_1000_3273928480,Geometric,5,0.9056717157030878,4,0.49998478969697974,75.16089099900034,0,False,643.3543533147006,1079.1826742542544,8,-0.1472503485935637,0.6847836760627853,False,0,False,0.7,1,2.1154785696726783,2.4291454503557057,0.2384144544446116,2.5,0.7880090480744169,0.020191038671215092,False,81.13921242551038,93.16454005614828,0,3584,6,7,9,512.0,0.9999999999999999,True,1
qwen,vision,NExTVideo_1000_3297776560,Geometric,6,0.9980771808454548,4,0.996425668998988,345.0859130424784,0,False,59347.60198161448,19953080.056259707,6,-0.5810642093722459,0.07813223153408824,True,1,False,0.8,1,1.9564070882452553,3.05906380902252,1.0828312474683826,1.5,0.33737388489831593,0.41378527896944156,True,458.7023465682124,766.106242972853,1,1280,1,1,1,1280.0,1.0000000000000002,True,1
qwen,projector,NExTVideo_1000_3297776560,Geometric,6,0.6713874398963648,3,0.2714120097330028,6.925113004091843,0,False,3.095937489317776,36.40507487018675,2,-0.20184335693983274,0.5760205613999424,False,0,False,0.7,1,1.879718807601909,2.040224387110633,0.1411960403848759,0.5,-0.313275750262722,0.44990820732344394,True,8.008963710710077,9.478645394033103,1,3584,7,8,9,448.0,1.0000000000000002,True,1
qwen,hidden,NExTVideo_1000_3297776560,Geometric,6,0.43466190857963294,3,0.414846472167406,7.8496741419690395,0,False,5.448251536112845,58.619079209687165,4,-0.19572689157801965,0.5878759582647307,False,0,False,0.5,0,1.996379931371393,2.6452276531999854,0.2930228138622795,2.5,-0.06024533658898499,0.8873130218901896,False,12.227743592787292,22.392469759206172,0,3584,7,8,9,448.0,1.0,True,1
qwen,vision,NExTVideo_1000_3298675598,Geometric,4,0.9822220331463192,4,0.9896495840402946,132.94271902350508,0,False,23386.474307250213,15333650.577978622,6,-0.20860466050754858,0.5630215067923303,False,0,False,0.7,1,1.4101190730392128,3.0789258493681197,1.2645741202201215,1.5,-0.14638501094227999,0.7294239249593866,True,292.16003396988935,841.6633903136468,1,1280,1,1,2,1280.0,1.0,True,1
qwen,projector,NExTVideo_1000_3298675598,Geometric,4,0.7952345777293033,3,0.33498695924602223,8.668822662359217,0,False,6.353132637692762,23.228329985110022,3,-0.5890013943742548,0.07319160667714436,True,1,False,0.9,1,1.9844461236341457,2.2881736743961985,0.1457892970809417,1.5,-0.19518001458970666,0.6432255386372303,True,10.844328128957098,15.480667769888772,1,3584,7,8,9,448.0,1.0,True,1
qwen,hidden,NExTVideo_1000_3298675598,Geometric,4,0.33544694497789596,4,0.32450741347307666,0.7290892615500634,0,False,0.03835481118541083,2.821388223522077,2,-0.7301163117764201,0.016506245498100505,False,0,False,0.5,0,2.035991961614202,2.4293219066279215,0.2898369874073792,0.5,-0.3903600291794133,0.3390301832455655,True,1.1578868213706464,1.4258937894148374,1,3584,6,8,9,448.0,1.0000000000000002,True,1
qwen,vision,NExTVideo_1000_3380344744,Semantic,5,0.9970042697163757,4,0.9955278653244807,337.348907010584,0,False,47664.06833741695,13926433.15023912,1,-0.25768811003873643,0.4722704966281396,False,0,True,1.0,1,1.6011597728575981,3.105860421550282,1.4314733369019303,4.5,0.0363696483726654,0.9318670204387731,False,391.37920290920914,1072.6199328228047,0,1280,1,1,1,1280.0,0.9999999999999999,True,1
qwen,projector,NExTVideo_1000_3380344744,Semantic,5,0.8426895457007022,4,0.508381532178555,8.870725692545518,0,False,8.25605239635153,161.8203269862209,8,-0.6123337804564416,0.059858521990017725,False,0,True,1.0,1,1.8178244269822053,2.066808927347644,0.19016055842792304,1.5,0.121232161242218,0.7749070997119826,True,7.499645512920414,9.93229138892312,1,3584,6,7,9,512.0,1.0000000000000002,True,1
qwen,hidden,NExTVideo_1000_3380344744,Semantic,5,0.8619094329277839,4,0.4524509916182447,68.63660279288018,0,False,455.2008716205255,850.8825070893223,8,-0.24541724765593956,0.49433232632782054,False,0,False,0.7,1,2.0406556900364605,2.4812573682516157,0.2986722149628748,2.5,0.4000661320993194,0.3260725127433412,False,72.39254873002818,95.39067049579103,0,3584,6,7,9,512.0,1.0000000000000002,True,1
qwen,vision,NExTVideo_1000_3388598772,Semantic,4,0.9883895328021037,4,0.9906262010155734,218.87293795946223,0,False,26221.61939054096,23178886.50085773,2,-0.3129069907613229,0.37868901667234744,False,0,False,0.8,1,1.6575267443918815,3.053665391019373,1.3700227967908112,2.5,0.43915503282683993,0.2763268401337456,False,298.9963597837793,597.3719663215483,0,1280,1,1,1,1280.0,0.9999999999999998,True,1
qwen,projector,NExTVideo_1000_3388598772,Semantic,4,0.9004654442331639,2,0.3599599883911218,8.935913246048825,0,False,5.300724765245834,11.30423981968526,3,-0.23077906298609607,0.5212092064520633,True,0,False,0.8,1,1.9632707810018375,2.309847978766716,0.24868553982371436,1.5,-0.09759000729485333,0.818177202735276,True,7.636694133151586,9.870747206592418,1,3584,6,8,9,448.0,1.0,True,1
qwen,hidden,NExTVideo_1000_3388598772,Semantic,4,0.2572521626350407,4,0.3141135661607113,3.9511366168612008,0,False,1.0754007982028404,3.810632183970705,5,-0.503105357694676,0.1382652831590591,True,1,False,0.5,0,2.027945157399907,2.42924703558723,0.22159511097965728,0.5,-0.3903600291794133,0.3390301832455655,True,4.495798901100933,5.477846731747079,1,3584,6,7,9,512.0,1.0000000000000002,True,1
qwen,vision,NExTVideo_1000_3664990087,Geometric,4,0.9998040089760482,3,0.9975035740948708,957.5868541764513,0,False,130257.34980533978,29406742.15490526,3,-0.4908344953118791,0.1497270348644938,True,0,False,0.7,1,1.8895512969821797,3.077487015438429,1.1652509186453548,0.5,-0.19518001458970666,0.6432255386372303,True,376.2084242047432,901.6423121349991,1,1280,1,1,1,1280.0,1.0,True,1
qwen,projector,NExTVideo_1000_3664990087,Geometric,4,0.8863680962460404,4,0.415439121854103,9.992627783634388,0,False,8.842810606384914,17.399101794063462,3,-0.44175104578069113,0.2011896293949472,True,0,False,0.7,1,2.1455206288085806,2.4009372580673234,0.21364549993547635,2.5,0.14638501094227999,0.7294239249593866,False,11.07848433269135,15.43781833920918,0,3584,6,8,9,448.0,0.9999999999999998,True,1
qwen,hidden,NExTVideo_1000_3664990087,Geometric,4,0.7135977448111972,4,0.5123614781663249,2.2502851201733973,0,False,0.6119768779861507,20.45021416143184,2,-0.576730531991458,0.08091856646299929,False,0,False,0.5,0,2.200155586008039,2.6984924163219444,0.2930357621718676,3.5,0.34156502553198664,0.4076337385331202,False,3.360028584645306,5.704514522566386,0,3584,5,7,9,512.0,1.0,True,1
qwen,vision,NExTVideo_1000_3669067230,Compositional,3,0.9916270829969983,4,0.9867713069474896,278.7994123803978,0,False,25379.87219768647,16313348.697014362,2,-0.3975702485178524,0.2552331994668004,True,0,False,0.4,0,1.625214529578693,3.0638983144415803,1.379339215551528,1.5,-0.10910894511799618,0.7970385741881917,True,319.66313663589733,633.0940031955531,1,1280,1,1,2,1280.0,0.9999999999999999,True,1
qwen,projector,NExTVideo_1000_3669067230,Compositional,3,0.32291072110817165,4,0.299645200022076,10.953979962669031,0,False,7.39212754486414,86.14143969635236,2,-0.6605782590758164,0.03759926615332362,True,1,False,0.3,0,1.9252869592199287,2.124893571697443,0.11275701411833387,4.5,0.2909571869813232,0.4844624488127287,False,10.135071372524376,14.28693378562443,0,3584,7,8,9,448.0,1.0,True,1
qwen,hidden,NExTVideo_1000_3669067230,Compositional,3,0.9525625527987127,3,0.4486869202815866,52.86156224248809,0,False,178.68614957972662,327.03832507556893,1,0.25460601845034064,0.4777706590596935,False,0,False,0.7,1,1.9677606926280653,2.200722088817228,0.23290949278625864,0.5,-0.242464322484436,0.5628829267771582,True,39.03684921280721,58.18929279500678,1,3584,6,7,9,512.0,1.0,True,1
qwen,vision,NExTVideo_1000_3824469712,Geometric,6,0.9857136432852729,4,0.9821239621563865,203.47726334654422,0,False,17493.029774926857,13632518.621625632,8,-0.25460601845034064,0.4777706590596935,False,0,False,0.7,1,2.2020150698065617,3.0470533277926526,0.9242672513316029,1.5,-0.12049067317796998,0.7762570690924104,True,271.6344833850708,687.8716824325755,1,1280,1,1,3,1280.0,1.0000000000000002,True,1
qwen,projector,NExTVideo_1000_3824469712,Geometric,6,0.757319029489479,2,0.28739367330367394,11.075193702852383,0,False,7.000879698190568,24.33063238534824,1,-0.10397991115082295,0.7749872466410741,False,0,False,0.6,1,1.9291657057128044,2.2056567838963437,0.17563924255051006,5.5,0.4699136253940829,0.24002662706354738,False,10.944703603211206,14.079728596922319,0,3584,7,8,9,448.0,0.9999999999999998,True,1
qwen,hidden,NExTVideo_1000_3824469712,Geometric,6,0.011708030122041253,4,0.3298584162147407,2.773843537812623,0,False,0.408927180925977,5.845581098127235,1,-0.06728111897994425,0.8534869800138071,False,0,False,0.7,1,2.0151292783807424,2.360832920290968,0.26402762562332915,5.5,0.20483414440254896,0.6265435481779082,False,3.68594705246761,5.299423262044907,0,3584,6,8,9,448.0,0.9999999999999999,True,1
qwen,vision,NExTVideo_1000_4116558765,Geometric,6,0.8948711686427123,4,0.9942452646949098,106.7893925871445,0,False,65643.40276308297,12118716.082198586,4,0.2263092183870852,0.5295334397348499,False,0,False,0.6,1,2.6585640599718547,3.0993658532097936,0.8977040586044942,2.5,-0.14458880781356398,0.7326507408997529,False,762.0418623159417,1123.7093303365068,0,1280,1,1,1,1280.0,0.9999999999999999,True,1
qwen,projector,NExTVideo_1000_4116558765,Geometric,6,0.846780158022994,4,0.519306241789229,15.34684416276641,0,False,21.81646137236288,53.64873610405542,7,-0.15291163404532787,0.6732178199022388,True,0,False,0.6,1,1.994996186247512,2.1864969305610162,0.1370559310306359,1.5,0.06024533658898499,0.8873130218901896,True,13.147872489567385,16.06514972673472,1,3584,6,7,9,512.0,1.0000000000000002,True,1
qwen,hidden,NExTVideo_1000_4116558765,Geometric,6,0.9234984467246508,3,0.3625799243363746,1.414183323390885,0,False,0.15944997038134587,0.6276375462961037,7,-0.3975702485178524,0.2552331994668004,True,0,False,0.6,1,2.1176155270410044,2.474252354396662,0.2301065138561876,1.5,-0.4699136253940829,0.24002662706354738,True,1.79813096671357,2.2048050136336794,1,3584,6,7,9,512.0,1.0,True,1
qwen,vision,NExTVideo_1000_4227464140,Semantic,4,0.9995239746261744,4,0.9961440539612728,472.8321482262714,0,False,25888.880747964027,20017083.232427135,7,0.10430233025377429,0.774304654354067,False,0,False,0.5,0,1.946179563823692,3.064350796635137,1.1269647112078935,3.5,0.7319250547113999,0.03899827398782236,False,240.7412623316863,572.6234600891594,0,1280,1,1,1,1280.0,1.0,True,1
qwen,projector,NExTVideo_1000_4227464140,Semantic,4,0.22432372323308097,3,0.49479134515344764,5.768547277744982,0,True,1.9042686211638666,12.787566433444237,8,0.22087552289034557,0.5397245232079747,False,0,False,0.6,1,1.8040673777418015,2.0660940966459878,0.206939459720706,3.5,-0.14638501094227999,0.7294239249593866,False,4.793813199777884,6.538489089219796,0,3584,5,7,9,512.0,1.0000000000000002,True,1
qwen,hidden,NExTVideo_1000_4227464140,Semantic,4,0.3046285844929602,4,0.37517803446258524,10.146324591785774,0,False,8.821549609637843,82.69062099270555,5,-0.10430233025377429,0.774304654354067,True,0,False,0.9,1,1.7850284725349643,2.1061280563628957,0.23626700662124187,0.5,-0.5367450401216933,0.17018920126883436,True,16.867251952959585,21.213324781750067,1,3584,6,7,9,512.0,1.0000000000000002,True,1
qwen,vision,NExTVideo_1000_4405872555,Geometric,5,0.9945217678671363,3,0.99884480171145,289.57333097124706,0,False,234850.4792346905,22412980.08756829,8,-0.44175104578069113,0.2011896293949472,False,0,False,0.9,1,1.7924320731764292,3.0841327889136165,1.3041066375917831,2.5,-0.23034110636021415,0.5831437849827301,False,726.2750632246515,1349.0457646121376,0,1280,1,1,1,1280.0,1.0000000000000002,True,1
qwen,projector,NExTVideo_1000_4405872555,Geometric,5,0.3242038080142725,4,0.25811572691002743,7.209996149768789,0,False,3.3950883891971344,30.49723773031402,8,-0.5521888072258639,0.09790549661733505,False,0,False,0.8,1,1.98589596212337,2.35557721616539,0.26353973815934134,0.5,0.0848625128695526,0.841645075117969,True,10.618985302368696,13.549779294972458,1,3584,7,8,9,448.0,1.0,True,1
qwen,hidden,NExTVideo_1000_4405872555,Geometric,5,0.8477733819389065,2,0.5094683618508491,76.75840530326148,0,False,559.2322590792812,1258.2698192720466,4,-0.6319494127140443,0.04997508741133867,True,1,False,0.8,1,1.9220804266533564,2.1759560461295493,0.18648079254278274,1.5,-0.424312564347763,0.2947483403858767,True,67.08997312519772,89.0573766766048,1,3584,6,7,9,512.0,1.0000000000000002,True,1
qwen,vision,NExTVideo_1000_4550392934,Semantic,5,0.9928568905999084,3,0.9969759541204569,169.66060983495032,0,False,69292.2093923123,33362027.600761466,0,0.46015733935488656,0.18083317091172585,False,0,False,0.3,0,1.9750533866468527,3.0859325750345983,1.3661796278461986,0.5,-0.26671075473287964,0.5231267001703013,True,468.2334887541715,814.0217608379131,1,1280,1,1,1,1280.0,1.0000000000000002,True,1
qwen,projector,NExTVideo_1000_4550392934,Semantic,5,0.35756921464487634,4,0.3504543388390425,5.796152904698928,0,False,2.919471297347331,35.6119904099293,1,-0.10430233025377429,0.774304654354067,False,0,False,0.3,0,1.9326233930628094,2.2631485635425355,0.2310532628913952,4.5,0.3152036192297668,0.44697209677347505,False,9.547995681161222,14.065232434026134,0,3584,7,8,9,448.0,1.0,True,1
qwen,hidden,NExTVideo_1000_4550392934,Semantic,5,0.8691248998852742,3,0.5557416815137568,75.53701578048,0,False,554.8529688091487,702.8065973905545,1,-0.042948018339789416,0.9062243097567702,False,0,False,0.5,0,1.940267207528734,2.5759368836125716,0.30160896523359126,2.5,-0.060616080621109,0.8866229447346792,False,62.38982695427458,94.20470420433398,0,3584,5,6,9,597.3333333333334,1.0,True,1
qwen,vision,NExTVideo_1000_4638541063,Geometric,5,0.9996005336704193,3,0.9962880346129755,717.0923640753947,0,False,75350.48680450486,18854810.653510254,3,-0.12270862382796978,0.7355802870269528,False,0,False,0.9,1,1.5950783404799482,3.092476836577808,1.444109076278593,2.5,0.27883397085710143,0.5036528556919295,False,370.58701042957654,808.8148821356443,0,1280,1,1,1,1280.0,1.0000000000000002,True,1
qwen,projector,NExTVideo_1000_4638541063,Geometric,5,0.8703918923563999,3,0.479729338506902,9.442037601955493,0,False,8.580875350983678,16.110810435656152,2,-0.14111491740216522,0.6973850724458668,False,0,False,0.9,1,1.8925268017737293,2.2241974597795173,0.1463605498546327,2.5,-0.048492864496887195,0.9092183207331314,False,8.018069769431087,9.298442397310007,0,3584,6,8,9,448.0,1.0,True,1
qwen,hidden,NExTVideo_1000_4638541063,Geometric,5,0.03875889663311008,4,0.5630295942266789,19.444530738540102,0,False,25.47483777891134,110.17592956171741,1,-0.3619904402925108,0.30400466202339305,False,0,False,0.6,1,2.1068834299529735,2.7566346055391944,0.31027421321012866,4.5,0.181848241863327,0.6664768494099012,False,23.281809355516195,58.65205548418965,0,3584,4,6,9,597.3333333333334,1.0,True,1
qwen,vision,NExTVideo_1001_3098102850,Geometric,5,0.9943678044724924,4,0.9900014726347147,310.91048432782725,0,False,38077.84142785029,8506300.781747213,1,0.20860466050754858,0.5630215067923303,False,0,False,0.6,1,2.3940337526914006,3.08334145114313,0.9539610425579848,2.5,0.19397145798754878,0.6453232462877744,False,429.3700222687743,739.7985328939117,0,1280,1,1,1,1280.0,1.0,True,1
qwen,projector,NExTVideo_1001_3098102850,Geometric,5,0.7964822919804867,2,0.3469799199033305,13.061503216474378,0,False,13.89368926596226,57.07989015434784,2,-0.2945006971871274,0.4088058416972339,False,0,False,0.6,1,2.0231525889593964,2.3606397825303866,0.166198656959444,3.5,0.6304072384595336,0.093814882132277,False,15.879793248974986,21.661157890090568,0,3584,7,8,9,448.0,1.0,True,1
qwen,hidden,NExTVideo_1001_3098102850,Geometric,5,0.16809784293130908,3,0.3363682363140678,1.2569768140113773,0,False,0.11482197052200156,0.723480370468814,8,-0.3129069907613229,0.37868901667234744,False,0,False,0.3,0,1.9301432388244752,2.571219682277377,0.30456995903628625,2.5,-0.048492864496887195,0.9092183207331314,False,1.9159589374077242,2.5021300015604333,0,3584,6,7,9,512.0,1.0,True,1
qwen,vision,NExTVideo_1001_3249160519,Semantic,5,0.9446335346515128,4,0.993975476763855,80.39124428900939,0,False,32272.71732645113,14705163.033946738,7,-0.5521888072258639,0.09790549661733505,False,0,False,0.7,1,0.9780664303744948,2.9978231059446996,0.9608768722487039,1.5,0.44855899659620657,0.264957651788981,True,182.84417843064006,417.42467133803893,1,1280,1,1,1,1280.0,1.0000000000000002,True,1
qwen,projector,NExTVideo_1001_3249160519,Semantic,5,0.6250348683291493,3,0.2981706567867464,7.77621734391592,0,False,4.34767571999476,20.268884933799878,7,-0.3169365798342386,0.3722454257549504,False,0,True,1.0,1,1.9162786685353002,2.0475649132662657,0.06659641759046817,1.5,-0.3152036192297668,0.44697209677347505,True,9.509497768913457,10.59986072437602,1,3584,7,8,9,448.0,1.0,True,1
qwen,hidden,NExTVideo_1001_3249160519,Semantic,5,0.844830170718754,4,0.4121605512217557,23.098029017545144,0,False,49.059758381728706,360.34427134511157,1,0.44175104578069113,0.2011896293949472,False,0,False,0.5,0,1.9588539318383014,2.238264440753579,0.15141302920491062,0.5,-0.060616080621109,0.8866229447346792,True,22.98299852619436,41.23685890643667,1,3584,6,7,9,512.0,1.0,True,1
qwen,vision,NExTVideo_1101_2574374895,Semantic,5,0.9871752946438713,3,0.9870194426412888,339.96518093139,0,False,61321.91756805527,11501354.845153978,8,0.3865321650581048,0.26986858257602425,False,0,False,0.6,1,2.06051422045837,3.0258829096347304,1.0925346068225812,3.5,0.1454785934906616,0.7310518414346707,False,518.5138583144952,1032.8313753155799,0,1280,1,1,2,1280.0,1.0,True,1
qwen,projector,NExTVideo_1101_2574374895,Semantic,5,0.38184808261763054,4,0.41314686970675174,15.582523505117026,0,False,18.273288556288104,110.63204022714149,8,-0.10430233025377429,0.774304654354067,False,0,False,0.6,1,1.8873113085756383,2.1213996170803093,0.144284731175111,2.5,-0.0727392967453308,0.8640941349883787,False,19.141019900889894,27.92327970385204,0,3584,6,8,9,448.0,1.0,True,1
qwen,hidden,NExTVideo_1101_2574374895,Semantic,5,0.5278817662898445,4,0.4180175127776967,1.7434601792234645,0,False,0.3430298697333519,14.038352866436217,2,-0.4908344953118791,0.1497270348644938,False,0,False,0.6,1,1.9707816234951896,2.468427725981368,0.34788642775452955,1.5,-0.303080403105545,0.465565587468576,True,3.0460068967963245,4.3947331325932995,1,3584,6,7,9,512.0,1.0,True,1
qwen,vision,NExTVideo_1101_3483300439,Semantic,3,0.9958967504218299,3,0.9891943397683741,241.4656186862531,0,False,20201.108670574708,21701057.9497694,5,-0.042815257532691796,0.9065131248935338,False,0,False,0.9,1,2.42300663652469,3.0874432130336547,1.0121329622439057,1.5,0.5697911578384246,0.14035632687295957,True,396.89487267459276,737.183016424248,1,1280,1,1,2,1280.0,0.9999999999999999,True,1
qwen,projector,NExTVideo_1101_3483300439,Semantic,3,0.8766318020852265,2,0.3654675702764915,6.755072498283173,0,False,4.063782059550425,12.958875474697246,7,-0.033742966300647555,0.9262712461011889,False,0,False,0.8,1,1.9555699051956181,2.224195106828766,0.1293010376530801,3.5,0.012123216124221799,0.9772711968911272,False,7.096463745539477,8.514474402467643,0,3584,7,8,9,448.0,0.9999999999999998,True,1
qwen,hidden,NExTVideo_1101_3483300439,Semantic,3,0.3697202360138613,4,0.5364962666366029,1.2815611021460709,0,False,0.14196901124599443,6.432961316816074,4,-0.030582326809065575,0.9331636940621633,True,0,False,0.7,1,2.228467633889073,2.6153205956240053,0.298855197642844,0.5,-0.0363696483726654,0.9318670204387731,True,2.1710880392876444,3.1089378180325737,1,3584,5,7,9,512.0,1.0,True,1
qwen,vision,NExTVideo_1101_3812429626,Compositional,4,0.8351038035487677,4,0.9902796169433796,88.04067960297208,0,False,37582.99683775175,13122799.606399318,6,0.1533857797849622,0.67225190847117,False,0,False,0.9,1,1.941927918192041,3.080434477069145,1.1670469775877368,3.5,0.3903600291794133,0.3390301832455655,False,451.6653161480832,993.7094201901042,0,1280,1,1,1,1280.0,1.0000000000000002,True,1
qwen,projector,NExTVideo_1101_3812429626,Compositional,4,0.90534981686057,3,0.5433120810675724,12.608871145554097,0,False,20.323874141801817,31.682945181102127,6,-0.14111491740216522,0.6973850724458668,False,0,False,0.9,1,1.944715928752538,2.107612681899515,0.11936572134583556,3.5,0.43915503282683993,0.2763268401337456,False,11.417586817224311,13.56501160422287,0,3584,6,7,9,512.0,0.9999999999999999,True,1
qwen,hidden,NExTVideo_1101_3812429626,Compositional,4,0.9309352630047042,4,0.5769546991197332,1.6383922299545846,0,False,0.3033258447573118,6.595990923420503,4,-0.7976060548818034,0.0057042491734851245,True,1,False,0.6,1,2.087762886076737,2.3577350659620384,0.13817959119511203,1.5,0.048795003647426664,0.9086544876553411,True,1.5338997720542584,2.069005934130554,1,3584,5,6,9,597.3333333333334,1.0,True,1
qwen,vision,NExTVideo_1101_4542514917,Semantic,4,0.9903201458563854,4,0.9932185444189608,175.034406927536,0,False,22827.235297099112,19332014.367088463,3,0.018406293574195463,0.9597498710616379,True,0,False,0.9,1,1.3210119580173598,3.054845417478529,1.1878348969869408,2.5,-0.14638501094227999,0.7294239249593866,False,235.50946508350324,508.54545751946034,0,1280,1,1,1,1280.0,0.9999999999999999,True,1
qwen,projector,NExTVideo_1101_4542514917,Semantic,4,0.9242703292565146,1,0.5370332814773434,6.726864537783188,1,True,4.942095619904111,5.846399229513904,2,-0.5890013943742548,0.07319160667714436,False,1,False,0.9,1,1.8815228810656044,2.135439148233072,0.1433128120448971,1.5,-0.19518001458970666,0.6432255386372303,True,5.281332871769099,6.113880062006034,1,3584,6,7,9,512.0,1.0000000000000002,True,1
qwen,hidden,NExTVideo_1101_4542514917,Semantic,4,0.06208384283592486,4,0.7769005797504573,44.035928430101585,0,False,174.66188132399856,3792.0817412879273,8,-0.288365265995729,0.4190895266730382,False,0,False,0.6,1,1.59748281239846,2.6417103628347696,0.6371819447392223,3.5,0.5367450401216933,0.17018920126883436,False,80.31079268894214,147.20173550290698,0,3584,3,5,8,716.8,0.9999999999999998,True,1
qwen,vision,NExTVideo_1103_2831643292,Geometric,4,0.550423041904428,4,0.9894813596362657,43.16685420463201,0,False,10948.929974721603,6819930.525462002,4,-0.26382354123013496,0.4614050713614083,True,0,False,0.8,1,1.9668771910174385,3.0863396040763296,1.3756459177227833,0.5,-0.4879500364742666,0.2199438192418187,True,443.74602520209316,934.0539869323792,1,1280,1,1,2,1280.0,0.9999999999999999,True,1
qwen,projector,NExTVideo_1103_2831643292,Geometric,4,0.8192013760358721,3,0.3455792417241671,9.2307150560491,0,True,7.293404647894915,23.92146986929624,6,-0.2945006971871274,0.4088058416972339,False,0,False,0.9,1,1.961927628663442,2.1177273110404484,0.11307765710909126,0.5,-0.19518001458970666,0.6432255386372303,True,10.48017772763797,11.327094676805322,1,3584,7,8,9,448.0,1.0000000000000004,True,1
qwen,hidden,NExTVideo_1103_2831643292,Geometric,4,0.6139413806872649,4,0.8003465188566201,7.805609010966953,0,False,16.40769289220288,33.643256116736055,8,-0.27609440361293197,0.44001452222946114,False,0,False,0.8,1,2.0344648343117715,2.8328246126783463,0.3491155951085522,3.5,0.43915503282683993,0.2763268401337456,False,11.77583677000732,36.98782292147915,0,3584,2,4,7,896.0,1.0,True,1
qwen,vision,NExTVideo_1103_3441428429,Compositional,3,0.9966503788444299,4,0.9960525156309267,413.7354069563374,0,False,155617.03910692947,26329800.147296302,6,-0.07339758434175737,0.8403049467229717,False,0,False,0.6,1,2.576290691595259,3.102883181366349,0.9164163494884306,2.5,0.2545875386086578,0.54287360327434,False,845.1694741602681,2013.7896895332908,0,1280,1,1,1,1280.0,1.0,True,1
qwen,projector,NExTVideo_1103_3441428429,Compositional,3,0.21455811647147097,4,0.33492706488275936,7.585277849745605,0,False,4.231015681714604,28.58643722637554,3,-0.5321324864777409,0.11334981260374964,True,1,False,0.5,0,1.9530508462851428,2.2302592363236147,0.20881869569131364,2.5,0.4606822127204283,0.25065193511929695,False,12.016647348203923,16.731040539549664,0,3584,7,8,9,448.0,1.0,True,1
qwen,hidden,NExTVideo_1103_3441428429,Compositional,3,0.1885459804080688,4,0.8585297457050163,5.353584708089441,0,False,4.6176894384945495,132.73669926447727,1,-0.3914537831560393,0.2632875529923414,False,0,False,0.4,0,2.3788383854561443,2.9244595926341597,0.40942744337634046,2.5,-0.20609467411177057,0.6243753960778087,False,23.581485680744212,48.76571676018363,0,3584,2,4,7,896.0,1.0,True,1
qwen,vision,NExTVideo_1103_3650010049,Geometric,4,0.9328974611471872,4,0.9864379155940621,129.44277129492,0,False,28175.85634893109,22212269.656440657,6,-0.5583242384172624,0.09346396626964013,False,0,False,0.4,0,1.949684953331941,3.065280623238795,1.3029385947608212,1.5,0.19518001458970666,0.6432255386372303,True,382.05344177807996,861.7948410892624,1,1280,1,1,2,1280.0,1.0,True,1
qwen,projector,NExTVideo_1103_3650010049,Geometric,4,0.19605642075483454,3,0.29306038852975813,10.119982081111127,0,False,5.526162563268677,28.3157193713207,5,-0.8400357892693897,0.0023505618844995033,True,1,False,0.6,1,1.9757225780315353,2.124539437138586,0.09743325027548727,1.5,0.0,1.0,True,11.974427489549893,13.617967304743921,1,3584,7,8,9,448.0,1.0000000000000002,True,1
qwen,hidden,NExTVideo_1103_3650010049,Geometric,4,0.9191764768245445,3,0.5332359631877346,2.8553816790549287,0,False,1.1858189400825527,32.7836481247872,7,-0.28222983480433045,0.4294929705980839,False,0,False,0.4,0,2.065676555381354,2.520799094070496,0.32989410665981983,1.5,0.19518001458970666,0.6432255386372303,True,4.027896134127818,5.54753237443771,1,3584,5,6,8,597.3333333333334,1.0,True,1
qwen,vision,NExTVideo_1104_4760431362,Geometric,4,0.996064682039686,3,0.9957824360363959,281.33859532099206,0,False,54671.53723381945,15308924.544042915,5,-0.37426130267530777,0.2866631890735267,True,0,False,0.6,1,1.5925615491188472,3.087159724924433,1.4274228316897617,0.5,-0.34156502553198664,0.4076337385331202,True,390.0666150730931,943.7213754382757,1,1280,1,1,1,1280.0,1.0000000000000002,True,1
qwen,projector,NExTVideo_1104_4760431362,Geometric,4,0.4266025565640519,4,0.3233261055782438,7.095817726613694,0,False,3.837507299362785,31.65116434551664,7,-0.20616262960091247,0.5677034227871087,False,0,False,0.4,0,1.9412409594804385,2.167940519337468,0.13519127728517813,3.5,0.3903600291794133,0.3390301832455655,False,11.204145289545934,13.1490633525642,0,3584,7,8,9,448.0,0.9999999999999998,True,1
qwen,hidden,NExTVideo_1104_4760431362,Geometric,4,0.6158418564828665,2,0.3641793525711186,1.117325202636422,0,False,0.14353899616438986,4.8928991176162455,7,-0.5092407888860745,0.13274267581496021,False,0,False,0.6,1,1.9537327390729877,2.378981094079747,0.22874899665990953,2.5,-0.29277002188455997,0.48161781431215467,False,1.9024529231039198,2.5774695452704544,0,3584,6,7,9,512.0,1.0000000000000002,True,1
qwen,vision,NExTVideo_1104_4839268164,Semantic,4,0.9918525059712647,4,0.9956173864699753,262.77373732162687,0,False,86154.07529298919,17441577.477561884,9,0.26382354123013496,0.4614050713614083,False,0,False,0.7,1,1.9442801699191608,3.054431668136132,1.374171241591373,2.5,-0.09759000729485333,0.818177202735276,False,487.48335867634074,799.7579316866448,0,1280,1,1,1,1280.0,0.9999999999999999,True,1
qwen,projector,NExTVideo_1104_4839268164,Semantic,4,0.8573912287980038,4,0.4192777440355236,10.47909341967425,0,False,12.53367426297344,84.06993621130378,7,-0.4769433968379319,0.1633767765173916,False,0,False,0.7,1,1.8508653315624308,2.2761686935826178,0.22420425939704874,3.5,0.8295150620062534,0.010857954728721145,False,10.878180806359186,13.042693319051724,0,3584,6,7,8,512.0,1.0,True,1
qwen,hidden,NExTVideo_1104_4839268164,Semantic,4,0.844073391353048,4,0.37308021612958875,15.391525459206658,0,False,23.228507527725885,83.63728979097442,8,-0.036812587148390925,0.9195815051321452,False,0,False,0.6,1,2.0379736986286323,2.6984470153333855,0.3625825738798182,3.5,0.8295150620062534,0.010857954728721145,False,20.40539520597382,36.59778766466985,0,3584,6,7,9,512.0,0.9999999999999999,True,1
qwen,vision,NExTVideo_1104_5508995205,Compositional,4,0.9994475606093551,3,0.9969582034434697,761.1876946074892,0,False,116607.29021681845,25457199.824203286,5,-0.6503557062882397,0.04174882166639041,True,1,False,0.6,1,1.3510907079773045,3.0909777252422805,1.2800115828243586,0.5,0.14638501094227999,0.7294239249593866,True,457.34582425980824,1249.9274719966684,1,1280,1,1,1,1280.0,1.0000000000000004,True,1
qwen,projector,NExTVideo_1104_5508995205,Compositional,4,0.0012129529866952405,2,0.2840351314896566,7.3752552093901045,0,False,3.823414453527878,37.36615880637622,5,-0.6246419971490333,0.05351930069537074,True,1,False,0.4,0,2.038631838163135,2.395767843066323,0.20758569953054656,1.5,-0.2439750182371333,0.560375584963329,True,11.851528400810146,14.281075088950208,1,3584,7,8,9,448.0,1.0000000000000002,True,1
qwen,hidden,NExTVideo_1104_5508995205,Compositional,4,0.3592344500613853,4,0.4906995288292922,1.1741620395292474,0,False,0.17253129864576716,3.1887835461472656,4,-0.766928898924811,0.00963835937752333,True,1,False,0.5,0,2.0946672957689314,2.475886974836512,0.4304847933547173,1.5,-0.19518001458970666,0.6432255386372303,True,2.580125736660709,3.5654511383868144,1,3584,5,7,9,512.0,0.9999999999999998,True,1
qwen,vision,NExTVideo_1105_2623764605,Geometric,3,0.8828461882337435,4,0.9729586179450418,82.07089939511539,0,False,16082.541509447736,8085916.401186508,1,0.4036867138796655,0.2473172208874933,False,0,False,0.5,0,2.4807558711055764,3.06783829409278,0.7129199798152408,3.5,0.8607483448197478,0.0060651932752973465,False,448.0741213285653,801.7849075242484,0,1280,1,1,4,1280.0,1.0,True,1
qwen,projector,NExTVideo_1105_2623764605,Geometric,3,0.4950984044418381,4,0.3901484825705206,11.553591833358466,0,False,11.031610327212679,53.42525299501209,4,-0.752325239503013,0.01205700503627184,True,1,False,0.5,0,1.9508908179667577,2.171509095015924,0.1306525972068596,2.5,0.47280542884465016,0.23674621695900244,False,14.993289319532671,17.4370913271139,0,3584,7,8,9,448.0,1.0,True,1
qwen,hidden,NExTVideo_1105_2623764605,Geometric,3,0.4256013585837016,4,0.35823307316680314,2.999120263366993,0,False,0.6157271510084831,12.67408015022521,2,-0.4893172289450492,0.15118300286238157,True,0,False,0.4,0,2.066830408141593,2.291758898639948,0.20045034561905958,1.5,-0.024246432248443597,0.9545557541696634,True,4.082071486155156,4.935645291567061,1,3584,6,7,9,512.0,1.0000000000000002,True,1
qwen,vision,NExTVideo_1105_4375052499,Compositional,4,0.9985467622724227,4,0.9970023334415885,436.7933977640064,0,False,69946.82522846932,20254589.571325064,8,0.042948018339789416,0.9062243097567702,False,0,False,0.4,0,2.1528141537595515,3.09241625888008,0.9807599371104773,0.5,-0.19518001458970666,0.6432255386372303,True,464.5998973329391,965.1106603335863,1,1280,1,1,1,1280.0,0.9999999999999999,True,1
qwen,projector,NExTVideo_1105_4375052499,Compositional,4,0.10106286353410696,3,0.2699027009947579,7.1285956046307195,0,False,3.031691260537623,58.962644162410164,4,-0.6369502138416252,0.04764189181825497,True,1,False,0.5,0,2.001263747399031,2.1127771569081437,0.05382229600780954,3.5,0.5855400437691199,0.12724658986372073,False,10.095354537697757,10.89432748599947,0,3584,7,8,9,448.0,0.9999999999999999,True,1
qwen,hidden,NExTVideo_1105_4375052499,Compositional,4,0.8477893010355506,4,0.3611071538035228,5.961356734081947,0,False,2.900473125996144,13.716805871816339,1,-0.14111491740216522,0.6973850724458668,False,0,False,0.6,1,2.0600063290041195,2.356715931901,0.2155359077013916,3.5,0.6831300510639733,0.06183472987214335,False,7.13901506862682,11.31821344835891,0,3584,7,8,9,448.0,1.0,True,1
qwen,vision,NExTVideo_1105_6253141636,Geometric,4,0.9995379846893921,4,0.993761647144867,927.0253267977168,0,False,94160.49647439911,17735698.667219575,1,-0.41720932101509717,0.23030967966390767,False,0,False,0.5,0,2.1177393862739553,3.0175435562704083,1.1369786354050924,2.5,-0.2439750182371333,0.560375584963329,False,361.9631897413183,884.7014697252448,0,1280,1,1,1,1280.0,1.0000000000000002,True,1
qwen,projector,NExTVideo_1105_6253141636,Geometric,4,0.0344000131629551,4,0.4488518130471287,10.699047984152234,0,False,6.43489126840201,83.52129769951313,1,-0.5521888072258639,0.09790549661733505,False,0,False,0.5,0,1.8306901320087872,2.255127560709073,0.19421875251366869,3.5,0.2439750182371333,0.560375584963329,False,13.982347428553174,23.779595018639984,0,3584,6,7,9,512.0,1.0,True,1
qwen,hidden,NExTVideo_1105_6253141636,Geometric,4,0.8500794638567888,3,0.5624802292307249,1.9663973322994956,0,False,0.40789665957631926,3.951133325300232,3,-0.9203146787097731,0.00016008322568146865,True,1,False,0.5,0,1.6882091396490837,1.9488670666906744,0.15245086808876393,2.5,0.048795003647426664,0.9086544876553411,False,1.7475484360117344,2.1709034715949502,0,3584,5,6,8,597.3333333333334,1.0000000000000004,True,1
qwen,vision,NExTVideo_1105_6709738709,Semantic,4,0.9995194932549902,1,0.9978840412864545,609.037588096793,1,False,118969.71169830157,10146680.497455176,7,0.04000170425092332,0.9126361554690838,False,0,False,0.6,1,1.0513263708156164,3.0489346446075207,1.1309976719917731,2.5,0.6343350474165467,0.09116266392027382,False,359.7912181843481,1026.180613070229,0,1280,1,1,1,1280.0,1.0,True,1
qwen,projector,NExTVideo_1105_6709738709,Semantic,4,0.8285197286704306,4,0.3407595705709711,11.654756433607165,0,False,12.524351597804237,109.97329538340493,1,-0.3681258714839093,0.2952659657377438,False,0,False,0.5,0,2.043752878925519,2.3161604054185694,0.16676028704071666,2.5,0.5367450401216933,0.17018920126883436,False,15.593964065930884,20.4241564709384,0,3584,7,8,9,448.0,1.0000000000000002,True,1
qwen,hidden,NExTVideo_1105_6709738709,Semantic,4,0.6785330367142617,4,0.3866610928729438,1.3778875333460305,0,False,0.1867860778913007,0.7814204093380154,7,-0.32517785314411984,0.3592376707147828,False,0,False,0.3,0,2.0644578860383684,2.571886535633802,0.2690931934519476,2.5,0.43915503282683993,0.2763268401337456,False,2.110476593209925,3.332863401493628,0,3584,6,7,9,512.0,1.0,True,1
qwen,vision,NExTVideo_1106_2797596111,Compositional,4,0.9886872919899714,3,0.9958690594365002,222.25738619207516,0,False,82819.779355901,21981694.982099276,5,-0.6687619998624351,0.0344851886232837,True,1,False,0.4,0,2.241370825095973,3.052031912713588,1.0727250789121743,0.5,0.19518001458970666,0.6432255386372303,True,456.2354065299531,1190.0264796513286,1,1280,1,1,1,1280.0,1.0,True,1
qwen,projector,NExTVideo_1106_2797596111,Compositional,4,0.5121652919596773,2,0.34585167817276147,7.998016799215385,0,False,4.38939486453368,55.988145611027065,7,0.37232355495090164,0.289365460889683,False,0,False,0.5,0,1.9065446997902324,2.317194491641219,0.2006010234447726,2.5,-0.14638501094227999,0.7294239249593866,False,9.791381999875766,13.791836452749083,0,3584,7,8,9,448.0,1.0,True,1
qwen,hidden,NExTVideo_1106_2797596111,Compositional,4,0.001124124640801057,4,0.3847746515491219,3.815163141297083,0,False,0.9029013852857706,18.913097561475436,3,-0.1472503485935637,0.6847836760627853,True,0,False,0.7,1,1.938195530364224,2.252210853566203,0.2122161548126525,2.5,-0.048795003647426664,0.9086544876553411,False,7.6433734722060835,10.687269950757466,0,3584,7,8,9,448.0,1.0,True,1
qwen,vision,NExTVideo_1106_3459862895,Semantic,4,0.9962128046935426,4,0.992824919544846,535.6313565540206,0,False,70249.51285022676,15524271.13685152,2,-0.18406293574195465,0.6107283046711561,False,0,False,0.7,1,1.5933998891237615,3.0116628418263445,1.0496036507555557,1.5,0.0,1.0,True,412.4803970116479,719.6062045551893,1,1280,1,1,1,1280.0,1.0,True,1
qwen,projector,NExTVideo_1106_3459862895,Semantic,4,0.8627621833041368,2,0.3537780212672313,12.300871082833616,0,False,13.514056733065917,38.727067831769546,3,-0.5815632387249622,0.07781542473579885,True,1,False,0.9,1,1.88397494040604,2.0361670593169476,0.08787965095411174,3.5,0.5855400437691199,0.12724658986372073,False,12.207753227878008,14.816748454173446,0,3584,6,8,9,448.0,0.9999999999999999,True,1
qwen,hidden,NExTVideo_1106_3459862895,Semantic,4,0.07387856876334284,4,0.7586265554698881,3.181117253828209,0,False,0.841687677147176,62.99509833280034,4,-0.19019836693335312,0.5986683040717657,True,0,False,0.4,0,2.1088020726385532,2.9914028248283757,0.4063551517538048,0.5,-0.048795003647426664,0.9086544876553411,True,16.944316767523702,41.41431029451623,1,3584,3,4,7,896.0,1.0,True,1
qwen,vision,NExTVideo_1106_4229009987,Semantic,3,0.9903470785431586,4,0.9944530041504122,316.48652832228663,0,False,54998.43026953629,18256964.109105367,1,0.28135740664340325,0.43098191942183417,False,0,False,0.8,1,1.966691435118206,3.0452359755224787,1.1875120101730046,0.5,-0.060616080621109,0.8866229447346792,True,338.9964149125369,1051.216242982928,1,1280,1,1,1,1280.0,1.0,True,1
qwen,projector,NExTVideo_1106_4229009987,Semantic,3,0.9081308930459341,1,0.44004955479619495,12.275367710607501,0,False,11.17989851102119,42.86097980690995,1,0.3364055948997212,0.341889773309019,False,0,False,0.9,1,1.9136999808516186,2.085055758396267,0.125947059573074,1.5,-0.424312564347763,0.2947483403858767,True,9.127184151046254,11.272159575337735,1,3584,6,8,9,448.0,1.0000000000000002,True,1
qwen,hidden,NExTVideo_1106_4229009987,Semantic,3,0.010662391418528582,4,0.32380840025777297,14.281040783381085,0,False,12.976869668203463,116.85266223735134,8,-0.14679516868351475,0.6857161990853948,False,0,False,0.5,0,2.0802554336484977,2.418937859569077,0.19575331395395862,4.5,0.32732683535398854,0.4286915072353138,False,20.384669765796914,33.884761915239594,0,3584,6,8,9,448.0,1.0000000000000002,True,1
qwen,vision,NExTVideo_1106_6016405951,Compositional,4,0.9991356159738227,3,0.9946572929607396,923.6377132727878,0,False,97475.2583619157,15058992.413996434,2,-0.47856363292908205,0.1617476342499189,False,0,False,0.6,1,2.3138005863077997,3.043954277165288,1.0270453917986064,2.5,-0.14638501094227999,0.7294239249593866,False,619.3924832108612,1233.5175563587059,0,1280,1,1,1,1280.0,1.0,True,1
qwen,projector,NExTVideo_1106_6016405951,Compositional,4,0.8797121170763027,2,0.5092548626560347,13.978748837977092,0,False,19.869940432540055,64.69327118841787,2,-0.6258139815226458,0.0529399859378366,False,0,False,0.6,1,1.9827534249050431,2.254509166289559,0.17369396612664179,2.5,0.34156502553198664,0.4076337385331202,False,13.119298921654263,18.804572696070707,0,3584,6,7,9,512.0,0.9999999999999999,True,1
qwen,hidden,NExTVideo_1106_6016405951,Compositional,4,0.9235533587935375,4,0.4143406663138391,174.82167114408972,0,False,3181.0727004368446,5634.9728186006405,3,-0.7730643301162096,0.008732706886994769,True,1,False,0.4,0,1.9549723020059293,2.2365464974457376,0.22793140018217825,2.5,-0.29277002188455997,0.48161781431215467,False,199.39445021780875,272.213104218891,0,3584,6,7,9,512.0,1.0,True,1
qwen,vision,NExTVideo_1106_7828681900,Geometric,4,0.39998328871119093,3,0.9903518027993778,35.1702581091655,0,False,5857.020285796487,2169177.831980439,2,0.1472503485935637,0.6847836760627853,False,0,False,0.5,0,2.0821619643512213,3.0454207512717075,1.0588605678504361,3.5,0.5367450401216933,0.17018920126883436,False,429.59797591850673,873.5403921532431,0,1280,1,1,1,1280.0,1.0,True,1
qwen,projector,NExTVideo_1106_7828681900,Geometric,4,0.022891186239028416,4,0.23825684051957668,10.570193234542005,0,False,5.999946904936524,49.610350048867545,3,-0.7853351924990064,0.007104492891121906,True,1,False,0.4,0,2.0246408598723216,2.462247025359893,0.22702126791364358,2.5,0.0,1.0,False,15.274863152254119,17.920107531580033,0,3584,7,8,9,448.0,1.0000000000000002,True,1
qwen,hidden,NExTVideo_1106_7828681900,Geometric,4,0.4927095190219667,4,0.49697504211819854,1.9080994350797769,0,False,0.37191143836242246,7.2697195454553505,3,-0.5460533760344654,0.10247883425571196,True,1,False,0.5,0,1.96771982677431,2.4829269839082517,0.41418494216728563,2.5,0.29277002188455997,0.48161781431215467,False,3.298326713268428,4.40667683654636,0,3584,6,7,9,512.0,0.9999999999999998,True,1
qwen,vision,NExTVideo_0051_2400074985,Geometric,6,0.9987599982367866,4,0.9926181960681812,509.8205797924089,0,False,36328.3672932832,21394641.244277585,8,-0.05504818825631803,0.8799463279714843,False,0,False,0.7,1,1.603130766948733,3.0700698682018746,1.402782885491664,0.5,-0.21688321172034594,0.6059163036901004,True,322.74863626650836,806.2617427686349,1,1280,1,1,1,1280.0,1.0,True,1
qwen,projector,NExTVideo_0051_2400074985,Geometric,6,0.7694231359311346,3,0.2958409831376127,7.935598506321412,0,False,4.4838545924788065,19.384297059597365,2,0.10122889890194266,0.7808170077741129,False,0,False,0.8,1,1.8927463445289967,2.0315479370276415,0.0961065030719497,4.5,-0.20483414440254896,0.6265435481779082,False,9.054294453581205,11.323092924032911,0,3584,7,8,9,448.0,1.0000000000000002,True,1
qwen,hidden,NExTVideo_0051_2400074985,Geometric,6,0.4038450533418644,4,0.4336299773510454,0.9358042599325403,0,False,0.10176631807853802,4.672377691316411,1,0.21166042497678922,0.5571839844255186,False,0,False,0.4,0,1.9090379453567177,2.386655505063063,0.2645962695359686,1.5,0.4458154907584889,0.26825005020123804,True,1.3163801817850476,2.2286566819725757,1,3584,5,6,8,597.3333333333334,0.9999999999999999,True,1
qwen,vision,NExTVideo_0051_3702633786,Geometric,5,0.9983085070594897,4,0.9852678117172309,605.7978712095121,0,False,31757.92141762042,16145028.556354102,6,-0.3926675962495032,0.2616781862729173,True,0,False,0.6,1,2.2407779093169804,3.0168824611682297,1.1121716727041795,0.5,-0.21821789023599236,0.6036450565101363,True,302.0258284733382,565.9794887174645,1,1280,1,1,2,1280.0,0.9999999999999998,True,1
qwen,projector,NExTVideo_0051_3702633786,Geometric,5,0.7807863925069847,3,0.4694014546838334,13.367172802216123,0,False,15.150879662671096,98.7817327606351,1,-0.3558550091011123,0.3128784013353107,False,0,False,0.9,1,1.9652759554804848,2.3124183269079324,0.18291066034626433,4.5,0.3758196998508757,0.35887779967800476,False,12.502150616643867,15.10835383258184,0,3584,7,8,9,448.0,1.0,True,1
qwen,hidden,NExTVideo_0051_3702633786,Geometric,5,0.8342684331769614,3,0.5289961687623587,19.827100216605945,0,False,42.272293916086355,135.8322952529133,8,-0.5337825136516684,0.11202516929143758,False,0,False,0.7,1,2.0306915627452056,2.4878064675638942,0.270671119836393,2.5,0.1454785934906616,0.7310518414346707,False,21.040230971884977,33.69933581613877,0,3584,6,7,9,512.0,1.0,True,1
qwen,vision,NExTVideo_0051_6783561967,Geometric,3,0.999748525280712,3,0.9985254890812681,1077.1936856896718,0,False,190767.11678407533,19206951.106880605,4,-0.1380394075935582,0.7037271450967266,True,0,False,0.6,1,2.376825538604076,3.109858430150848,1.1783974967407738,0.5,-0.9334876415650787,0.0006994018492109827,True,765.3918272783189,1508.9963832595413,1,1280,1,1,1,1280.0,1.0000000000000002,True,1
qwen,projector,NExTVideo_0051_6783561967,Geometric,3,0.9454274112436629,4,0.3962261576880656,11.347927572009315,0,False,9.532424436148448,18.50029991813522,1,-0.324172664176095,0.36081187818154487,False,0,False,0.6,1,2.1166727322234746,2.623846918744417,0.2094221578375311,2.5,-0.0727392967453308,0.8640941349883787,False,10.705808416797373,16.77595305589306,0,3584,6,7,9,512.0,1.0,True,1
qwen,hidden,NExTVideo_0051_6783561967,Geometric,3,0.5284484536614085,4,0.46789818494006724,26.447280034008756,0,False,75.45784655507717,639.441666284688,8,0.3975702485178524,0.2552331994668004,False,0,False,0.7,1,2.1567643348522747,2.7110340731673817,0.33183872212499965,2.5,0.121232161242218,0.7749070997119826,False,38.06709734075502,74.63564361381285,0,3584,5,6,8,597.3333333333334,1.0000000000000002,True,1
qwen,vision,NExTVideo_0051_8697708107,Geometric,5,0.9982512665234364,4,0.9930837230236211,528.0764730891665,0,False,74487.43742513185,11731305.393051004,7,-0.34358414671831533,0.3310271874402453,False,0,False,0.7,1,2.647823528530872,3.0610155135942985,0.9130505394874174,1.5,0.19397145798754878,0.6453232462877744,True,658.1032463167937,1010.4727961127633,1,1280,1,1,1,1280.0,1.0000000000000002,True,1
qwen,projector,NExTVideo_0051_8697708107,Geometric,5,0.7936534994675007,3,0.38140630027909517,12.141122739054586,0,True,16.208549716724264,50.95067433123669,7,-0.5153762200774729,0.12735809092369935,False,1,False,0.9,1,1.9517823141790829,2.1808403906850646,0.1572123405119696,4.5,0.6182840223353118,0.10227853298592701,False,14.919520775477547,21.61614817039497,0,3584,6,8,9,448.0,1.0,True,1
qwen,hidden,NExTVideo_0051_8697708107,Geometric,5,0.275422658861468,4,0.6097001184647836,9.657655641199227,0,False,11.304336607474202,108.89883159125392,7,0.012270862382796975,0.9731615299585203,False,0,False,0.4,0,2.1701269364717803,2.865629270200744,0.4896624779347935,1.5,0.0,1.0,True,23.718756335756268,45.76591591639942,1,3584,4,6,8,597.3333333333334,1.0000000000000002,True,1
qwen,vision,NExTVideo_0051_11585666326,Geometric,5,0.7824232051335077,4,0.9956948179405702,36.40319296598919,0,False,31591.62169757632,14725162.627995748,5,-0.1472503485935637,0.6847836760627853,True,0,False,0.4,0,2.5155606279338785,3.077970057739816,0.5735259466137625,2.5,-0.6182840223353118,0.10227853298592701,False,415.71387030521026,800.8389760586367,1,1280,1,1,1,1280.0,1.0,True,1
qwen,projector,NExTVideo_0051_11585666326,Geometric,5,0.6621031233279701,4,0.34873650137187256,6.633112415640565,0,False,4.136851857070198,26.250859013075768,4,-0.4646351801453401,0.17607325806800156,True,0,False,0.4,0,1.8500140363809554,2.051094236333299,0.13716489634595372,4.5,0.3152036192297668,0.44697209677347505,False,8.374939204280007,9.938416234404457,0,3584,7,8,9,448.0,0.9999999999999997,True,1
qwen,hidden,NExTVideo_0051_11585666326,Geometric,5,0.8544401163269549,3,0.4918702252867987,2.8757547397334347,0,False,1.0975944692888335,5.331620790126647,4,-0.9448564034753671,3.783782047430694e-05,True,1,False,0.6,1,1.7967733960907597,2.569700371694223,0.3450418240031992,1.5,0.181848241863327,0.6664768494099012,True,3.217639381406916,4.99611264905952,1,3584,6,7,9,512.0,1.0,True,1
qwen,vision,NExTVideo_0052_5455648195,Semantic,4,0.9690203233016307,3,0.9975013911567024,148.6354281588241,0,False,121613.34925279026,15199606.029589012,7,0.16565664216775916,0.6474077386053476,False,0,False,0.6,1,1.3381265376888907,3.094200716832399,1.3509010983023269,3.5,0.5367450401216933,0.17018920126883436,False,436.6767160495989,1209.2901440234534,0,1280,1,1,1,1280.0,0.9999999999999998,True,1
qwen,projector,NExTVideo_0052_5455648195,Semantic,4,0.5328627575660128,4,0.2935950602685034,9.551458732684155,0,False,5.831044504937809,22.19196017839395,1,-0.02454172476559395,0.9463472996802752,False,0,False,0.7,1,1.9944059144120816,2.375414797739195,0.18810184752063386,3.5,0.8295150620062534,0.010857954728721145,False,11.125897027132464,19.824416040008447,0,3584,7,8,9,448.0,1.0,True,1
qwen,hidden,NExTVideo_0052_5455648195,Semantic,4,0.7303726137053267,3,0.44362869616749645,16.830660225850973,0,False,26.571732459931678,99.93344095608657,1,0.3129069907613229,0.37868901667234744,False,0,False,0.6,1,2.1068745802292597,2.495146765294447,0.2640677286274342,3.5,0.6343350474165467,0.09116266392027382,False,21.257540169802965,32.78867863883039,0,3584,6,7,9,512.0,1.0,True,1
qwen,vision,NExTVideo_0052_10041199716,Semantic,6,0.9971802201560865,4,0.9963910479594472,297.3477824219492,0,False,44358.944946590826,12493295.432466408,4,0.04893172289450491,0.8932177710786016,False,0,False,0.8,1,2.68393996491203,3.09865066521441,0.921962075294895,1.5,-0.7229440390678199,0.04273152349785686,True,516.3491999908912,885.3939761433289,1,1280,1,1,1,1280.0,1.0,True,1
qwen,projector,NExTVideo_0052_10041199716,Semantic,6,0.8655291403761729,1,0.32017405497600493,7.103470560278808,0,True,4.489691103812856,13.018879508277436,1,-0.12576923802968634,0.7291904696052085,False,0,True,1.0,1,1.9483129070687073,2.1056812551208677,0.11025735789985742,1.5,-0.16868694244915797,0.689660806707391,True,7.963407125959268,9.287447116252546,1,3584,7,8,9,448.0,1.0,True,1
qwen,hidden,NExTVideo_0052_10041199716,Semantic,6,0.9962780054508691,3,0.9279784748289217,40.90365523094718,0,False,150.51469655105777,15.17526290964688,5,0.1345622379598885,0.7109173320834505,True,0,False,0.6,1,1.9126967712255016,2.3175198383677627,0.40498680109593854,4.5,0.30122668294492494,0.46843563689690226,False,12.24830508279133,42.34238502190786,0,3584,1,2,6,1792.0,0.9999999999999999,True,1
qwen,vision,NExTVideo_0053_3701610241,Semantic,5,0.9997072407024847,3,0.9963884074046696,1054.5339488407951,0,False,110859.76493167835,19991809.082495283,5,0.3681258714839093,0.2952659657377438,True,0,False,0.8,1,1.9388289202086206,3.064709974776365,1.3299553624610443,0.5,-0.6182840223353118,0.10227853298592701,True,405.798946309346,793.2600855734863,1,1280,1,1,1,1280.0,1.0,True,1
qwen,projector,NExTVideo_0053_3701610241,Semantic,5,0.8899448332303845,3,0.48434417586091616,13.214935176185373,0,False,13.830277669157008,25.321373182920787,1,-0.21474009169894706,0.5513247480759309,False,0,False,0.9,1,1.932279155963175,2.187449480813245,0.1519909142524542,0.5,-0.8607483448197478,0.0060651932752973465,True,10.41289669418858,13.391006259160159,1,3584,6,8,9,448.0,1.0000000000000002,True,1
qwen,hidden,NExTVideo_0053_3701610241,Semantic,5,0.9723877195685374,2,0.43716245947851806,3.550771998123449,0,False,0.8722302245838647,22.890570302275556,5,-0.4294801833978941,0.2154674316166876,True,0,False,0.4,0,1.9796367620639437,2.5871505959736676,0.31845816320303616,0.5,-0.3152036192297668,0.44697209677347505,True,2.8923615247215104,4.605132290131094,1,3584,6,7,9,512.0,0.9999999999999998,True,1
qwen,vision,NExTVideo_0053_5599511471,Semantic,6,0.9622457932984749,3,0.9942714826907049,133.30635726966275,0,False,67175.18973026467,22055588.830782205,8,-0.024465861447252456,0.9465129519395425,False,0,False,0.6,1,2.2237399424172777,3.1163951088984856,0.8531932520210054,1.5,0.07229440390678199,0.8649195587700265,True,604.3835800798407,1945.4000082203447,1,1280,1,1,1,1280.0,0.9999999999999999,True,1
qwen,projector,NExTVideo_0053_5599511471,Semantic,6,0.8743471271278711,4,0.576448726993641,9.920257673907967,0,False,14.754532979477258,90.66654755186865,5,-0.5260160211159278,0.11834549412396903,True,1,False,0.5,0,2.012533786752628,2.1308127789279445,0.10819577342617344,0.5,-0.36147201953390995,0.3789640738097752,True,10.482084563594487,13.864894517857852,1,3584,6,7,9,512.0,0.9999999999999998,True,1
qwen,hidden,NExTVideo_0053_5599511471,Semantic,6,0.5595247661223534,4,0.3658156247971799,81.42459951104041,0,False,765.1779594075307,3560.4254973281872,1,0.1834939608543934,0.6118510379338833,False,0,False,0.5,0,2.181956239036472,2.42677660471089,0.16260157746908324,5.5,0.036147201953390995,0.9322830115259056,False,135.90130224330903,165.62873254774587,0,3584,6,7,9,512.0,1.0,True,1
qwen,vision,NExTVideo_0054_2971876369,Compositional,4,0.9986234956715477,2,0.9937798136693677,477.5702332933842,0,False,53318.62911792003,16684164.219762197,8,-0.17179207335915767,0.6351004923795485,False,0,False,0.8,1,1.4327100600617393,3.0153848163214216,1.2107686229457968,3.5,0.4879500364742666,0.2199438192418187,False,209.99354430602466,491.7423629248424,0,1280,1,1,1,1280.0,1.0000000000000002,True,1
qwen,projector,NExTVideo_0054_2971876369,Compositional,4,0.9240252182885856,1,0.5300969284411864,14.205409224703198,1,False,21.40125386515335,29.1711679086035,2,-0.5705951008000594,0.08497172598894799,False,0,False,0.8,1,1.8699282127524248,2.1837313398184124,0.21736775244995343,2.5,0.6831300510639733,0.06183472987214335,False,11.32537111074653,17.326335331649933,0,3584,6,7,9,512.0,1.0,True,1
qwen,hidden,NExTVideo_0054_2971876369,Compositional,4,0.9290908463045808,4,0.44246748131532754,1.7477676367571058,0,False,0.304080877740512,0.8455416176721583,1,-0.4356156145892926,0.20825788700156508,False,0,False,0.5,0,1.9725763996702113,2.600199063289553,0.3647637312614611,3.5,0.43915503282683993,0.2763268401337456,False,1.767756149596426,3.2355240313871008,0,3584,5,7,9,512.0,1.0,True,1
qwen,vision,NExTVideo_0054_11276956514,Compositional,6,0.9982574024590044,3,0.9957848459455663,489.1860091923089,0,False,55814.61257117919,21531001.744400352,8,-0.36087145634697376,0.30561301849615596,False,0,False,0.9,1,2.310080393766808,3.099669007391332,1.2667895113432792,2.5,-0.19278507708475195,0.6473844523388663,False,577.8190520931811,1053.593318883941,0,1280,1,1,1,1280.0,1.0,True,1
qwen,projector,NExTVideo_0054_11276956514,Compositional,6,0.7831157830509381,2,0.4149149868201409,7.7580091617637335,0,False,5.607785388091531,57.37608092462932,7,-0.1773774954925803,0.6239659715480919,True,0,False,0.7,1,1.8881051471090817,2.2816930818849332,0.15945698230501826,0.5,-0.5663061639364588,0.1433540530104835,True,7.925650935611697,10.505972041415617,1,3584,6,8,9,448.0,1.0,True,1
qwen,hidden,NExTVideo_0054_11276956514,Compositional,6,0.8078728811984929,4,0.6477887612109487,91.24807264112627,0,False,1147.51950389978,1634.1250074004558,2,-0.18961042621620655,0.5998202354260891,False,0,False,0.6,1,2.064114145387559,2.5716314266322042,0.38961663971356125,4.5,-0.06024533658898499,0.8873130218901896,False,115.12562373326635,205.87151221154488,0,3584,5,7,9,512.0,0.9999999999999999,True,1
qwen,vision,NExTVideo_0055_3446247254,Semantic,5,0.9925006343173325,3,0.9963317185544084,246.06356516071253,0,False,85835.25515825117,20362213.89259555,4,-0.6319494127140443,0.04997508741133867,True,1,False,0.6,1,1.8458884035903225,3.0824693689231504,1.3245623975415703,4.5,0.3758196998508757,0.35887779967800476,False,538.3992647050209,1117.4682613418959,0,1280,1,1,1,1280.0,1.0000000000000002,True,1
qwen,projector,NExTVideo_0055_3446247254,Semantic,5,0.6430134184099581,3,0.39208051062476923,7.854180591035944,0,False,5.286606280089961,18.983820701559143,3,-0.4646351801453401,0.17607325806800156,False,0,False,0.6,1,1.9140680192170045,2.0291057720184384,0.08885299846258966,0.5,-0.26671075473287964,0.5231267001703013,True,9.377182252927234,13.260060561119856,1,3584,7,8,9,448.0,1.0,True,1
qwen,hidden,NExTVideo_0055_3446247254,Semantic,5,0.918046248671537,4,0.47619586260397373,213.7246901214532,0,False,5180.5095361992535,49427.62565120945,1,-0.12270862382796978,0.7355802870269528,False,0,False,0.3,0,2.036507849969821,2.607991730363106,0.378444414097965,1.5,-0.424312564347763,0.2947483403858767,True,201.21261485529243,410.2039925314589,1,3584,4,6,8,597.3333333333334,1.0,True,1
qwen,vision,NExTVideo_0055_8727084602,Geometric,4,0.9910735579237646,4,0.9932426322876722,244.2296634516946,0,False,73933.36352781212,10610841.066401463,5,-0.5460533760344654,0.10247883425571196,True,1,False,0.5,0,2.0520843221091196,3.0721903289032495,1.062772511127254,0.5,-0.29277002188455997,0.48161781431215467,True,540.0043598113302,1159.314050923523,1,1280,1,1,1,1280.0,1.0,True,1
qwen,projector,NExTVideo_0055_8727084602,Geometric,4,0.4201630152269485,4,0.29452029851906103,9.581480638483942,0,False,7.965961362376731,44.94593498706069,5,-0.6135431191398488,0.059214812600234645,True,1,False,0.6,1,1.903318468634506,2.2786670694279807,0.20175727069204855,0.5,0.29277002188455997,0.48161781431215467,True,14.533938845813616,18.12974744875951,1,3584,7,8,9,448.0,1.0000000000000002,True,1
qwen,hidden,NExTVideo_0055_8727084602,Geometric,4,0.8512015542222915,4,0.5204036733268521,51.48528508308057,0,False,447.9622731989374,668.8081803803327,4,-0.6503557062882397,0.04174882166639041,True,1,False,0.7,1,1.8737270549273575,2.455105495834244,0.31285169783514155,3.5,0.29277002188455997,0.48161781431215467,False,55.458654674833596,80.45760739133719,0,3584,5,7,9,512.0,1.0,True,1
qwen,vision,NExTVideo_0056_3336398510,Semantic,3,0.9887941374325743,4,0.9923134776951923,231.02862847593687,0,False,62127.42883442163,16186001.476622075,5,0.43426904068873107,0.209828104837512,False,0,False,0.6,1,1.9770399989131657,3.079259031913268,1.2766119714895814,1.5,-0.09698572899377439,0.8192888780417207,True,536.2904681835344,1226.1197747431963,1,1280,1,1,1,1280.0,1.0,True,1
qwen,projector,NExTVideo_0056_3336398510,Semantic,3,0.4999136549535398,4,0.26722393485431534,9.674357906313942,0,False,6.873344874943891,34.76875275647645,1,-0.4526184367741704,0.18901697359902023,False,0,False,0.8,1,2.001131829142658,2.3165094512426627,0.15622625699785564,0.5,-0.4000661320993194,0.3260725127433412,True,13.37086047236343,15.091983389859436,1,3584,7,8,9,448.0,1.0,True,1
qwen,hidden,NExTVideo_0056_3336398510,Semantic,3,0.6145736898540083,3,0.4934757756544629,238.06111486010033,0,False,6315.7652151867715,22158.94316508049,6,-0.11621284187444918,0.7491899665487568,False,0,False,0.5,0,1.9583004366812484,2.7204336432774032,0.3597736679440072,2.5,-0.20609467411177057,0.6243753960778087,False,315.0086063904391,590.82062212727,0,3584,5,7,9,512.0,0.9999999999999999,True,1
qwen,vision,NExTVideo_0057_3381752581,Semantic,5,0.9821964204818586,3,0.9962587194629757,189.44565023411042,0,False,66452.88915915592,14767427.031172741,8,0.3926675962495032,0.2616781862729173,False,0,False,0.7,1,2.337083790035395,3.0879891238023656,1.2083860714839818,3.5,0.60616080621109,0.1111631317899513,False,672.2173212870612,1131.4055969086298,0,1280,1,1,1,1280.0,0.9999999999999998,True,1
qwen,projector,NExTVideo_0057_3381752581,Semantic,5,0.8648401439574348,3,0.3630779789513255,8.662846720267254,0,False,6.2918390669042985,15.590273611692421,2,-0.02454172476559395,0.9463472996802752,False,0,False,0.6,1,1.9472685473256024,2.0957832808403563,0.1506174475305073,3.5,-0.21821789023599236,0.6036450565101363,False,9.049354990499442,12.225608788496723,0,3584,6,8,9,448.0,1.0000000000000002,True,1
qwen,hidden,NExTVideo_0057_3381752581,Semantic,5,0.8532958883363505,4,0.4477825336181173,47.08487891804762,0,False,183.54398420336042,676.0309640724363,7,-0.1472503485935637,0.6847836760627853,False,0,False,0.8,1,1.9855656205348444,2.3853338478637482,0.26671615418055006,0.5,-0.060616080621109,0.8866229447346792,True,41.62727004463014,48.74900533700697,1,3584,5,7,9,512.0,0.9999999999999997,True,1
qwen,vision,NExTVideo_0057_7001078933,Semantic,6,0.9970164076090666,4,0.9955116934001635,465.6398408550213,0,False,90163.6671100567,25313190.66160728,3,0.11621284187444918,0.7491899665487568,False,0,False,0.9,1,2.3014284664417177,3.10414159469799,1.2716968402672366,4.5,0.19278507708475195,0.6473844523388663,False,747.2982429157994,1514.0763996839567,0,1280,1,1,1,1280.0,1.0,True,1
qwen,projector,NExTVideo_0057_7001078933,Semantic,6,0.8082961063145879,2,0.3933713071090835,9.972818872049594,0,False,8.313902510600865,30.250276171675615,2,0.11009637651263605,0.7620622290487753,False,0,False,0.9,1,1.9304198506052819,2.1291991894848064,0.10521950616307423,4.5,0.16868694244915797,0.689660806707391,False,10.053354235502448,13.66454571610905,0,3584,7,8,9,448.0,1.0000000000000002,True,1
qwen,hidden,NExTVideo_0057_7001078933,Semantic,6,0.014037632705590011,4,0.6441738843591207,86.20237803416458,0,False,538.034893860187,13375.785282205814,2,0.35890245974325125,0.30845401884134566,False,0,False,0.6,1,1.783783256111178,2.655478600915248,0.558887788043578,2.5,0.39761922148730094,0.32931690299077665,False,243.38557821294893,447.64898309571726,0,3584,5,6,8,597.3333333333334,0.9999999999999998,True,1
qwen,vision,NExTVideo_0059_2400084970,Geometric,6,0.4788283248734404,4,0.9971254407145261,37.23655821805328,0,False,25435.998587051457,3303836.222004684,4,-0.14067870332170163,0.698283582238183,False,0,False,0.6,1,2.7115208995132063,3.1193456104369393,0.9320977928551449,2.5,0.6386005678432409,0.08833208816147775,False,1161.135096896089,2006.0420999748594,0,1280,1,1,1,1280.0,1.0,True,1
qwen,projector,NExTVideo_0059_2400084970,Geometric,6,0.8550144215044417,2,0.42046111067853276,10.94039108589734,0,False,13.068711264242523,39.99505101227682,4,-0.428152575326918,0.21704604004813932,False,0,False,0.6,1,2.0722390908195676,2.332469088185816,0.20421586355034588,2.5,0.4458154907584889,0.26825005020123804,False,13.339595796135557,17.05706162997105,0,3584,7,8,9,448.0,0.9999999999999999,True,1
qwen,hidden,NExTVideo_0059_2400084970,Geometric,6,0.6120608230743442,4,0.40240441730664966,59.710128533367694,0,False,392.3458768970512,1262.3242845049813,8,-0.5137830903923015,0.12874302670679935,False,0,False,0.7,1,2.1937852717580046,2.71141659068608,0.3028016714920107,1.5,0.09639253854237598,0.8203804112381492,True,96.38049282058793,136.9784889005538,1,3584,6,8,9,448.0,1.0,True,1
qwen,vision,NExTVideo_0060_5856167780,Semantic,5,0.8373273334565883,3,0.995574565932391,47.558034242517834,0,False,33060.90805452887,11422387.392121647,5,-0.26382354123013496,0.4614050713614083,True,0,False,0.6,1,2.058490910542922,3.1002227972251144,1.303904037935208,0.5,0.060616080621109,0.8866229447346792,True,543.6639996650374,1137.1318686764328,1,1280,1,1,1,1280.0,1.0,True,1
qwen,projector,NExTVideo_0060_5856167780,Semantic,5,0.73567594506241,3,0.39242719811811394,8.96085532370482,0,False,6.095768440240649,52.15630607434607,9,0.8466895044129913,0.002000069990391186,False,0,False,0.9,1,1.92056529627536,2.146027599833508,0.1086479197829356,3.5,0.13335537736643982,0.7529072847094918,False,8.881229004632011,11.556836636555332,0,3584,7,8,9,448.0,1.0,True,1
qwen,hidden,NExTVideo_0060_5856167780,Semantic,5,0.4756303296203124,4,0.5487687734618963,0.828119080975796,0,False,0.09608004175228058,35.40726126872016,0,0.7853351924990064,0.007104492891121906,False,0,False,0.6,1,1.999144435337699,2.2265759141730515,0.16207785172465636,2.5,0.47280542884465016,0.23674621695900244,False,1.348796728059732,2.1308815930686675,0,3584,5,7,9,512.0,0.9999999999999999,True,1
qwen,vision,NExTVideo_0061_3530395394,Semantic,4,0.9991554254280135,4,0.9993871629103841,865.7188989739079,0,False,565920.8515774328,29417562.786762487,6,-0.5337825136516684,0.11202516929143758,False,0,False,0.7,1,1.1946083301170836,3.0679615304320365,1.3834101198693924,2.5,0.29277002188455997,0.48161781431215467,False,598.4341558938129,1097.757475289816,0,1280,1,1,1,1280.0,1.0,True,1
qwen,projector,NExTVideo_0061_3530395394,Semantic,4,0.9239582389319626,3,0.5686322591218878,15.370772459381058,0,False,26.42668057457299,79.98793324815813,2,-0.8160123484559988,0.003989144395287169,False,0,False,0.8,1,1.964590581286973,2.141072783572092,0.15303191502735075,2.5,0.5367450401216933,0.17018920126883436,False,12.47521848943402,14.667861355835065,0,3584,6,7,9,512.0,0.9999999999999998,True,1
qwen,hidden,NExTVideo_0061_3530395394,Semantic,4,0.7945396823996068,3,0.33889438448127096,4.831241825253948,0,False,2.829854487244193,13.290219550607862,1,-0.25768811003873643,0.4722704966281396,False,0,False,0.7,1,2.0521862965884856,2.5587312334754824,0.4055733465710587,1.5,0.5855400437691199,0.12724658986372073,True,7.335675539551579,10.779141038135656,1,3584,6,7,9,512.0,1.0,True,1
qwen,vision,NExTVideo_0000_5650793185,Semantic,4,0.9980796928399318,3,0.9983044131586895,565.6239079729365,0,False,247559.15011797613,36105463.17465169,5,-0.7362517429678186,0.015178866583822458,True,1,False,0.4,0,2.287360282401634,3.1198684407794457,1.165229314487717,0.5,-0.4879500364742666,0.2199438192418187,True,1484.5153204460591,3066.5278618116486,1,1280,1,1,1,1280.0,1.0,True,1
qwen,projector,NExTVideo_0000_5650793185,Semantic,4,0.5953965266186709,3,0.30608653866839347,8.617574074637886,0,False,5.275421160126124,29.66943010264352,5,-0.4584810717990442,0.18263438423998443,True,0,False,0.4,0,2.0750491433667166,2.351316891604041,0.22559815973378422,2.5,-0.19518001458970666,0.6432255386372303,False,13.371414492142776,16.937627056976694,0,3584,7,8,9,448.0,1.0,True,1
qwen,hidden,NExTVideo_0000_5650793185,Semantic,4,0.5125735031013292,3,0.25485070867514437,47.237809062879926,0,False,135.51637078624248,655.4257171077771,7,-0.23077906298609607,0.5212092064520633,False,0,False,0.5,0,2.0939795511867176,2.4402468585604153,0.19203958332858673,2.5,0.2439750182371333,0.560375584963329,False,71.10751490029725,85.73054949382028,0,3584,7,8,9,448.0,1.0,True,1
qwen,vision,NExTVideo_0002_10192494165,Geometric,4,0.991624593353242,3,0.9973306543002471,263.10466121110375,0,False,109285.9668963323,19848632.12538766,3,-0.17792750455055614,0.6228731846521808,True,0,False,0.7,1,1.9728378551525863,3.1023445183739207,1.2066354486545976,1.5,0.0,1.0,True,645.3391753139144,1272.8790143541316,1,1280,1,1,1,1280.0,1.0,True,1
qwen,projector,NExTVideo_0002_10192494165,Geometric,4,0.8744303630137098,3,0.5013018849959963,11.370950532011706,0,False,13.015486377764642,31.894819952211304,1,-0.0981668990623758,0.7873173648718517,False,0,False,0.6,1,1.9779983445453366,2.1712591944839033,0.12670680201918152,3.5,0.29277002188455997,0.48161781431215467,False,10.528790083111872,12.616782621964257,0,3584,7,8,9,448.0,0.9999999999999998,True,1
qwen,hidden,NExTVideo_0002_10192494165,Geometric,4,0.8973567729153283,3,0.44573247818333184,11.977132943909938,0,False,13.192218010191448,55.131289815811115,7,-0.08589603667957883,0.8134826260277104,False,0,False,0.6,1,1.927734897109557,2.2062256804921874,0.14648783574135343,3.5,0.43915503282683993,0.2763268401337456,False,11.020592900404866,13.38703121378609,0,3584,6,7,9,512.0,1.0,True,1
qwen,vision,NExTVideo_0003_5251212639,Geometric,4,0.9992004183188181,4,0.9928112105800946,381.1666916977862,0,False,23464.89380092377,16620723.94191871,6,0.0490834495311879,0.8928882547542834,False,0,False,0.6,1,1.9694246795505224,3.047392961619189,1.2272803904125305,3.5,0.2439750182371333,0.560375584963329,False,270.08399264830564,601.256925054275,0,1280,1,1,1,1280.0,1.0,True,1
qwen,projector,NExTVideo_0003_5251212639,Geometric,4,0.754970615061377,4,0.2402089402872374,7.075424946616663,0,False,3.0358355734948534,21.75085980869694,6,-0.38039673386670625,0.27819714502827286,False,0,False,0.3,0,1.9813188475385775,2.3896301346376307,0.21653198249704292,1.5,0.29277002188455997,0.48161781431215467,True,8.956795176310344,10.539437485396677,1,3584,7,8,9,448.0,1.0,True,1
qwen,hidden,NExTVideo_0003_5251212639,Geometric,4,0.923748322562103,4,0.3212551293827111,57.56366687133128,0,False,206.59480192252673,1136.5113524964086,4,-0.4540219081634881,0.18747727864654318,True,0,False,0.5,0,1.9999743214740704,2.250081988246192,0.19914409572370217,1.5,-0.09759000729485333,0.818177202735276,True,56.898370326087615,68.69195981094485,1,3584,6,8,9,448.0,1.0,True,1
qwen,vision,NExTVideo_0004_9525696229,Geometric,4,0.9984835130415002,4,0.9987344229331916,509.5875466374777,0,False,194691.42238347628,31021422.525202215,1,-0.42334475220649564,0.2228181042830319,False,0,False,0.5,0,1.2813942776181977,3.0994358675652034,1.3916451946191037,3.5,0.19518001458970666,0.6432255386372303,False,475.49535896990864,1441.728711890664,0,1280,1,1,1,1280.0,1.0000000000000002,True,1
qwen,projector,NExTVideo_0004_9525696229,Geometric,4,0.900833747574397,3,0.3683313147787465,9.654224987231045,0,False,7.838804650517309,103.14592658249755,2,-0.6074076879484503,0.06252817596740043,False,0,False,0.5,0,2.0128448525095504,2.533371126938117,0.22251473532844068,0.5,-0.2439750182371333,0.560375584963329,True,10.743773122533916,13.94359937845745,1,3584,7,8,9,448.0,1.0,True,1
qwen,hidden,NExTVideo_0004_9525696229,Geometric,4,0.7839984760201821,4,0.3699938471737584,3.007397913106315,0,False,0.8931219427779865,2.94062113305634,5,-0.31904242195272137,0.3688997595619156,True,0,False,0.6,1,2.042572970382428,2.5042021650744033,0.29284786525818524,3.5,0.3903600291794133,0.3390301832455655,False,3.8006398404928983,5.790305386526685,0,3584,6,7,9,512.0,1.0,True,1
qwen,vision,NExTVideo_0004_11566980553,Geometric,4,0.6009841295407992,3,0.9908957589222914,60.41633044685391,0,False,30925.91677825307,5782942.5875331145,6,-0.2945006971871274,0.4088058416972339,False,0,False,0.8,1,1.9711667589556474,3.087287645812123,1.1118869531566058,0.5,-0.8783100656536799,0.004103933720031569,True,643.636291030829,1785.8823948448055,1,1280,1,1,1,1280.0,1.0000000000000002,True,1
qwen,projector,NExTVideo_0004_11566980553,Geometric,4,0.7194025158609538,4,0.349649009864743,15.16416848628474,0,False,17.877401183427576,65.24559126187165,6,-0.3230906881805345,0.36251018771681515,False,0,False,0.6,1,1.9186198924657254,2.191199617016132,0.14165456861582112,1.5,0.5855400437691199,0.12724658986372073,True,17.028604684034477,27.78299100065931,1,3584,6,8,9,448.0,1.0,True,1
qwen,hidden,NExTVideo_0004_11566980553,Geometric,4,0.6125568015184644,4,0.33718048822560964,61.52459994339058,0,False,233.8877185243752,805.4107419339043,8,0.12270862382796978,0.7355802870269528,False,0,False,0.7,1,1.9558717691260563,2.2496025232181482,0.20305947974951896,1.5,-0.3903600291794133,0.3390301832455655,True,63.21653477243592,88.17077177856709,1,3584,7,8,9,448.0,1.0000000000000002,True,1
qwen,vision,NExTVideo_0005_3250020598,Semantic,4,0.9997135949831606,3,0.9980744179761222,1025.3654752120553,0,False,181877.43083995304,22592739.742727555,7,-0.6626265686710366,0.036802724508861656,False,0,False,0.7,1,2.3235303910073437,3.106350683532752,1.1498661573109963,2.5,0.43915503282683993,0.2763268401337456,False,797.8389066095192,1825.9299445963848,0,1280,1,1,1,1280.0,0.9999999999999999,True,1
qwen,projector,NExTVideo_0005_3250020598,Semantic,4,0.7663105654881701,3,0.28342091004118036,11.755029320584665,0,False,8.638420157064754,62.11698312111213,4,-0.8160123484559988,0.003989144395287169,True,1,False,0.6,1,1.9271620314154663,2.0733145715065873,0.09917382504576591,3.5,0.09759000729485333,0.818177202735276,False,12.096068814030284,16.12788326391963,0,3584,7,8,9,448.0,1.0,True,1
qwen,hidden,NExTVideo_0005_3250020598,Semantic,4,0.28212634119755453,4,0.5097345285102632,149.10543190029662,0,False,2744.099591835185,7992.702415954407,5,-0.7117100182022246,0.0209696283609166,True,1,False,0.8,1,1.8473836577300387,2.2329253476706983,0.30182915711364355,2.5,-0.09759000729485333,0.818177202735276,False,179.15302960104853,224.11025877344758,0,3584,5,6,9,597.3333333333334,1.0,True,1
qwen,vision,NExTVideo_0006_2478396375,Geometric,4,0.9990859224438468,3,0.9920261221320433,883.4797411382152,0,False,103144.44785478796,15264813.318268958,6,-0.31904242195272137,0.3688997595619156,False,0,False,0.8,1,1.9601799782033122,3.0438848517367476,1.027231663365973,1.5,-0.5855400437691199,0.12724658986372073,True,522.2833081735965,1122.7919262078099,1,1280,1,1,1,1280.0,0.9999999999999998,True,1
qwen,projector,NExTVideo_0006_2478396375,Geometric,4,0.5114157269046533,4,0.27620950336089095,14.156116056131363,0,False,15.544553801209892,82.02307208134366,8,-0.288365265995729,0.4190895266730382,False,0,False,0.6,1,2.086222844758794,2.4639633133169663,0.18282478347601447,3.5,0.19518001458970666,0.6432255386372303,False,22.90611821455909,28.639274526043387,0,3584,7,8,9,448.0,0.9999999999999999,True,1
qwen,hidden,NExTVideo_0006_2478396375,Geometric,4,0.7332247517403432,4,0.4140351482027724,3.8196353404549868,0,False,1.2490806411909354,5.5927513305470145,3,-0.27609440361293197,0.44001452222946114,True,0,False,0.6,1,2.072610822204559,2.2872496379466196,0.18465183104842753,2.5,0.8783100656536799,0.004103933720031569,False,5.295886562032822,7.003103118515078,0,3584,6,7,9,512.0,1.0,True,1
qwen,vision,NExTVideo_0008_2744507539,Semantic,4,0.9983969500004534,4,0.9945571333889812,672.417244397275,0,False,97930.57816319223,21307978.056652706,1,0.288365265995729,0.4190895266730382,False,0,False,0.8,1,1.5733710473317877,3.0662046308772934,1.2250166759251415,3.5,0.14638501094227999,0.7294239249593866,False,394.8427644978869,1013.9425228442111,0,1280,1,1,1,1280.0,1.0000000000000002,True,1
qwen,projector,NExTVideo_0008_2744507539,Semantic,4,0.07626403296197368,4,0.3007143695506349,12.058441989748534,0,False,7.8264003250216945,71.96698445284629,9,0.8405540732215928,0.002321778950091154,False,0,False,0.8,1,1.8567581725884226,2.030850636189034,0.11472311958208811,0.5,0.048795003647426664,0.9086544876553411,True,11.282711571369683,15.566653313720236,1,3584,6,8,9,448.0,1.0,True,1
qwen,hidden,NExTVideo_0008_2744507539,Semantic,4,0.9807691638520861,4,0.6754092277165157,392.25249409699387,0,False,11098.88535892851,10722.38406422134,2,0.1692379795231371,0.6402142579816155,False,0,False,0.6,1,1.9215030542010083,2.7334590450401843,0.47446102057244477,3.5,0.5855400437691199,0.12724658986372073,False,238.43850495481985,460.2770582767017,0,3584,4,5,7,716.8,1.0,True,1
qwen,vision,NExTVideo_0008_6320611157,Semantic,4,0.999531110317434,4,0.9964882779917135,1033.50807916854,0,False,131745.72501148,20162225.02442961,5,-0.1472503485935637,0.6847836760627853,True,0,False,0.5,0,2.341719405177206,3.094668453063558,1.0479900024290976,0.5,-0.09759000729485333,0.818177202735276,True,961.6529139549054,1519.2212002997096,1,1280,1,1,1,1280.0,1.0,True,1
qwen,projector,NExTVideo_0008_6320611157,Semantic,4,0.6162655036066284,4,0.2785000471253164,11.40247767922035,0,False,8.094628262002916,50.67049845033689,5,-0.28616603810275915,0.4228049263590463,True,0,False,0.6,1,2.025434763723867,2.2443371617112993,0.19326564261872875,0.5,-0.34156502553198664,0.4076337385331202,True,13.984989471003875,18.572089465958097,1,3584,7,8,9,448.0,1.0,True,1
qwen,hidden,NExTVideo_0008_6320611157,Semantic,4,0.9224657221311385,3,0.5989947197048027,87.14205036272918,0,False,698.6979337941935,723.7755227045025,7,0.20860466050754858,0.5630215067923303,False,0,False,0.6,1,2.147168451881342,2.6853373455637644,0.38081554107688836,3.5,-0.048795003647426664,0.9086544876553411,False,82.19564077433449,137.39852007794192,0,3584,5,6,9,597.3333333333334,1.0,True,1
qwen,vision,NExTVideo_0015_4609514164,Semantic,4,0.8787611235036443,4,0.9972997110755588,72.68205701040225,0,False,105134.65263094504,13570218.867144564,7,0.0061354311913984876,0.9865792494806584,False,0,False,0.6,1,1.5913994799473992,2.9831423131560535,1.3582042741163747,2.5,0.14638501094227999,0.7294239249593866,False,365.23388845010317,673.9016479628701,0,1280,1,1,1,1280.0,0.9999999999999998,True,1
qwen,projector,NExTVideo_0015_4609514164,Semantic,4,0.5655433115029525,4,0.2821654767162583,9.353487422586932,0,False,5.775395491989372,65.13491697473873,6,-0.49696992650327754,0.14392654659800444,False,0,False,0.5,0,2.0246559793717944,2.3212311706332907,0.15445174320694224,3.5,0.29277002188455997,0.48161781431215467,False,13.056694185868682,15.027869450486001,0,3584,7,8,9,448.0,1.0,True,1
qwen,hidden,NExTVideo_0015_4609514164,Semantic,4,0.6730703990415434,3,0.4752006424096072,65.08315547435825,0,False,617.6193987176553,1762.6719093726883,2,-0.28616603810275915,0.4228049263590463,False,0,False,0.6,1,2.1342934040285875,2.709595193347696,0.4477211068482465,2.5,0.14638501094227999,0.7294239249593866,False,125.78988752215162,198.69687929999122,0,3584,6,7,9,512.0,0.9999999999999999,True,1
qwen,vision,NExTVideo_0020_2454242177,Semantic,4,0.9949780768254585,4,0.9471081537647658,296.16528012093164,0,False,10794.019250843772,9719087.820503056,6,-0.042948018339789416,0.9062243097567702,False,0,False,0.8,1,1.9133116111687598,2.8675456351548783,1.0252323580434466,3.5,0.34156502553198664,0.4076337385331202,False,145.67408556348107,364.7293301691331,0,1280,1,2,6,640.0,0.9999999999999999,True,1
qwen,projector,NExTVideo_0020_2454242177,Semantic,4,0.7936096309769942,4,0.4719551945008378,16.311877324288055,0,False,24.545656765139903,53.75049448413139,6,-0.3006361283785259,0.398643511478881,False,0,False,0.8,1,1.9979495646835,2.166328651469887,0.09683922204858367,3.5,-0.2439750182371333,0.560375584963329,False,16.577888982936905,23.289615829250213,0,3584,6,8,9,448.0,0.9999999999999999,True,1
qwen,hidden,NExTVideo_0020_2454242177,Semantic,4,0.4413857246710621,3,0.32485213663273244,4.083596272814061,0,False,1.0094939373614171,12.660006806873552,7,-0.19019836693335312,0.5986683040717657,False,0,False,0.6,1,1.9608068870920718,2.3612231670841104,0.22606069698091882,2.5,0.14638501094227999,0.7294239249593866,False,4.605519948414004,6.962370864660737,0,3584,6,8,9,448.0,1.0,True,1
qwen,vision,NExTVideo_0020_9209893989,Geometric,4,0.997494761674072,4,0.9984276049414119,385.4872352731199,0,False,215123.65829738774,19158567.27840525,8,-0.19019836693335312,0.5986683040717657,False,0,False,0.6,1,1.692083515952112,3.070121711163698,1.1153178369112755,3.5,0.09759000729485333,0.818177202735276,False,509.87467423709893,1228.9601198191767,0,1280,1,1,1,1280.0,0.9999999999999998,True,1
qwen,projector,NExTVideo_0020_9209893989,Geometric,4,0.5772433722542132,3,0.3718512000916062,9.115273132699537,0,False,8.433262323950888,47.00687503843163,6,-0.1533857797849622,0.67225190847117,False,0,False,0.7,1,2.016341209779264,2.3892213986780377,0.25378387938703517,1.5,0.09759000729485333,0.818177202735276,True,14.570620085619584,18.63422770671138,1,3584,7,8,9,448.0,1.0000000000000002,True,1
qwen,hidden,NExTVideo_0020_9209893989,Geometric,4,0.04232521921689236,3,0.367754125580019,1.0099172166678305,0,False,0.07207134452247095,0.5197635919127052,1,-0.6012722567570518,0.06596104531283858,False,0,False,0.5,0,2.138153354518713,2.5489692283665186,0.345429460027249,0.5,-0.09759000729485333,0.818177202735276,True,1.6965891112379499,2.401820492779992,1,3584,6,7,9,512.0,1.0000000000000002,True,1
qwen,vision,NExTVideo_0028_3085751774,Semantic,4,0.9902204904656006,4,0.9991735165783295,214.41389099472264,0,False,357283.62873046054,34166128.97992102,2,0.06135431191398489,0.8662915258616978,False,0,False,0.6,1,2.7086566377627843,3.1150214970588737,0.9884602605348574,0.5,-0.4879500364742666,0.2199438192418187,True,1661.568458634763,2534.027722919685,1,1280,1,1,1,1280.0,1.0,True,1
qwen,projector,NExTVideo_0028_3085751774,Semantic,4,0.4803323839536565,4,0.2853451461907185,8.30381093388632,0,False,4.5288745896639595,52.367052688777235,1,-0.11043776144517278,0.7613423595548956,False,0,False,0.6,1,2.031602821946105,2.320175800164912,0.15587332224839998,3.5,0.5855400437691199,0.12724658986372073,False,11.16670863155023,14.69930495347153,0,3584,7,8,9,448.0,1.0,True,1
qwen,hidden,NExTVideo_0028_3085751774,Semantic,4,0.8808644226292102,4,0.4632719974293615,106.30027630898668,0,False,884.1018446298087,2033.0672879804065,8,0.2024692293161501,0.5748125526418609,False,0,False,0.6,1,2.0941568745928096,2.661787392961953,0.30544527746261674,2.5,-0.14638501094227999,0.7294239249593866,False,105.68344785574315,160.4912245847991,0,3584,6,7,9,512.0,1.0,True,1
qwen,vision,NExTVideo_0031_4006742735,Geometric,4,0.9983167585482201,4,0.9956451988526988,491.2193206021503,0,False,76026.79720399622,18728284.713535048,8,-0.12884405501936821,0.7227860826113411,False,0,False,0.6,1,1.6038912566462686,3.090780502702222,1.4051451639376398,3.5,-0.048795003647426664,0.9086544876553411,False,560.9422355980391,1161.661190674142,0,1280,1,1,1,1280.0,1.0,True,1
qwen,projector,NExTVideo_0031_4006742735,Geometric,4,0.33522293837509176,4,0.45215233606062066,7.723314183627004,0,False,4.5574416145822765,28.791418725943327,7,0.16565664216775916,0.6474077386053476,False,0,False,0.7,1,1.806876113684392,2.0254298808006785,0.19404753808543038,0.5,-0.34156502553198664,0.4076337385331202,True,9.651475279162902,12.604455645241522,1,3584,6,7,9,512.0,1.0000000000000002,True,1
qwen,hidden,NExTVideo_0031_4006742735,Geometric,4,0.043105492570390966,4,0.5915648390940529,6.214184334672327,0,False,3.011723008382365,40.20542323251764,7,0.10430233025377429,0.774304654354067,False,0,False,0.6,1,1.9290902029665205,2.6814755611232037,0.334208073064997,2.5,-0.09759000729485333,0.818177202735276,False,11.404362251699872,26.786392413715845,0,3584,5,6,8,597.3333333333334,1.0,True,1
qwen,vision,NExTVideo_0031_4805511103,Semantic,4,0.9998528036125304,2,0.9990621476786816,1333.8581209114536,0,False,338594.95643504185,33784913.02643479,2,-0.7784947058064309,0.007982792845947478,False,0,False,0.6,1,1.677344506351155,3.103045589533235,1.380529828753523,2.5,0.5855400437691199,0.12724658986372073,False,495.32028996142367,1065.4101048158955,0,1280,1,1,1,1280.0,1.0000000000000002,True,1
qwen,projector,NExTVideo_0031_4805511103,Semantic,4,0.8104829038737277,4,0.4881440311730201,10.108552787558578,0,False,10.12148697939589,29.093606607614824,4,-0.8400357892693897,0.0023505618844995033,True,1,False,0.6,1,1.9010561765675362,2.0863506248965384,0.09950866176616302,2.5,0.0,1.0,False,9.47477205372649,13.653758487357491,0,3584,6,7,9,512.0,1.0,True,1
qwen,hidden,NExTVideo_0031_4805511103,Semantic,4,0.41272623097275096,3,0.48451374147309095,89.63454361010838,0,False,695.6029176697843,7303.438062019441,3,-0.6319494127140443,0.04997508741133867,True,1,False,0.3,0,1.8602573642765092,2.3047870462173234,0.24886261651501435,1.5,0.09759000729485333,0.818177202735276,True,127.51480239556938,183.01746118863758,1,3584,6,8,9,448.0,0.9999999999999997,True,1
qwen,vision,NExTVideo_0031_5516830700,Semantic,4,0.97299645930173,4,0.9923315529946821,133.59385384244393,0,False,35865.86590871363,17058992.8041324,7,0.3619904402925108,0.30400466202339305,False,0,False,0.6,1,2.230952659966433,3.0994621719361453,1.166592458622586,2.5,0.048795003647426664,0.9086544876553411,False,456.05148672252477,1017.9375403793782,0,1280,1,1,1,1280.0,1.0,True,1
qwen,projector,NExTVideo_0031_5516830700,Semantic,4,0.8098631826126359,2,0.29761524544387896,9.13163783009299,0,False,5.711375959141871,21.8450854033033,2,-0.46015733935488656,0.18083317091172585,False,0,False,0.8,1,2.090431484303383,2.4688405919797436,0.19839416128362894,2.5,0.048795003647426664,0.9086544876553411,False,11.351883505495543,14.959622408090349,0,3584,7,8,9,448.0,1.0,True,1
qwen,hidden,NExTVideo_0031_5516830700,Semantic,4,0.8045104139949886,3,0.6398287837491043,129.82097511865047,0,False,3078.857345372836,3994.4751142029913,2,-0.11385100440647407,0.7541540858158435,False,0,False,0.5,0,1.897426858655356,2.8722053512023495,0.473943190230693,2.5,0.29277002188455997,0.48161781431215467,False,149.52941735596772,279.8761996340724,0,3584,3,5,8,716.8,0.9999999999999998,True,1
qwen,vision,NExTVideo_0033_2834146886,Geometric,4,0.9933333646462671,4,0.9855162531656554,440.2498176571361,0,False,52643.55617028916,15548495.874434436,2,0.5276470824602699,0.11700013173767009,False,0,False,0.9,1,1.8648722491019771,2.9432861407772246,1.032955963141147,2.5,0.09759000729485333,0.818177202735276,False,255.92260405029253,440.4349864527897,0,1280,1,1,2,1280.0,1.0,True,1
qwen,projector,NExTVideo_0033_2834146886,Geometric,4,0.8174895456105578,3,0.4045239589586882,16.12320640110164,0,False,22.717156760899368,96.16979775537486,2,-0.288365265995729,0.4190895266730382,False,0,False,0.9,1,1.9009730906280198,2.379822685737922,0.24842070218147358,1.5,0.19518001458970666,0.6432255386372303,True,17.456772163234575,23.656683089834452,1,3584,7,8,9,448.0,1.0,True,1
qwen,hidden,NExTVideo_0033_2834146886,Geometric,4,0.8951407011107312,3,0.4902402609595145,1.1742526910267344,0,False,0.19929569791440188,0.8845304243438509,4,-0.766928898924811,0.00963835937752333,True,1,False,0.7,1,1.915081877224384,2.4033461820956017,0.3300633152071599,0.5,0.09759000729485333,0.818177202735276,True,1.3987509321993572,2.1035916072757015,1,3584,5,6,8,597.3333333333334,1.0,True,1
qwen,vision,NExTVideo_0033_3105754589,Semantic,4,0.0768297232626266,4,0.9949940324358044,44.8348828767824,0,False,1134.0572576733696,280335.45729737345,1,-0.2945006971871274,0.4088058416972339,False,0,False,0.7,1,2.333037622868446,3.1101967379323856,1.2585403913333368,3.5,0.34156502553198664,0.4076337385331202,False,1071.1437799957612,1839.2897561147208,0,1280,1,1,1,1280.0,1.0,True,1
qwen,projector,NExTVideo_0033_3105754589,Semantic,4,0.5708364061455757,3,0.3368265862955878,13.577219866253717,0,False,17.132907813797754,127.33455743914737,6,-0.717845449393623,0.01939928907360013,False,0,False,0.7,1,1.9482924875074346,2.295040086460067,0.23259077322939484,1.5,-0.6343350474165467,0.09116266392027382,True,18.169744248493277,27.80255213045806,1,3584,6,7,9,512.0,1.0,True,1
qwen,hidden,NExTVideo_0033_3105754589,Semantic,4,0.3681716378085015,4,0.3365804403410832,8.403835372429919,0,False,4.941040864352462,23.152351277395987,6,-0.6319494127140443,0.04997508741133867,False,0,False,0.7,1,2.0002958653969083,2.491419035393106,0.20475541753083004,1.5,-0.2439750182371333,0.560375584963329,True,10.52579995292155,16.60571356960634,1,3584,6,7,9,512.0,1.0,True,1
qwen,vision,NExTVideo_0034_5296671076,Semantic,4,0.9800272662281634,4,0.9915199802296688,213.0309729093109,0,False,42443.24673413627,14014156.6165482,6,-0.0490834495311879,0.8928882547542834,False,0,False,0.6,1,2.315832465313324,3.0611921677039717,1.1232372379148923,1.5,-0.4879500364742666,0.2199438192418187,True,445.5765652390232,978.7495795436686,1,1280,1,1,1,1280.0,1.0,True,1
qwen,projector,NExTVideo_0034_5296671076,Semantic,4,0.5378304718548017,4,0.5661033056648063,10.912085903968716,0,False,11.69828838911619,38.71584305911946,6,-0.1533857797849622,0.67225190847117,False,0,False,0.6,1,1.9384726437582707,2.232035338372434,0.236366920652445,2.5,0.7319250547113999,0.03899827398782236,False,12.139541290106912,18.670255341462493,0,3584,5,7,8,512.0,1.0,True,1
qwen,hidden,NExTVideo_0034_5296671076,Semantic,4,0.752582357848322,4,0.5223723882827466,216.79008234786363,0,False,4634.4655666726,10110.140726360198,7,0.8344186420301943,0.0026792574101576305,False,0,False,0.8,1,1.8171656362210313,2.2647081290082105,0.2796900260578892,1.5,-0.5855400437691199,0.12724658986372073,True,147.09964570315196,263.78675521457535,1,3584,4,5,7,716.8,0.9999999999999999,True,1
qwen,vision,NExTVideo_0039_5351925965,Semantic,4,0.9671537999569663,4,0.9983743384975539,141.02810460751357,0,False,172283.95757410192,19821799.35773207,1,-0.14111491740216522,0.6973850724458668,False,0,False,0.8,1,2.2338451333404654,3.055090249390536,0.9362263102356707,0.5,-0.6831300510639733,0.06183472987214335,True,560.5192548359049,1170.232648714396,1,1280,1,1,1,1280.0,1.0000000000000002,True,1
qwen,projector,NExTVideo_0039_5351925965,Semantic,4,0.3467170764293884,2,0.40517516196671755,10.0889111988026,0,False,6.655779641202523,68.03724879566525,5,-0.8528249356043897,0.0017118949981063225,True,1,False,0.7,1,1.943784877041321,2.148888177988159,0.145170178555719,1.5,-0.048795003647426664,0.9086544876553411,True,10.359226289471762,13.90256714718339,1,3584,6,8,9,448.0,1.0,True,1
qwen,hidden,NExTVideo_0039_5351925965,Semantic,4,0.807335490274893,4,0.4271944359891422,10.553707039857686,0,False,7.481104773090378,44.80469866947125,5,0.3374487155269168,0.34030016731737633,True,0,False,0.6,1,2.0817258482503584,2.3602646976241437,0.2439067575686161,3.5,0.09759000729485333,0.818177202735276,False,9.796889567830544,14.095946792545062,0,3584,5,7,9,512.0,1.0000000000000002,True,1
